company,model_name,year,age,kms_driven,fuel_type,transmission,owner,Price,name,source,price_lakh
Honda,City,2001,25,98000,Petrol,Manual,second,185250,Honda City,kaggle_market,1.85
Toyota,Innova,2009,17,190000,Diesel,Manual,second,356250,Toyota Innova,kaggle_market,3.56
Volkswagen,Ventotest,2010,16,77246,Diesel,Manual,first,175749,Volkswagen Ventotest,kaggle_market,1.76
Maruti Suzuki,Swift,2017,9,83500,Diesel,Manual,second,536750,Maruti Suzuki Swift,kaggle_market,5.37
Maruti Suzuki,Baleno,2019,7,45000,Petrol,Automatic,first,650750,Maruti Suzuki Baleno,kaggle_market,6.51
Bmw,X3,2014,12,83000,Diesel,Automatic,first,1282500,Bmw X3,kaggle_market,12.82
Toyota,Innova,2014,12,168000,Diesel,Manual,second,973750,Toyota Innova,kaggle_market,9.74
Bmw,5 Series,2019,7,25000,Diesel,Automatic,second,5652500,Bmw 5 Series,kaggle_market,56.52
Maruti Suzuki,Maruti-Suzuki-Dzire,2020,6,33759,Petrol,Manual,second,590900,Maruti Suzuki Maruti-Suzuki-Dzire,kaggle_market,5.91
Ford,Ecosport,2017,9,69713,Petrol,Manual,second,616550,Ford Ecosport,kaggle_market,6.17
Maruti Suzuki,Alto-K10,2018,8,70000,Petrol,Automatic,first,375250,Maruti Suzuki Alto-K10,kaggle_market,3.75
Kia,Carnival,2021,5,25000,Diesel,Automatic,first,2755000,Kia Carnival,kaggle_market,27.55
Maruti Suzuki,Swift-Dzire,2012,14,72700,Petrol,Manual,second,228000,Maruti Suzuki Swift-Dzire,kaggle_market,2.28
Toyota,Corolla,2007,19,121931,Petrol,Automatic,second,191282,Toyota Corolla,kaggle_market,1.91
Hyundai,Xcent,2018,8,130000,Diesel,Manual,second,313500,Hyundai Xcent,kaggle_market,3.14
Kia,Seltos,2020,6,68000,Diesel,Manual,first,992750,Kia Seltos,kaggle_market,9.93
Maruti Suzuki,Ertiga,2016,10,65000,Diesel,Manual,second,745750,Maruti Suzuki Ertiga,kaggle_market,7.46
Maruti Suzuki,Ertiga,2017,9,59000,Petrol,Automatic,second,527250,Maruti Suzuki Ertiga,kaggle_market,5.27
Bmw,3 Series Gt,2015,11,61000,Diesel,Automatic,second,1425000,Bmw 3 Series Gt,kaggle_market,14.25
Ford,Endeavour,2019,7,77000,Diesel,Automatic,second,2279050,Ford Endeavour,kaggle_market,22.79
Toyota,Innova Crysta,2017,9,107000,Diesel,Automatic,first,1258750,Toyota Innova Crysta,kaggle_market,12.59
Honda,City,2010,16,99000,Petrol,Manual,first,280250,Honda City,kaggle_market,2.8
Audi,A3,2015,11,42000,Diesel,Automatic,second,997500,Audi A3,kaggle_market,9.98
Renault,Kwid,2019,7,48073,Petrol,Automatic,second,337250,Renault Kwid,kaggle_market,3.37
Mg,Hector,2019,7,32618,Petrol,Automatic,first,1187500,Mg Hector,kaggle_market,11.88
Maruti Suzuki,Swift-Dzire,2012,14,70000,Diesel,Manual,second,299250,Maruti Suzuki Swift-Dzire,kaggle_market,2.99
Maruti Suzuki,Celerio,2014,12,51000,Petrol,Automatic,second,327750,Maruti Suzuki Celerio,kaggle_market,3.28
Maruti Suzuki,Vitara-Brezza,2018,8,137000,Diesel,Manual,first,802750,Maruti Suzuki Vitara-Brezza,kaggle_market,8.03
Toyota,2.8 Legender 4X2,2023,3,1996,Diesel,Automatic,first,3985250,Toyota 2.8 Legender 4X2,kaggle_market,39.85
Toyota,Innova Crysta,2017,9,90000,Diesel,Manual,second,1852500,Toyota Innova Crysta,kaggle_market,18.52
Toyota,Innova,2011,15,84000,Diesel,Manual,second,465500,Toyota Innova,kaggle_market,4.66
Volvo,S90,2018,8,53000,Diesel,Automatic,first,2802500,Volvo S90,kaggle_market,28.02
Hyundai,Venue,2021,5,17000,Petrol,Manual,first,650750,Hyundai Venue,kaggle_market,6.51
Maruti Suzuki,Ertiga,2018,8,70000,Petrol,Manual,second,711550,Maruti Suzuki Ertiga,kaggle_market,7.12
Hyundai,Creta,2023,3,5000,Petrol,Automatic,first,1520000,Hyundai Creta,kaggle_market,15.2
Hyundai,Alcazar,2022,4,47110,Diesel,Manual,second,1610250,Hyundai Alcazar,kaggle_market,16.1
Hyundai,I20,2019,7,35000,Petrol,Manual,first,555750,Hyundai I20,kaggle_market,5.56
Mercedes-Benz,E-Class,2019,7,101570,Diesel,Automatic,first,3990000,Mercedes-Benz E-Class,kaggle_market,39.9
Volkswagen,Polo,2021,5,42000,Petrol,Manual,second,641250,Volkswagen Polo,kaggle_market,6.41
Maruti Suzuki,Baleno,2018,8,30000,Petrol,Manual,second,598500,Maruti Suzuki Baleno,kaggle_market,5.98
Hyundai,Verna,2016,10,82100,Diesel,Manual,second,441750,Hyundai Verna,kaggle_market,4.42
Audi,A4,2012,14,90000,Diesel,Automatic,second,854050,Audi A4,kaggle_market,8.54
Toyota,Fortuner,2011,15,193000,Diesel,Manual,second,1068750,Toyota Fortuner,kaggle_market,10.69
Mercedes-Benz,C-Class,2015,11,65000,Diesel,Automatic,first,1662500,Mercedes-Benz C-Class,kaggle_market,16.62
Hyundai,Creta,2022,4,30000,Petrol,Automatic,second,1605500,Hyundai Creta,kaggle_market,16.06
Maruti Suzuki,Swift-Dzire,2020,6,94856,Petrol,Manual,first,655500,Maruti Suzuki Swift-Dzire,kaggle_market,6.56
Skoda,Kushaq,2023,3,12000,Petrol,Automatic,first,1710000,Skoda Kushaq,kaggle_market,17.1
Tata,Safari,2010,16,500000,Diesel,Manual,first,760000,Tata Safari,kaggle_market,7.6
Toyota,Innova Crysta,2018,8,118000,Diesel,Automatic,first,1705250,Toyota Innova Crysta,kaggle_market,17.05
Mercedes-Benz,C-Class,2016,10,41000,Petrol,Automatic,second,1900000,Mercedes-Benz C-Class,kaggle_market,19.0
Honda,City,2010,16,79000,Petrol,Manual,second,275500,Honda City,kaggle_market,2.76
Honda,Brv,2016,10,103001,Diesel,Manual,second,527777,Honda Brv,kaggle_market,5.28
Hyundai,Creta,2017,9,70000,Petrol,Manual,second,726750,Hyundai Creta,kaggle_market,7.27
Renault,Duster,2018,8,130000,Diesel,Manual,first,655500,Renault Duster,kaggle_market,6.56
Maruti Suzuki,Wagon-R,2011,15,78000,Petrol,Manual,second,213750,Maruti Suzuki Wagon-R,kaggle_market,2.14
Toyota,Fortuner,2017,9,115000,Diesel,Automatic,second,2270500,Toyota Fortuner,kaggle_market,22.7
Mahindra,Bolero Power Plus,2017,9,160000,Diesel,Manual,second,522500,Mahindra Bolero Power Plus,kaggle_market,5.22
Hyundai,Eon,2017,9,27000,Petrol,Manual,second,285000,Hyundai Eon,kaggle_market,2.85
Mg,Hector Plus,2020,6,81600,Petrol,Automatic,first,969950,Mg Hector Plus,kaggle_market,9.7
Hyundai,Creta,2017,9,54000,Petrol,Automatic,first,770450,Hyundai Creta,kaggle_market,7.7
Mahindra,Xuv500,2018,8,76000,Diesel,Manual,first,1068750,Mahindra Xuv500,kaggle_market,10.69
Mercedes-Benz,Gls,2014,12,86000,Diesel,Automatic,first,2850000,Mercedes-Benz Gls,kaggle_market,28.5
Hyundai,I10,2011,15,65000,Petrol,Manual,second,109250,Hyundai I10,kaggle_market,1.09
Mercedes-Benz,Gla Class,2018,8,60000,Diesel,Automatic,second,1377500,Mercedes-Benz Gla Class,kaggle_market,13.78
Kia,Carens,2023,3,24000,Petrol,Manual,first,1163750,Kia Carens,kaggle_market,11.64
Toyota,Innova,2011,15,100231,Diesel,Manual,second,407646,Toyota Innova,kaggle_market,4.08
Maruti Suzuki,Ignis,2023,3,13000,Petrol,Manual,second,579500,Maruti Suzuki Ignis,kaggle_market,5.8
Hyundai,Grand I10,2017,9,47000,Petrol,Manual,first,493999,Hyundai Grand I10,kaggle_market,4.94
Hyundai,Getz Prime,2007,19,115031,Petrol,Manual,second,133000,Hyundai Getz Prime,kaggle_market,1.33
Maruti Suzuki,Swift,2014,12,67000,Petrol,Manual,first,266000,Maruti Suzuki Swift,kaggle_market,2.66
Hyundai,Xcent,2016,10,74500,Diesel,Manual,first,403750,Hyundai Xcent,kaggle_market,4.04
Honda,City,2016,10,93000,Petrol,Automatic,second,546250,Honda City,kaggle_market,5.46
Maruti Suzuki,Ritz,2015,11,59000,Petrol,Manual,first,280250,Maruti Suzuki Ritz,kaggle_market,2.8
Toyota,Innova Crysta,2017,9,79000,Diesel,Automatic,second,1638750,Toyota Innova Crysta,kaggle_market,16.39
Hyundai,Verna,2022,4,69000,Diesel,Automatic,first,1187500,Hyundai Verna,kaggle_market,11.88
Hyundai,Creta,2015,11,76000,Diesel,Automatic,second,617500,Hyundai Creta,kaggle_market,6.18
Kia,Sonet,2020,6,34500,Petrol,Automatic,first,888250,Kia Sonet,kaggle_market,8.88
Ford,Ecosport,2016,10,130000,Diesel,Manual,second,380000,Ford Ecosport,kaggle_market,3.8
Mercedes-Benz,Glc Coupe,2022,4,20000,Diesel,Automatic,first,7125000,Mercedes-Benz Glc Coupe,kaggle_market,71.25
Mahindra,Scorpio-N,2023,3,15905,Diesel,Automatic,first,2232500,Mahindra Scorpio-N,kaggle_market,22.32
Toyota,Innova Crysta,2021,5,21000,Diesel,Manual,first,2018750,Toyota Innova Crysta,kaggle_market,20.19
Mini,Cooper 3 Door,2019,7,13000,Petrol,Automatic,first,3752500,Mini Cooper 3 Door,kaggle_market,37.52
Maruti Suzuki,Ertiga,2015,11,75000,Diesel,Manual,first,413250,Maruti Suzuki Ertiga,kaggle_market,4.13
Volkswagen,Polo,2012,14,80000,Diesel,Manual,second,285000,Volkswagen Polo,kaggle_market,2.85
Maruti Suzuki,Wagon-R,2016,10,50000,Petrol,Manual,first,232750,Maruti Suzuki Wagon-R,kaggle_market,2.33
Tata,Nexon,2022,4,40000,Petrol,Automatic,second,646000,Tata Nexon,kaggle_market,6.46
Maruti Suzuki,Ritz,2013,13,87000,Diesel,Manual,first,365750,Maruti Suzuki Ritz,kaggle_market,3.66
Toyota,Etios,2015,11,155000,Diesel,Manual,second,559550,Toyota Etios,kaggle_market,5.6
Volkswagen,Crosspolo,2014,12,80000,Diesel,Manual,second,403750,Volkswagen Crosspolo,kaggle_market,4.04
Maruti Suzuki,Wagon-R,2014,12,84000,Petrol,Manual,second,251750,Maruti Suzuki Wagon-R,kaggle_market,2.52
Volkswagen,Polo,2021,5,18000,Petrol,Automatic,first,807500,Volkswagen Polo,kaggle_market,8.07
Maruti Suzuki,Baleno,2017,9,47000,Petrol,Automatic,first,546250,Maruti Suzuki Baleno,kaggle_market,5.46
Volkswagen,Vento,2011,15,134000,Diesel,Manual,first,403750,Volkswagen Vento,kaggle_market,4.04
Maruti Suzuki,Alto-K10,2011,15,82000,Petrol,Manual,first,171000,Maruti Suzuki Alto-K10,kaggle_market,1.71
Maruti Suzuki,Celerio,2015,11,35000,Petrol,Automatic,first,403750,Maruti Suzuki Celerio,kaggle_market,4.04
Renault,Duster,2015,11,150000,Diesel,Automatic,second,427500,Renault Duster,kaggle_market,4.28
Toyota,Fortuner,2012,14,132000,Diesel,Manual,first,1040250,Toyota Fortuner,kaggle_market,10.4
Land Rover,Range Rover Evoque,2017,9,130000,Petrol,Automatic,second,2375000,Land Rover Range Rover Evoque,kaggle_market,23.75
Maruti Suzuki,Ertiga,2020,6,59000,Petrol,Automatic,first,931000,Maruti Suzuki Ertiga,kaggle_market,9.31
Tata,Nexon,2018,8,95000,Petrol,Automatic,second,546250,Tata Nexon,kaggle_market,5.46
Tata,Indigo Ecs,2016,10,115000,Diesel,Manual,second,104500,Tata Indigo Ecs,kaggle_market,1.04
Mahindra,Thar,2022,4,11000,Diesel,Manual,first,1591250,Mahindra Thar,kaggle_market,15.91
Toyota,Camry,2015,11,68000,Petrol,Automatic,second,1125750,Toyota Camry,kaggle_market,11.26
Skoda,Kushaq,2021,5,74000,Petrol,Automatic,first,1139050,Skoda Kushaq,kaggle_market,11.39
Maruti Suzuki,Ritz,2012,14,88000,Petrol,Manual,first,365750,Maruti Suzuki Ritz,kaggle_market,3.66
Hyundai,Grand I10,2014,12,47000,Petrol,Automatic,second,432250,Hyundai Grand I10,kaggle_market,4.32
Honda,Brio,2012,14,68000,Petrol,Manual,first,223250,Honda Brio,kaggle_market,2.23
Honda,City Zx,2007,19,115000,Petrol,Manual,second,251750,Honda City Zx,kaggle_market,2.52
Hyundai,I10,2011,15,50000,Petrol,Manual,second,142500,Hyundai I10,kaggle_market,1.42
Honda,Wrv,2017,9,98000,Diesel,Manual,first,570000,Honda Wrv,kaggle_market,5.7
Land Rover,Discovery Sport,2019,7,62000,Diesel,Automatic,first,2944050,Land Rover Discovery Sport,kaggle_market,29.44
Tata,Harrier,2019,7,67000,Diesel,Manual,second,854050,Tata Harrier,kaggle_market,8.54
Tata,Zest,2015,11,69000,Petrol,Manual,second,323000,Tata Zest,kaggle_market,3.23
Maruti Suzuki,Eeco,2021,5,49000,Petrol,Manual,first,513000,Maruti Suzuki Eeco,kaggle_market,5.13
Maruti Suzuki,Swift-Dzire,2013,13,162000,Diesel,Manual,second,370500,Maruti Suzuki Swift-Dzire,kaggle_market,3.7
Toyota,Fortuner,2018,8,86000,Diesel,Manual,first,2374050,Toyota Fortuner,kaggle_market,23.74
Hyundai,Creta,2023,3,35000,Diesel,Automatic,first,1923750,Hyundai Creta,kaggle_market,19.24
Maruti Suzuki,Wagon-R,2014,12,38000,Petrol,Manual,first,351500,Maruti Suzuki Wagon-R,kaggle_market,3.52
Hyundai,Creta,2020,6,105000,Diesel,Manual,first,997500,Hyundai Creta,kaggle_market,9.98
Toyota,2.8 Legender 4X2,2022,4,25500,Diesel,Automatic,first,3989999,Toyota 2.8 Legender 4X2,kaggle_market,39.9
Maruti Suzuki,Swift Dzire,2015,11,67000,Petrol,Manual,first,427500,Maruti Suzuki Swift Dzire,kaggle_market,4.28
Volkswagen,Ventotest,2016,10,78000,Petrol,Automatic,first,527250,Volkswagen Ventotest,kaggle_market,5.27
Toyota,Innova,2006,20,191000,Diesel,Manual,first,280250,Toyota Innova,kaggle_market,2.8
Hyundai,Creta,2018,8,66000,Petrol,Automatic,second,1021250,Hyundai Creta,kaggle_market,10.21
Toyota,Innova Crysta,2016,10,75000,Diesel,Manual,first,1406000,Toyota Innova Crysta,kaggle_market,14.06
Maruti Suzuki,Vitara-Brezza,2018,8,85600,Diesel,Manual,first,712500,Maruti Suzuki Vitara-Brezza,kaggle_market,7.12
Maruti Suzuki,Ertiga,2012,14,155000,Diesel,Manual,second,617500,Maruti Suzuki Ertiga,kaggle_market,6.18
Hyundai,I10,2010,16,46000,Petrol,Manual,second,74100,Hyundai I10,kaggle_market,0.74
Maruti Suzuki,Ciaz,2015,11,68000,Petrol,Manual,first,313500,Maruti Suzuki Ciaz,kaggle_market,3.14
Ford,Ecosport,2018,8,73000,Petrol,Automatic,first,560500,Ford Ecosport,kaggle_market,5.6
Honda,City,2011,15,74000,Petrol,Automatic,second,356250,Honda City,kaggle_market,3.56
Maruti Suzuki,Swift,2018,8,65000,Petrol,Automatic,second,560500,Maruti Suzuki Swift,kaggle_market,5.6
Audi,A4,2021,5,50000,Petrol,Automatic,first,3087500,Audi A4,kaggle_market,30.88
Honda,City,2014,12,61000,Petrol,Automatic,first,650750,Honda City,kaggle_market,6.51
Maruti Suzuki,Swift,2005,21,98000,Petrol,Manual,second,152000,Maruti Suzuki Swift,kaggle_market,1.52
Mahindra,Xuv500,2017,9,76000,Diesel,Automatic,second,722000,Mahindra Xuv500,kaggle_market,7.22
Mahindra,Xuv500,2016,10,89100,Diesel,Manual,second,722000,Mahindra Xuv500,kaggle_market,7.22
Volkswagen,Polo,2018,8,73961,Petrol,Automatic,second,888250,Volkswagen Polo,kaggle_market,8.88
Ford,Endeavour,2019,7,60000,Diesel,Automatic,first,2603000,Ford Endeavour,kaggle_market,26.03
Mahindra,Thar,2018,8,46850,Diesel,Manual,second,836000,Mahindra Thar,kaggle_market,8.36
Mahindra,Thar,2023,3,28000,Diesel,Automatic,first,1695750,Mahindra Thar,kaggle_market,16.96
Mahindra,Xuv500,2013,13,99000,Diesel,Manual,second,446500,Mahindra Xuv500,kaggle_market,4.46
Maruti Suzuki,Sx4,2009,17,56328,Petrol,Manual,first,251750,Maruti Suzuki Sx4,kaggle_market,2.52
Hyundai,Creta,2018,8,127000,Diesel,Manual,first,945250,Hyundai Creta,kaggle_market,9.45
Mercedes-Benz,C-Class,2013,13,78000,Petrol,Automatic,second,750500,Mercedes-Benz C-Class,kaggle_market,7.5
Toyota,Innova Crysta,2022,4,31000,Diesel,Automatic,first,2565000,Toyota Innova Crysta,kaggle_market,25.65
Skoda,Kodiaq,2020,6,57000,Diesel,Automatic,first,2892750,Skoda Kodiaq,kaggle_market,28.93
Ford,Endeavour,2017,9,70000,Diesel,Automatic,second,2517500,Ford Endeavour,kaggle_market,25.18
Hyundai,Eon,2014,12,41453,Petrol,Manual,second,209000,Hyundai Eon,kaggle_market,2.09
Tata,Altroz,2021,5,33000,Petrol,Manual,first,517750,Tata Altroz,kaggle_market,5.18
Maruti Suzuki,Celerio,2018,8,37000,Petrol,Automatic,second,437000,Maruti Suzuki Celerio,kaggle_market,4.37
Volkswagen,Polo,2015,11,65000,Petrol,Manual,first,356250,Volkswagen Polo,kaggle_market,3.56
Hyundai,Grand I10 Nios,2022,4,36000,Petrol,Automatic,first,655500,Hyundai Grand I10 Nios,kaggle_market,6.56
Toyota,Camry,2016,10,130000,Petrol,Automatic,second,1329999,Toyota Camry,kaggle_market,13.3
Maruti Suzuki,Alto-800,2013,13,100000,Petrol,Manual,second,152000,Maruti Suzuki Alto-800,kaggle_market,1.52
Bmw,X1,2016,10,93000,Diesel,Automatic,first,1995000,Bmw X1,kaggle_market,19.95
Hyundai,Creta,2019,7,48000,Diesel,Manual,first,1011750,Hyundai Creta,kaggle_market,10.12
Bmw,X5,2016,10,63000,Diesel,Automatic,second,2175500,Bmw X5,kaggle_market,21.76
Hyundai,I20,2015,11,85000,Diesel,Manual,second,532000,Hyundai I20,kaggle_market,5.32
Skoda,Rapid,2017,9,70000,Diesel,Automatic,first,712500,Skoda Rapid,kaggle_market,7.12
Hyundai,Verna,2013,13,59000,Petrol,Manual,second,403750,Hyundai Verna,kaggle_market,4.04
Mahindra,Tuv,2015,11,72000,Diesel,Automatic,second,370500,Mahindra Tuv,kaggle_market,3.7
Mercedes-Benz,E-Class,2012,14,74000,Diesel,Automatic,second,1230250,Mercedes-Benz E-Class,kaggle_market,12.3
Honda,City,2018,8,78127,Diesel,Manual,first,745750,Honda City,kaggle_market,7.46
Maruti Suzuki,Ciaz,2020,6,26000,Petrol,Manual,first,736250,Maruti Suzuki Ciaz,kaggle_market,7.36
Renault,Kwid,2017,9,65663,Petrol,Automatic,second,308750,Renault Kwid,kaggle_market,3.09
Bmw,5 Series,2018,8,24000,Petrol,Automatic,first,3989050,Bmw 5 Series,kaggle_market,39.89
Toyota,Fortuner,2015,11,160000,Diesel,Automatic,second,1187500,Toyota Fortuner,kaggle_market,11.88
Volkswagen,Polo,2020,6,79000,Petrol,Manual,second,688750,Volkswagen Polo,kaggle_market,6.89
Maruti Suzuki,Baleno,2018,8,31000,Petrol,Manual,first,521550,Maruti Suzuki Baleno,kaggle_market,5.22
Hyundai,Creta,2019,7,55000,Diesel,Automatic,first,1234999,Hyundai Creta,kaggle_market,12.35
Maruti Suzuki,Swift Dzire,2015,11,89000,Diesel,Manual,second,409450,Maruti Suzuki Swift Dzire,kaggle_market,4.09
Hyundai,Alcazar,2022,4,37000,Diesel,Automatic,first,1729000,Hyundai Alcazar,kaggle_market,17.29
Maruti Suzuki,Alto K10,2016,10,56000,Petrol,Manual,first,261250,Maruti Suzuki Alto K10,kaggle_market,2.61
Mercedes-Benz,M-Class,2015,11,75000,Diesel,Automatic,first,2327500,Mercedes-Benz M-Class,kaggle_market,23.28
Honda,Brio,2014,12,32001,Petrol,Manual,second,280250,Honda Brio,kaggle_market,2.8
Maruti Suzuki,Swift-Dzire,2024,2,22000,Petrol,Manual,first,247000,Maruti Suzuki Swift-Dzire,kaggle_market,2.47
Hyundai,I20,2010,16,45000,Petrol,Manual,second,142500,Hyundai I20,kaggle_market,1.42
Toyota,Fortuner,2021,5,60000,Petrol,Automatic,first,3040000,Toyota Fortuner,kaggle_market,30.4
Kia,Seltos,2021,5,41000,Petrol,Automatic,first,1320500,Kia Seltos,kaggle_market,13.2
Volkswagen,Polo,2015,11,51000,Petrol,Manual,second,474999,Volkswagen Polo,kaggle_market,4.75
Toyota,Glanza,2021,5,28000,Petrol,Automatic,second,712500,Toyota Glanza,kaggle_market,7.12
Bmw,5 Series,2019,7,38000,Diesel,Automatic,first,4227500,Bmw 5 Series,kaggle_market,42.28
Skoda,Rapid,2019,7,64800,Diesel,Automatic,first,759050,Skoda Rapid,kaggle_market,7.59
Jeep,Compass,2022,4,17300,Petrol,Automatic,first,1895250,Jeep Compass,kaggle_market,18.95
Volkswagen,Ventotest,2013,13,38000,Petrol,Manual,first,277400,Volkswagen Ventotest,kaggle_market,2.77
Honda,City,2011,15,95000,Petrol,Automatic,second,266000,Honda City,kaggle_market,2.66
Honda,Brio,2012,14,72000,Petrol,Manual,first,156750,Honda Brio,kaggle_market,1.57
Maruti Suzuki,Ertiga,2016,10,135000,Diesel,Manual,second,831250,Maruti Suzuki Ertiga,kaggle_market,8.31
Toyota,Etios,2012,14,135000,Diesel,Manual,second,375250,Toyota Etios,kaggle_market,3.75
Volkswagen,Ventotest,2019,7,160000,Diesel,Manual,first,660250,Volkswagen Ventotest,kaggle_market,6.6
Tata,Harrier,2022,4,14000,Diesel,Automatic,first,1781250,Tata Harrier,kaggle_market,17.81
Kia,Seltos,2020,6,50200,Petrol,Automatic,first,1235000,Kia Seltos,kaggle_market,12.35
Maruti Suzuki,Alto-800,2014,12,47000,Petrol,Manual,first,242250,Maruti Suzuki Alto-800,kaggle_market,2.42
Honda,City,2011,15,59600,Petrol,Manual,second,199500,Honda City,kaggle_market,2.0
Maruti Suzuki,Ritz,2010,16,8000,Petrol,Automatic,second,175750,Maruti Suzuki Ritz,kaggle_market,1.76
Maruti Suzuki,Wagon-R,2023,3,30000,Petrol,Manual,first,641250,Maruti Suzuki Wagon-R,kaggle_market,6.41
Renault,Kwid,2017,9,54000,Petrol,Automatic,second,346750,Renault Kwid,kaggle_market,3.47
Maruti Suzuki,Omni,1998,28,80000,Petrol,Manual,second,71250,Maruti Suzuki Omni,kaggle_market,0.71
Chevrolet,Cruze,2011,15,100000,Diesel,Automatic,second,280250,Chevrolet Cruze,kaggle_market,2.8
Mahindra,Xuv500,2017,9,48000,Diesel,Automatic,first,1139999,Mahindra Xuv500,kaggle_market,11.4
Hyundai,Verna,2013,13,150000,Diesel,Automatic,second,389500,Hyundai Verna,kaggle_market,3.9
Hyundai,Creta,2016,10,63000,Petrol,Manual,second,617500,Hyundai Creta,kaggle_market,6.18
Toyota,Fortuner,2014,12,333000,Diesel,Automatic,second,1372750,Toyota Fortuner,kaggle_market,13.73
Honda,City,2018,8,62000,Petrol,Manual,first,660250,Honda City,kaggle_market,6.6
Honda,Amaze,2021,5,56001,Diesel,Automatic,first,1068750,Honda Amaze,kaggle_market,10.69
Toyota,Innova Crysta,2017,9,25000,Diesel,Manual,first,1486750,Toyota Innova Crysta,kaggle_market,14.87
Honda,Jazz,2015,11,68001,Petrol,Manual,second,421800,Honda Jazz,kaggle_market,4.22
Renault,Scala,2013,13,72000,Diesel,Manual,first,327750,Renault Scala,kaggle_market,3.28
Bmw,3 Series Gt,2019,7,50000,Diesel,Automatic,second,2541250,Bmw 3 Series Gt,kaggle_market,25.41
Honda,City,2016,10,95000,Petrol,Manual,second,508250,Honda City,kaggle_market,5.08
Maruti Suzuki,S-Presso,2021,5,39000,Petrol,Automatic,first,441750,Maruti Suzuki S-Presso,kaggle_market,4.42
Mahindra,Xuv500,2013,13,60000,Diesel,Manual,second,660250,Mahindra Xuv500,kaggle_market,6.6
Hyundai,Tucson,2017,9,72315,Diesel,Automatic,second,983250,Hyundai Tucson,kaggle_market,9.83
Hyundai,Verna,2014,12,82000,Petrol,Automatic,second,370500,Hyundai Verna,kaggle_market,3.7
Maruti Suzuki,Alto,2019,7,85000,Petrol,Automatic,second,266000,Maruti Suzuki Alto,kaggle_market,2.66
Hyundai,Santa Fe,2016,10,64000,Diesel,Automatic,first,1182750,Hyundai Santa Fe,kaggle_market,11.83
Hyundai,Xcent,2016,10,68500,Petrol,Manual,second,418000,Hyundai Xcent,kaggle_market,4.18
Maruti Suzuki,Dzire,2022,4,44000,Petrol,Automatic,first,741000,Maruti Suzuki Dzire,kaggle_market,7.41
Maruti Suzuki,Swift,2019,7,59000,Petrol,Manual,first,513000,Maruti Suzuki Swift,kaggle_market,5.13
Mg,Astor,2022,4,32000,Petrol,Automatic,first,1211250,Mg Astor,kaggle_market,12.11
Audi,Q7,2014,12,45000,Diesel,Automatic,second,1140000,Audi Q7,kaggle_market,11.4
Volkswagen,Ventotest,2016,10,130000,Petrol,Automatic,second,498750,Volkswagen Ventotest,kaggle_market,4.99
Toyota,Innova Crysta,2017,9,112000,Diesel,Automatic,first,1473555,Toyota Innova Crysta,kaggle_market,14.74
Mini,Cooper 5 Door,2014,12,32000,Diesel,Automatic,second,1805000,Mini Cooper 5 Door,kaggle_market,18.05
Renault,Kwid,2017,9,78537,Petrol,Automatic,first,356250,Renault Kwid,kaggle_market,3.56
Volkswagen,Ventotest,2018,8,70673,Diesel,Automatic,first,736250,Volkswagen Ventotest,kaggle_market,7.36
Maruti Suzuki,Baleno,2018,8,39848,Petrol,Manual,first,455934,Maruti Suzuki Baleno,kaggle_market,4.56
Audi,Q3,2016,10,77000,Diesel,Automatic,first,1425000,Audi Q3,kaggle_market,14.25
Maruti Suzuki,Alto,2008,18,111400,Petrol,Manual,second,142500,Maruti Suzuki Alto,kaggle_market,1.42
Toyota,Fortuner,2017,9,30000,Diesel,Automatic,second,3320250,Toyota Fortuner,kaggle_market,33.2
Skoda,Rapid,2015,11,82000,Diesel,Automatic,second,308750,Skoda Rapid,kaggle_market,3.09
Maruti Suzuki,Swift-Dzire,2013,13,89000,Diesel,Manual,second,342950,Maruti Suzuki Swift-Dzire,kaggle_market,3.43
Toyota,Fortuner,2015,11,195000,Diesel,Automatic,first,1472500,Toyota Fortuner,kaggle_market,14.72
Tata,Hexa,2017,9,65110,Diesel,Manual,first,660250,Tata Hexa,kaggle_market,6.6
Hyundai,Creta Facelift,2022,4,25000,Petrol,Manual,first,1306250,Hyundai Creta Facelift,kaggle_market,13.06
Bmw,7 Series,2014,12,115000,Diesel,Automatic,first,1425000,Bmw 7 Series,kaggle_market,14.25
Honda,Jazz,2015,11,64000,Petrol,Manual,first,546249,Honda Jazz,kaggle_market,5.46
Volkswagen,Polo,2013,13,61000,Petrol,Automatic,first,394250,Volkswagen Polo,kaggle_market,3.94
Hyundai,Grand I10,2014,12,54000,Petrol,Automatic,second,455050,Hyundai Grand I10,kaggle_market,4.55
Toyota,Innova Crysta,2022,4,25000,Diesel,Automatic,first,2470000,Toyota Innova Crysta,kaggle_market,24.7
Maruti Suzuki,Celerio,2015,11,103000,Petrol,Automatic,second,342000,Maruti Suzuki Celerio,kaggle_market,3.42
Mahindra,Thar,2022,4,14000,Petrol,Automatic,first,1472500,Mahindra Thar,kaggle_market,14.72
Tata,Bolt,2015,11,56000,Petrol,Manual,first,223250,Tata Bolt,kaggle_market,2.23
Bmw,5 Series,2016,10,47000,Diesel,Automatic,second,2375000,Bmw 5 Series,kaggle_market,23.75
Jaguar,Xf,2013,13,97763,Diesel,Automatic,second,1472500,Jaguar Xf,kaggle_market,14.72
Tata,Tiago,2021,5,74000,Petrol,Manual,second,489250,Tata Tiago,kaggle_market,4.89
Honda,Brio,2015,11,50000,Petrol,Manual,second,365750,Honda Brio,kaggle_market,3.66
Toyota,Innova Crysta,2021,5,42000,Diesel,Manual,second,2422500,Toyota Innova Crysta,kaggle_market,24.22
Skoda,Rapid,2014,12,71000,Petrol,Automatic,second,375250,Skoda Rapid,kaggle_market,3.75
Mahindra,Thar,2020,6,40000,Diesel,Manual,first,1135250,Mahindra Thar,kaggle_market,11.35
Hyundai,I20,2010,16,83000,Petrol,Manual,second,223250,Hyundai I20,kaggle_market,2.23
Toyota,Fortuner,2012,14,166000,Diesel,Manual,second,1567500,Toyota Fortuner,kaggle_market,15.68
Tata,Indigo Marina,2004,22,70899,Petrol,Manual,second,93100,Tata Indigo Marina,kaggle_market,0.93
Maruti Suzuki,Ertiga,2019,7,91000,Diesel,Manual,first,1091550,Maruti Suzuki Ertiga,kaggle_market,10.92
Tata,Safari,2022,4,27000,Diesel,Manual,first,1771750,Tata Safari,kaggle_market,17.72
Hyundai,Creta,2018,8,77620,Diesel,Automatic,first,1282500,Hyundai Creta,kaggle_market,12.82
Ford,Ecosport,2017,9,85000,Diesel,Manual,second,617499,Ford Ecosport,kaggle_market,6.17
Hyundai,Grand I10,2014,12,80000,Petrol,Manual,second,356778,Hyundai Grand I10,kaggle_market,3.57
Volkswagen,Polo,2019,7,35000,Petrol,Automatic,second,1125750,Volkswagen Polo,kaggle_market,11.26
Honda,City Hybrid Ehev,2016,10,77000,Petrol,Automatic,first,546250,Honda City Hybrid Ehev,kaggle_market,5.46
Maruti Suzuki,Swift,2018,8,63259,Diesel,Automatic,second,494000,Maruti Suzuki Swift,kaggle_market,4.94
Ford,Ecosport,2017,9,110000,Diesel,Manual,first,427499,Ford Ecosport,kaggle_market,4.27
Hyundai,I20,2023,3,14000,Petrol,Automatic,first,878750,Hyundai I20,kaggle_market,8.79
Volkswagen,Tiguan,2018,8,52000,Diesel,Automatic,first,1819250,Volkswagen Tiguan,kaggle_market,18.19
Mercedes-Benz,G,2011,15,45000,Diesel,Automatic,second,7125000,Mercedes-Benz G,kaggle_market,71.25
Bmw,3 Series,2016,10,65000,Diesel,Automatic,second,1258750,Bmw 3 Series,kaggle_market,12.59
Renault,Duster,2016,10,75000,Diesel,Automatic,second,565250,Renault Duster,kaggle_market,5.65
Maruti Suzuki,Swift,2007,19,135000,Diesel,Manual,second,156750,Maruti Suzuki Swift,kaggle_market,1.57
Toyota,Innova,2014,12,105000,Diesel,Manual,second,741000,Toyota Innova,kaggle_market,7.41
Land Rover,Range Rover,2016,10,151000,Diesel,Automatic,second,2660000,Land Rover Range Rover,kaggle_market,26.6
Bmw,7 Series,2013,13,61000,Diesel,Automatic,second,808450,Bmw 7 Series,kaggle_market,8.08
Maruti Suzuki,Grand Vitara,2023,3,21209,Petrol,Manual,first,1225500,Maruti Suzuki Grand Vitara,kaggle_market,12.26
Toyota,Glanza,2020,6,87000,Petrol,Manual,first,696350,Toyota Glanza,kaggle_market,6.96
Renault,Duster,2016,10,130000,Diesel,Manual,second,569050,Renault Duster,kaggle_market,5.69
Volvo,Xc 90,2015,11,125000,Diesel,Automatic,second,1021250,Volvo Xc 90,kaggle_market,10.21
Tata,Tiago,2018,8,30000,Petrol,Automatic,first,337250,Tata Tiago,kaggle_market,3.37
Audi,A6,2015,11,78561,Diesel,Automatic,first,854022,Audi A6,kaggle_market,8.54
Honda,City,2016,10,63000,Petrol,Manual,second,570000,Honda City,kaggle_market,5.7
Honda,Amaze,2016,10,65000,Petrol,Manual,first,389500,Honda Amaze,kaggle_market,3.9
Volkswagen,Polo Gti,2015,11,102000,Petrol,Automatic,second,427500,Volkswagen Polo Gti,kaggle_market,4.28
Maruti Suzuki,Swift,2022,4,35000,Petrol,Automatic,first,707750,Maruti Suzuki Swift,kaggle_market,7.08
Volkswagen,Virtus,2022,4,50000,Petrol,Automatic,first,1234050,Volkswagen Virtus,kaggle_market,12.34
Maruti Suzuki,A-Star,2013,13,60000,Petrol,Automatic,second,284050,Maruti Suzuki A-Star,kaggle_market,2.84
Bmw,5 Series,2014,12,72000,Diesel,Automatic,second,1519050,Bmw 5 Series,kaggle_market,15.19
Mini,Cooper S,2013,13,53000,Petrol,Automatic,second,1520000,Mini Cooper S,kaggle_market,15.2
Toyota,Etios Liva,2018,8,74000,Diesel,Manual,second,807500,Toyota Etios Liva,kaggle_market,8.07
Mg,Hector,2023,3,29000,Petrol,Automatic,first,2180250,Mg Hector,kaggle_market,21.8
Mercedes-Benz,Cla,2016,10,20800,Petrol,Automatic,second,1615000,Mercedes-Benz Cla,kaggle_market,16.15
Hyundai,I20,2017,9,95000,Petrol,Manual,second,536750,Hyundai I20,kaggle_market,5.37
Mahindra,Thar,2021,5,13000,Diesel,Automatic,first,1615000,Mahindra Thar,kaggle_market,16.15
Mahindra,Xuv700,2023,3,4000,Petrol,Manual,first,1995000,Mahindra Xuv700,kaggle_market,19.95
Maruti Suzuki,Baleno,2021,5,57000,Petrol,Automatic,second,650750,Maruti Suzuki Baleno,kaggle_market,6.51
Mahindra,Alturas G4,2022,4,25000,Diesel,Automatic,first,2588750,Mahindra Alturas G4,kaggle_market,25.89
Mahindra,Scorpio,2017,9,92000,Diesel,Manual,first,997500,Mahindra Scorpio,kaggle_market,9.98
Mg,Astor,2021,5,12110,Petrol,Automatic,first,1230250,Mg Astor,kaggle_market,12.3
Hyundai,New I20,2022,4,13162,Petrol,Automatic,first,926250,Hyundai New I20,kaggle_market,9.26
Toyota,Etios Liva,2017,9,49000,Petrol,Manual,first,569050,Toyota Etios Liva,kaggle_market,5.69
Maruti Suzuki,Alto 800,2016,10,68000,Petrol,Manual,second,251750,Maruti Suzuki Alto 800,kaggle_market,2.52
Audi,A6,2013,13,110000,Diesel,Automatic,second,1092500,Audi A6,kaggle_market,10.92
Hyundai,Elite I20,2017,9,52355,Petrol,Manual,first,474577,Hyundai Elite I20,kaggle_market,4.75
Hyundai,I10,2013,13,40595,Petrol,Automatic,second,294500,Hyundai I10,kaggle_market,2.94
Mahindra,Thar,2021,5,41000,Diesel,Manual,second,1377500,Mahindra Thar,kaggle_market,13.78
Maruti Suzuki,Omni,2014,12,77500,Petrol,Automatic,second,959500,Maruti Suzuki Omni,kaggle_market,9.6
Maruti Suzuki,Swift-Dzire,2018,8,55000,Petrol,Manual,first,565250,Maruti Suzuki Swift-Dzire,kaggle_market,5.65
Hyundai,I10,2013,13,80000,Petrol,Automatic,second,137750,Hyundai I10,kaggle_market,1.38
Mercedes-Benz,Gla Class,2016,10,71000,Petrol,Automatic,second,1890500,Mercedes-Benz Gla Class,kaggle_market,18.9
Hyundai,Santro Xing,2007,19,65000,Petrol,Manual,second,175750,Hyundai Santro Xing,kaggle_market,1.76
Toyota,Innova Crysta,2019,7,69000,Diesel,Automatic,first,2564050,Toyota Innova Crysta,kaggle_market,25.64
Maruti Suzuki,Ertiga,2019,7,90000,Diesel,Manual,first,855000,Maruti Suzuki Ertiga,kaggle_market,8.55
Fiat,Linea,2009,17,79742,Petrol,Manual,second,156750,Fiat Linea,kaggle_market,1.57
Audi,Q3,2017,9,45000,Diesel,Automatic,second,1605500,Audi Q3,kaggle_market,16.06
Toyota,Innova Crysta,2022,4,8000,Diesel,Automatic,first,3206250,Toyota Innova Crysta,kaggle_market,32.06
Toyota,Etios,2012,14,51000,Petrol,Automatic,second,247000,Toyota Etios,kaggle_market,2.47
Bmw,3 Series Gt,2019,7,71000,Diesel,Automatic,first,2422500,Bmw 3 Series Gt,kaggle_market,24.22
Mercedes-Benz,C-Class,2015,11,58000,Diesel,Automatic,first,2042499,Mercedes-Benz C-Class,kaggle_market,20.42
Toyota,Fortuner,2024,2,2596,Diesel,Manual,first,3704999,Toyota Fortuner,kaggle_market,37.05
Mahindra,Thar,2023,3,24500,Petrol,Automatic,first,1339500,Mahindra Thar,kaggle_market,13.4
Honda,City,2021,5,125000,Diesel,Manual,first,1021250,Honda City,kaggle_market,10.21
Maruti Suzuki,Ciaz,2017,9,79000,Petrol,Automatic,second,570000,Maruti Suzuki Ciaz,kaggle_market,5.7
Toyota,Innova Crysta,2019,7,118000,Diesel,Automatic,second,1899050,Toyota Innova Crysta,kaggle_market,18.99
Bmw,5 Series,2017,9,75000,Diesel,Automatic,first,3800000,Bmw 5 Series,kaggle_market,38.0
Mahindra,Bolero,2017,9,105000,Diesel,Manual,second,589000,Mahindra Bolero,kaggle_market,5.89
Maruti Suzuki,Maruti-Suzuki-Brezza,2021,5,35000,Petrol,Manual,first,808450,Maruti Suzuki Maruti-Suzuki-Brezza,kaggle_market,8.08
Audi,A8 L,2017,9,51000,Diesel,Automatic,first,3325000,Audi A8 L,kaggle_market,33.25
Kia,Seltos,2022,4,30891,Diesel,Automatic,first,1781250,Kia Seltos,kaggle_market,17.81
Hyundai,Alcazar,2023,3,2500,Petrol,Automatic,first,1710000,Hyundai Alcazar,kaggle_market,17.1
Maruti Suzuki,Swift,2019,7,32000,Petrol,Manual,second,546250,Maruti Suzuki Swift,kaggle_market,5.46
Mahindra,Thar,2021,5,66000,Diesel,Manual,first,1353750,Mahindra Thar,kaggle_market,13.54
Volvo,V40 Cross Country,2016,10,75000,Petrol,Automatic,first,1306250,Volvo V40 Cross Country,kaggle_market,13.06
Mg,Hector,2019,7,71000,Diesel,Manual,first,1211250,Mg Hector,kaggle_market,12.11
Audi,A6,2011,15,51000,Petrol,Automatic,second,1282500,Audi A6,kaggle_market,12.82
Maruti Suzuki,Alto-K10,2015,11,75000,Petrol,Automatic,second,294500,Maruti Suzuki Alto-K10,kaggle_market,2.94
Hyundai,Elite I20,2018,8,39500,Petrol,Manual,first,517750,Hyundai Elite I20,kaggle_market,5.18
Renault,Captur,2018,8,120000,Diesel,Manual,first,760000,Renault Captur,kaggle_market,7.6
Volkswagen,Passat,2012,14,68900,Diesel,Automatic,second,527250,Volkswagen Passat,kaggle_market,5.27
Mercedes-Benz,E-Class,2017,9,68000,Diesel,Automatic,first,2935500,Mercedes-Benz E-Class,kaggle_market,29.36
Ford,Ecosport,2015,11,80000,Petrol,Automatic,second,441750,Ford Ecosport,kaggle_market,4.42
Maruti Suzuki,Alto-K10,2019,7,62000,Petrol,Manual,first,342000,Maruti Suzuki Alto-K10,kaggle_market,3.42
Hyundai,Venue,2022,4,55000,Diesel,Manual,first,1187500,Hyundai Venue,kaggle_market,11.88
Volkswagen,Polo,2015,11,60000,Petrol,Manual,second,437000,Volkswagen Polo,kaggle_market,4.37
Toyota,Innova Crysta,2017,9,34000,Diesel,Manual,first,1325250,Toyota Innova Crysta,kaggle_market,13.25
Jeep,Compass,2017,9,49000,Petrol,Automatic,first,1093555,Jeep Compass,kaggle_market,10.94
Hyundai,I20,2016,10,36000,Petrol,Manual,second,427500,Hyundai I20,kaggle_market,4.28
Mahindra,Kuv 100,2016,10,85000,Diesel,Manual,second,304000,Mahindra Kuv 100,kaggle_market,3.04
Mahindra,Bolero Neo,2023,3,35000,Diesel,Automatic,second,997500,Mahindra Bolero Neo,kaggle_market,9.98
Honda,Amaze,2015,11,160000,Diesel,Manual,second,261250,Honda Amaze,kaggle_market,2.61
Maruti Suzuki,Swift,2010,16,141000,Diesel,Manual,second,313500,Maruti Suzuki Swift,kaggle_market,3.14
Land Rover,Range Rover,2012,14,23100,Diesel,Automatic,second,4555250,Land Rover Range Rover,kaggle_market,45.55
Hyundai,Verna,2014,12,100000,Petrol,Manual,first,902500,Hyundai Verna,kaggle_market,9.02
Hyundai,Elantra,2016,10,88000,Diesel,Manual,second,817000,Hyundai Elantra,kaggle_market,8.17
Porsche,Macan,2023,3,5100,Petrol,Automatic,first,8455000,Porsche Macan,kaggle_market,84.55
Maruti Suzuki,Ciaz,2017,9,76000,Petrol,Manual,second,456000,Maruti Suzuki Ciaz,kaggle_market,4.56
Bmw,X3,2019,7,50000,Diesel,Automatic,second,3800000,Bmw X3,kaggle_market,38.0
Mercedes-Benz,M-Class,2014,12,48000,Diesel,Automatic,first,1657750,Mercedes-Benz M-Class,kaggle_market,16.58
Mahindra,Xuv700,2024,2,16666,Diesel,Automatic,first,2469999,Mahindra Xuv700,kaggle_market,24.7
Skoda,Kushaq,2022,4,38917,Petrol,Manual,first,1163750,Skoda Kushaq,kaggle_market,11.64
Maruti Suzuki,Baleno,2016,10,55000,Petrol,Automatic,first,622250,Maruti Suzuki Baleno,kaggle_market,6.22
Nissan,Terrano,2015,11,84000,Diesel,Manual,second,475000,Nissan Terrano,kaggle_market,4.75
Hyundai,Elantra,2014,12,120000,Diesel,Automatic,second,522500,Hyundai Elantra,kaggle_market,5.22
Maruti Suzuki,Ertiga,2022,4,8638,Petrol,Manual,first,1092500,Maruti Suzuki Ertiga,kaggle_market,10.92
Maruti Suzuki,Swift Dzire,2013,13,62000,Petrol,Manual,second,332500,Maruti Suzuki Swift Dzire,kaggle_market,3.32
Honda,Amaze,2014,12,86131,Diesel,Manual,second,285000,Honda Amaze,kaggle_market,2.85
Maruti Suzuki,Swift,2021,5,29000,Petrol,Automatic,first,726750,Maruti Suzuki Swift,kaggle_market,7.27
Mg,Astor,2024,2,260,Petrol,Manual,first,1420250,Mg Astor,kaggle_market,14.2
Hyundai,Verna,2023,3,15120,Petrol,Automatic,first,1472500,Hyundai Verna,kaggle_market,14.72
Tata,Altroz,2021,5,21000,Petrol,Manual,second,508250,Tata Altroz,kaggle_market,5.08
Mg,Hector Plus,2022,4,11000,Petrol,Automatic,first,1757500,Mg Hector Plus,kaggle_market,17.58
Maruti Suzuki,Ciaz,2017,9,63000,Petrol,Manual,first,712500,Maruti Suzuki Ciaz,kaggle_market,7.12
Skoda,Rapid,2021,5,41189,Petrol,Automatic,first,1163750,Skoda Rapid,kaggle_market,11.64
Mahindra,Scorpio-N,2022,4,20000,Diesel,Manual,first,1847750,Mahindra Scorpio-N,kaggle_market,18.48
Mercedes-Benz,C-Class,2011,15,64000,Diesel,Automatic,second,926250,Mercedes-Benz C-Class,kaggle_market,9.26
Kia,Seltos,2020,6,62500,Diesel,Manual,first,897750,Kia Seltos,kaggle_market,8.98
Toyota,Innova,2012,14,121000,Diesel,Manual,first,380000,Toyota Innova,kaggle_market,3.8
Maruti Suzuki,Swift,2018,8,38000,Petrol,Manual,second,456000,Maruti Suzuki Swift,kaggle_market,4.56
Mahindra,Thar,2021,5,30000,Diesel,Automatic,first,1463000,Mahindra Thar,kaggle_market,14.63
Maruti Suzuki,Swift-Dzire-Tour,2010,16,130000,Diesel,Manual,second,247000,Maruti Suzuki Swift-Dzire-Tour,kaggle_market,2.47
Maruti Suzuki,Wagon-R,2021,5,71000,Petrol,Manual,first,451250,Maruti Suzuki Wagon-R,kaggle_market,4.51
Hyundai,Creta,2023,3,4800,Diesel,Automatic,second,1852500,Hyundai Creta,kaggle_market,18.52
Maruti Suzuki,Baleno,2017,9,59000,Petrol,Manual,first,489250,Maruti Suzuki Baleno,kaggle_market,4.89
Honda,City,2011,15,75875,Petrol,Automatic,second,280250,Honda City,kaggle_market,2.8
Kia,Seltos,2020,6,109000,Diesel,Manual,first,926250,Kia Seltos,kaggle_market,9.26
Mercedes-Benz,E-Class,2006,20,92000,Diesel,Automatic,second,475000,Mercedes-Benz E-Class,kaggle_market,4.75
Jaguar,Xf,2014,12,41000,Diesel,Automatic,second,2398750,Jaguar Xf,kaggle_market,23.99
Maruti Suzuki,Xl6,2022,4,76000,Petrol,Manual,first,950000,Maruti Suzuki Xl6,kaggle_market,9.5
Mini,Cooper 3 Door,2020,6,12000,Petrol,Automatic,first,4227500,Mini Cooper 3 Door,kaggle_market,42.28
Hyundai,Verna,2016,10,81982,Diesel,Automatic,first,660250,Hyundai Verna,kaggle_market,6.6
Mahindra,Xylo,2010,16,51258,Diesel,Manual,first,189050,Mahindra Xylo,kaggle_market,1.89
Mahindra,Scorpio,2017,9,59000,Diesel,Manual,first,807500,Mahindra Scorpio,kaggle_market,8.07
Mercedes-Benz,S-Class,2018,8,39000,Diesel,Automatic,second,5652500,Mercedes-Benz S-Class,kaggle_market,56.52
Maruti Suzuki,Ertiga,2021,5,38000,Petrol,Automatic,first,1097250,Maruti Suzuki Ertiga,kaggle_market,10.97
Maruti Suzuki,Swift,2024,2,6000,Petrol,Automatic,first,1092500,Maruti Suzuki Swift,kaggle_market,10.92
Bmw,3 Series,2016,10,53000,Diesel,Automatic,second,1329050,Bmw 3 Series,kaggle_market,13.29
Bmw,3 Series Gt,2014,12,99000,Diesel,Automatic,second,1662500,Bmw 3 Series Gt,kaggle_market,16.62
Mercedes-Benz,E-Class,2012,14,73595,Petrol,Automatic,second,664050,Mercedes-Benz E-Class,kaggle_market,6.64
Hyundai,Grand I10,2018,8,51000,Petrol,Manual,first,451250,Hyundai Grand I10,kaggle_market,4.51
Hyundai,Verna,2018,8,57546,Petrol,Automatic,first,807499,Hyundai Verna,kaggle_market,8.07
Mercedes-Benz,C-Class,2016,10,96000,Diesel,Automatic,second,2185000,Mercedes-Benz C-Class,kaggle_market,21.85
Bmw,6 Series Gt,2018,8,21000,Petrol,Automatic,second,4275000,Bmw 6 Series Gt,kaggle_market,42.75
Maruti Suzuki,Swift,2018,8,48000,Petrol,Automatic,second,508250,Maruti Suzuki Swift,kaggle_market,5.08
Volkswagen,Ventotest,2011,15,22000,Petrol,Manual,first,284999,Volkswagen Ventotest,kaggle_market,2.85
Toyota,Fortuner,2021,5,40000,Diesel,Automatic,first,3895000,Toyota Fortuner,kaggle_market,38.95
Maruti Suzuki,Xl6,2021,5,22864,Petrol,Automatic,first,1040250,Maruti Suzuki Xl6,kaggle_market,10.4
Maruti Suzuki,Vitara-Brezza,2017,9,64000,Diesel,Manual,first,555750,Maruti Suzuki Vitara-Brezza,kaggle_market,5.56
Hyundai,Grand I10,2013,13,88000,Diesel,Manual,first,389500,Hyundai Grand I10,kaggle_market,3.9
Ford,Figo,2011,15,30000,Petrol,Manual,second,141550,Ford Figo,kaggle_market,1.42
Hyundai,Grand I10 Nios,2020,6,33145,Petrol,Manual,first,570000,Hyundai Grand I10 Nios,kaggle_market,5.7
Skoda,Rapid,2011,15,60000,Petrol,Manual,first,209000,Skoda Rapid,kaggle_market,2.09
Jeep,Compass,2017,9,61000,Diesel,Manual,second,1092500,Jeep Compass,kaggle_market,10.92
Maruti Suzuki,Ertiga,2014,12,120000,Diesel,Automatic,second,403750,Maruti Suzuki Ertiga,kaggle_market,4.04
Mahindra,Xuv500,2016,10,87000,Diesel,Manual,first,997500,Mahindra Xuv500,kaggle_market,9.98
Hyundai,Venue,2022,4,38000,Petrol,Manual,first,988000,Hyundai Venue,kaggle_market,9.88
Jeep,Compass,2017,9,55000,Petrol,Automatic,second,960450,Jeep Compass,kaggle_market,9.6
Hyundai,Creta,2019,7,35000,Diesel,Manual,first,1087750,Hyundai Creta,kaggle_market,10.88
Honda,City,2011,15,82000,Petrol,Automatic,second,284050,Honda City,kaggle_market,2.84
Toyota,Innova Crysta,2019,7,65000,Diesel,Automatic,first,1330000,Toyota Innova Crysta,kaggle_market,13.3
Renault,Duster,2015,11,90000,Diesel,Manual,first,546250,Renault Duster,kaggle_market,5.46
Mercedes-Benz,E-Class,2020,6,49000,Petrol,Automatic,first,4560000,Mercedes-Benz E-Class,kaggle_market,45.6
Mercedes-Benz,S-Class,2019,7,29000,Diesel,Automatic,second,9025000,Mercedes-Benz S-Class,kaggle_market,90.25
Honda,City,2023,3,9500,Petrol,Automatic,first,1401250,Honda City,kaggle_market,14.01
Renault,Duster,2013,13,86250,Diesel,Manual,first,275500,Renault Duster,kaggle_market,2.76
Toyota,Innova Crysta,2016,10,190000,Diesel,Manual,first,1567500,Toyota Innova Crysta,kaggle_market,15.68
Volkswagen,Ameo,2017,9,80000,Diesel,Manual,first,451250,Volkswagen Ameo,kaggle_market,4.51
Hyundai,Creta,2021,5,96000,Diesel,Automatic,first,1615000,Hyundai Creta,kaggle_market,16.15
Bmw,7 Series,2016,10,40000,Diesel,Automatic,first,2042500,Bmw 7 Series,kaggle_market,20.42
Maruti Suzuki,Xl6,2019,7,65000,Petrol,Manual,first,878750,Maruti Suzuki Xl6,kaggle_market,8.79
Maruti Suzuki,Swift,2010,16,29000,Petrol,Manual,first,142500,Maruti Suzuki Swift,kaggle_market,1.42
Hyundai,I10,2013,13,40000,Petrol,Automatic,second,190000,Hyundai I10,kaggle_market,1.9
Mahindra,Scorpio,2010,16,65000,Diesel,Manual,second,275500,Mahindra Scorpio,kaggle_market,2.76
Maruti Suzuki,Celerio,2018,8,38000,Petrol,Automatic,second,361000,Maruti Suzuki Celerio,kaggle_market,3.61
Maruti Suzuki,Wagon-R,2015,11,66000,Petrol,Automatic,second,247000,Maruti Suzuki Wagon-R,kaggle_market,2.47
Maruti Suzuki,Ciaz,2019,7,29000,Petrol,Manual,first,807500,Maruti Suzuki Ciaz,kaggle_market,8.07
Toyota,Fortuner,2016,10,90000,Diesel,Manual,second,1467750,Toyota Fortuner,kaggle_market,14.68
Toyota,Innova Hycross,2023,3,14100,Petrol,Automatic,first,2701800,Toyota Innova Hycross,kaggle_market,27.02
Hyundai,Creta,2015,11,88000,Diesel,Manual,second,712500,Hyundai Creta,kaggle_market,7.12
Maruti Suzuki,Swift Dzire,2016,10,49000,Petrol,Automatic,second,569050,Maruti Suzuki Swift Dzire,kaggle_market,5.69
Maruti Suzuki,Celerio,2016,10,36000,Petrol,Automatic,first,379999,Maruti Suzuki Celerio,kaggle_market,3.8
Honda,Jazz,2011,15,61000,Petrol,Manual,second,213750,Honda Jazz,kaggle_market,2.14
Hyundai,Grand I10,2018,8,62000,Petrol,Manual,second,356250,Hyundai Grand I10,kaggle_market,3.56
Hyundai,Creta,2022,4,19000,Diesel,Automatic,first,2175500,Hyundai Creta,kaggle_market,21.76
Mercedes-Benz,Cla,2019,7,28370,Diesel,Automatic,first,1899999,Mercedes-Benz Cla,kaggle_market,19.0
Ford,Endeavour,2016,10,86000,Diesel,Automatic,first,1733750,Ford Endeavour,kaggle_market,17.34
Hyundai,I10,2011,15,68000,Petrol,Manual,second,218500,Hyundai I10,kaggle_market,2.18
Ford,Ecosport,2019,7,54000,Diesel,Manual,first,769500,Ford Ecosport,kaggle_market,7.7
Hyundai,I20,2010,16,72000,Petrol,Automatic,second,261250,Hyundai I20,kaggle_market,2.61
Renault,Triber,2020,6,59000,Petrol,Manual,first,641250,Renault Triber,kaggle_market,6.41
Hyundai,Santro Xing,2009,17,69000,Petrol,Manual,second,152000,Hyundai Santro Xing,kaggle_market,1.52
Skoda,Rapid,2015,11,59000,Petrol,Automatic,second,522500,Skoda Rapid,kaggle_market,5.22
Hyundai,Santa Fe,2016,10,64200,Diesel,Automatic,first,1116250,Hyundai Santa Fe,kaggle_market,11.16
Audi,A4,2015,11,53000,Diesel,Automatic,second,1662500,Audi A4,kaggle_market,16.62
Audi,A6,2016,10,40000,Diesel,Automatic,first,1515250,Audi A6,kaggle_market,15.15
Maruti Suzuki,Eeco,2011,15,53750,Petrol,Manual,first,147250,Maruti Suzuki Eeco,kaggle_market,1.47
Kia,Seltos,2022,4,15000,Petrol,Automatic,first,1710000,Kia Seltos,kaggle_market,17.1
Maruti Suzuki,Wagon-R,2011,15,75000,Petrol,Manual,second,232750,Maruti Suzuki Wagon-R,kaggle_market,2.33
Maruti Suzuki,Omni,2010,16,88000,Petrol,Manual,second,90250,Maruti Suzuki Omni,kaggle_market,0.9
Audi,Q5,2018,8,110000,Diesel,Automatic,first,2184050,Audi Q5,kaggle_market,21.84
Bmw,5 Series,2013,13,76064,Diesel,Automatic,second,1353750,Bmw 5 Series,kaggle_market,13.54
Bmw,5 Series,2018,8,41000,Diesel,Automatic,second,2840500,Bmw 5 Series,kaggle_market,28.4
Mahindra,Xuv700,2022,4,6789,Diesel,Automatic,first,1900000,Mahindra Xuv700,kaggle_market,19.0
Toyota,2.8 Legender 4X2,2021,5,63000,Diesel,Automatic,first,4037500,Toyota 2.8 Legender 4X2,kaggle_market,40.38
Hyundai,Creta,2018,8,84000,Diesel,Manual,second,1021250,Hyundai Creta,kaggle_market,10.21
Hyundai,Grand I10,2017,9,50523,Petrol,Manual,second,351500,Hyundai Grand I10,kaggle_market,3.52
Mercedes-Benz,E-Class,2014,12,74000,Diesel,Automatic,first,1315749,Mercedes-Benz E-Class,kaggle_market,13.16
Mercedes-Benz,E-Class,2022,4,25000,Diesel,Automatic,first,6175000,Mercedes-Benz E-Class,kaggle_market,61.75
Toyota,Glanza,2020,6,38000,Petrol,Automatic,first,545300,Toyota Glanza,kaggle_market,5.45
Maruti Suzuki,Alto,2011,15,55000,Petrol,Manual,second,109250,Maruti Suzuki Alto,kaggle_market,1.09
Toyota,Innova Crysta,2024,2,6110,Diesel,Manual,first,2645750,Toyota Innova Crysta,kaggle_market,26.46
Toyota,Innova,2014,12,130000,Diesel,Manual,first,1292000,Toyota Innova,kaggle_market,12.92
Toyota,Camry,2014,12,108000,Petrol,Automatic,first,1330000,Toyota Camry,kaggle_market,13.3
Honda,City,2018,8,58000,Petrol,Manual,first,545300,Honda City,kaggle_market,5.45
Maruti Suzuki,Swift,2021,5,41000,Petrol,Manual,first,645050,Maruti Suzuki Swift,kaggle_market,6.45
Tata,Nexon,2020,6,49000,Diesel,Manual,first,427500,Tata Nexon,kaggle_market,4.28
Force,Motors Fm Gurkha,2023,3,9900,Diesel,Manual,first,1472500,Force Motors Fm Gurkha,kaggle_market,14.72
Renault,Kwid,2017,9,67000,Petrol,Manual,second,237500,Renault Kwid,kaggle_market,2.38
Maruti Suzuki,Swift,2023,3,11000,Petrol,Automatic,first,688750,Maruti Suzuki Swift,kaggle_market,6.89
Volkswagen,Polo,2020,6,35000,Petrol,Automatic,first,1111500,Volkswagen Polo,kaggle_market,11.12
Honda,City,2017,9,28000,Petrol,Automatic,first,650750,Honda City,kaggle_market,6.51
Maruti Suzuki,Celerio,2017,9,142000,Petrol,Automatic,first,327750,Maruti Suzuki Celerio,kaggle_market,3.28
Hyundai,I20,2014,12,62000,Petrol,Manual,first,399950,Hyundai I20,kaggle_market,4.0
Renault,Kwid,2019,7,18000,Petrol,Manual,first,308750,Renault Kwid,kaggle_market,3.09
Maruti Suzuki,Swift Dzire,2015,11,72000,Diesel,Manual,first,427500,Maruti Suzuki Swift Dzire,kaggle_market,4.28
Hyundai,I20,2019,7,48000,Petrol,Manual,first,498750,Hyundai I20,kaggle_market,4.99
Maruti Suzuki,Alto-K10,2017,9,65000,Petrol,Automatic,first,285000,Maruti Suzuki Alto-K10,kaggle_market,2.85
Audi,Q5,2014,12,57000,Diesel,Automatic,first,1220750,Audi Q5,kaggle_market,12.21
Maruti Suzuki,Ciaz,2019,7,73000,Petrol,Automatic,second,660250,Maruti Suzuki Ciaz,kaggle_market,6.6
Jaguar,Xf,2014,12,78000,Diesel,Automatic,first,945250,Jaguar Xf,kaggle_market,9.45
Bmw,5 Series,2010,16,130000,Petrol,Automatic,second,266000,Bmw 5 Series,kaggle_market,2.66
Hyundai,I20,2012,14,74000,Petrol,Manual,second,237500,Hyundai I20,kaggle_market,2.38
Porsche,718,2018,8,15000,Petrol,Automatic,second,7600000,Porsche 718,kaggle_market,76.0
Maruti Suzuki,Alto-K10,2015,11,18000,Petrol,Automatic,second,332500,Maruti Suzuki Alto-K10,kaggle_market,3.32
Honda,City,2013,13,85000,Petrol,Automatic,second,380000,Honda City,kaggle_market,3.8
Maruti Suzuki,Celerio,2017,9,67000,Petrol,Automatic,second,427500,Maruti Suzuki Celerio,kaggle_market,4.28
Maruti Suzuki,Alto-800,2023,3,9000,Petrol,Manual,first,465500,Maruti Suzuki Alto-800,kaggle_market,4.66
Mahindra,Scorpio,2015,11,76000,Diesel,Manual,second,807500,Mahindra Scorpio,kaggle_market,8.07
Maruti Suzuki,Swift,2019,7,7000,Petrol,Automatic,second,617500,Maruti Suzuki Swift,kaggle_market,6.18
Maruti Suzuki,Grand Vitara,2024,2,1600,Petrol,Manual,first,1282500,Maruti Suzuki Grand Vitara,kaggle_market,12.82
Hyundai,Elantra,2012,14,71000,Petrol,Automatic,second,422750,Hyundai Elantra,kaggle_market,4.23
Honda,Wrv,2017,9,50000,Diesel,Manual,second,688750,Honda Wrv,kaggle_market,6.89
Maruti Suzuki,Swift,2018,8,42175,Petrol,Automatic,first,407550,Maruti Suzuki Swift,kaggle_market,4.08
Toyota,Etios,2012,14,115000,Diesel,Manual,second,308750,Toyota Etios,kaggle_market,3.09
Honda,Jazz,2016,10,46000,Petrol,Automatic,second,427500,Honda Jazz,kaggle_market,4.28
Fiat,Punto,2012,14,160000,Diesel,Manual,first,247000,Fiat Punto,kaggle_market,2.47
Maruti Suzuki,Ciaz,2015,11,110000,Diesel,Manual,second,503500,Maruti Suzuki Ciaz,kaggle_market,5.04
Ford,Endeavour,2021,5,23000,Diesel,Automatic,second,2992500,Ford Endeavour,kaggle_market,29.92
Hyundai,I20,2012,14,79000,Diesel,Manual,first,209000,Hyundai I20,kaggle_market,2.09
Hyundai,Creta,2016,10,72000,Diesel,Automatic,first,650750,Hyundai Creta,kaggle_market,6.51
Toyota,Corolla Altis,2016,10,61000,Petrol,Automatic,second,802750,Toyota Corolla Altis,kaggle_market,8.03
Kia,Seltos,2023,3,27000,Diesel,Automatic,first,1686250,Kia Seltos,kaggle_market,16.86
Toyota,Innova,2015,11,98525,Diesel,Manual,second,660250,Toyota Innova,kaggle_market,6.6
Maruti Suzuki,Alto-K10,2011,15,59000,Petrol,Manual,first,247000,Maruti Suzuki Alto-K10,kaggle_market,2.47
Volkswagen,Ameo,2017,9,99000,Diesel,Manual,first,616550,Volkswagen Ameo,kaggle_market,6.17
Mitsubishi,Pajero Sport,2017,9,68000,Diesel,Manual,second,1135250,Mitsubishi Pajero Sport,kaggle_market,11.35
Skoda,Kushaq,2022,4,10000,Petrol,Automatic,first,1292950,Skoda Kushaq,kaggle_market,12.93
Toyota,Innova,2006,20,190000,Diesel,Manual,second,389500,Toyota Innova,kaggle_market,3.9
Hyundai,Eon,2013,13,80000,Petrol,Manual,second,185250,Hyundai Eon,kaggle_market,1.85
Tata,Manza,2013,13,100000,Diesel,Manual,second,142500,Tata Manza,kaggle_market,1.42
Maruti Suzuki,Wagon-R,2014,12,78000,Petrol,Manual,second,166250,Maruti Suzuki Wagon-R,kaggle_market,1.66
Ford,Figo,2013,13,46200,Petrol,Manual,first,151050,Ford Figo,kaggle_market,1.51
Maruti Suzuki,Swift-Dzire,2017,9,81000,Diesel,Automatic,first,617500,Maruti Suzuki Swift-Dzire,kaggle_market,6.18
Maruti Suzuki,Vitara-Brezza,2018,8,30000,Diesel,Manual,first,916750,Maruti Suzuki Vitara-Brezza,kaggle_market,9.17
Maruti Suzuki,Swift Dzire,2019,7,100000,Diesel,Manual,second,712500,Maruti Suzuki Swift Dzire,kaggle_market,7.12
Mini,Cooper Convertible,2012,14,28000,Petrol,Automatic,second,1890500,Mini Cooper Convertible,kaggle_market,18.9
Mahindra,Xuv500,2018,8,88000,Diesel,Automatic,second,845500,Mahindra Xuv500,kaggle_market,8.46
Hyundai,Verna,2023,3,12700,Petrol,Manual,first,1496250,Hyundai Verna,kaggle_market,14.96
Mercedes-Benz,C-Class,2021,5,14000,Diesel,Automatic,first,4987500,Mercedes-Benz C-Class,kaggle_market,49.88
Hyundai,Verna,2012,14,123500,Petrol,Manual,second,270750,Hyundai Verna,kaggle_market,2.71
Toyota,Corolla Altis,2011,15,99000,Diesel,Manual,second,308750,Toyota Corolla Altis,kaggle_market,3.09
Honda,Amaze,2020,6,41000,Petrol,Manual,second,546250,Honda Amaze,kaggle_market,5.46
Maruti Suzuki,Vitara-Brezza,2019,7,47000,Diesel,Manual,first,831250,Maruti Suzuki Vitara-Brezza,kaggle_market,8.31
Hyundai,Verna,2020,6,86000,Diesel,Automatic,first,854050,Hyundai Verna,kaggle_market,8.54
Mahindra,Scorpio Classic,2024,2,33000,Diesel,Manual,first,1757500,Mahindra Scorpio Classic,kaggle_market,17.58
Bmw,X5,2021,5,74000,Diesel,Automatic,first,6317500,Bmw X5,kaggle_market,63.18
Maruti Suzuki,Swift,2018,8,45000,Petrol,Manual,second,484500,Maruti Suzuki Swift,kaggle_market,4.84
Tata,Hexa,2017,9,135000,Diesel,Manual,second,736250,Tata Hexa,kaggle_market,7.36
Mahindra,Xuv500,2012,14,168000,Diesel,Manual,second,475000,Mahindra Xuv500,kaggle_market,4.75
Mahindra,Xuv500,2017,9,129124,Diesel,Manual,first,1040250,Mahindra Xuv500,kaggle_market,10.4
Maruti Suzuki,Swift-Dzire,2017,9,92000,Diesel,Automatic,first,612750,Maruti Suzuki Swift-Dzire,kaggle_market,6.13
Hyundai,Creta,2020,6,42000,Diesel,Manual,second,1163750,Hyundai Creta,kaggle_market,11.64
Maruti Suzuki,Baleno,2019,7,53000,Petrol,Manual,second,603250,Maruti Suzuki Baleno,kaggle_market,6.03
Audi,A6,2015,11,89000,Diesel,Automatic,first,845500,Audi A6,kaggle_market,8.46
Maruti Suzuki,Alto-800,2018,8,108000,Petrol,Manual,first,304000,Maruti Suzuki Alto-800,kaggle_market,3.04
Volkswagen,Polo,2021,5,25000,Petrol,Automatic,first,1182750,Volkswagen Polo,kaggle_market,11.83
Audi,A4,2013,13,102000,Diesel,Automatic,second,969000,Audi A4,kaggle_market,9.69
Maruti Suzuki,Swift,2011,15,75000,Petrol,Automatic,second,332500,Maruti Suzuki Swift,kaggle_market,3.32
Audi,A3,2016,10,99000,Diesel,Automatic,second,901550,Audi A3,kaggle_market,9.02
Renault,Kwid,2019,7,18000,Petrol,Manual,first,307800,Renault Kwid,kaggle_market,3.08
Honda,Crv,2010,16,70343,Petrol,Automatic,second,617500,Honda Crv,kaggle_market,6.18
Mahindra,Scorpio,2017,9,90000,Diesel,Automatic,second,1045000,Mahindra Scorpio,kaggle_market,10.45
Maruti Suzuki,Swift-Dzire,2019,7,146000,Diesel,Manual,second,655500,Maruti Suzuki Swift-Dzire,kaggle_market,6.56
Renault,Kwid,2018,8,37000,Petrol,Automatic,second,308750,Renault Kwid,kaggle_market,3.09
Honda,Wrv,2018,8,103000,Diesel,Manual,first,741000,Honda Wrv,kaggle_market,7.41
Lexus,Es,2022,4,17000,Petrol,Automatic,first,5320000,Lexus Es,kaggle_market,53.2
Tata,Indigo Ecs,2014,12,80000,Diesel,Manual,second,114000,Tata Indigo Ecs,kaggle_market,1.14
Hyundai,Venue,2019,7,80000,Diesel,Manual,second,783750,Hyundai Venue,kaggle_market,7.84
Ford,Figo,2012,14,104000,Diesel,Manual,second,222300,Ford Figo,kaggle_market,2.22
Ford,Ecosport,2016,10,95000,Diesel,Manual,first,712500,Ford Ecosport,kaggle_market,7.12
Ford,Endeavour,2020,6,83700,Diesel,Automatic,first,2803450,Ford Endeavour,kaggle_market,28.03
Maruti Suzuki,Sx4,2014,12,106000,Petrol,Manual,second,261250,Maruti Suzuki Sx4,kaggle_market,2.61
Audi,A3,2015,11,64000,Diesel,Automatic,second,807500,Audi A3,kaggle_market,8.07
Mercedes-Benz,Gl-Class,2014,12,77600,Diesel,Automatic,second,2659999,Mercedes-Benz Gl-Class,kaggle_market,26.6
Maruti Suzuki,Alto,2011,15,78965,Petrol,Manual,first,128250,Maruti Suzuki Alto,kaggle_market,1.28
Toyota,Fortuner,2017,9,145000,Diesel,Manual,second,2660000,Toyota Fortuner,kaggle_market,26.6
Hyundai,Elite I20,2017,9,30300,Petrol,Manual,first,522500,Hyundai Elite I20,kaggle_market,5.22
Maruti Suzuki,Ertiga,2018,8,74000,Diesel,Manual,first,745750,Maruti Suzuki Ertiga,kaggle_market,7.46
Toyota,Innova Crysta,2020,6,66000,Diesel,Automatic,first,1862000,Toyota Innova Crysta,kaggle_market,18.62
Maruti Suzuki,Baleno,2019,7,38032,Petrol,Automatic,second,655500,Maruti Suzuki Baleno,kaggle_market,6.56
Honda,Jazz,2015,11,69000,Petrol,Automatic,second,475000,Honda Jazz,kaggle_market,4.75
Mahindra,Xuv500,2019,7,85000,Diesel,Manual,first,997500,Mahindra Xuv500,kaggle_market,9.98
Tata,Manza,2010,16,78960,Petrol,Manual,first,90250,Tata Manza,kaggle_market,0.9
Bmw,X5,2017,9,92000,Diesel,Automatic,second,2849999,Bmw X5,kaggle_market,28.5
Maruti Suzuki,Wagon-R,2015,11,55049,Petrol,Manual,first,301150,Maruti Suzuki Wagon-R,kaggle_market,3.01
Audi,A6,2018,8,35000,Diesel,Automatic,first,3182500,Audi A6,kaggle_market,31.82
Bmw,X7,2020,6,32000,Diesel,Automatic,first,9310000,Bmw X7,kaggle_market,93.1
Audi,A4,2016,10,135000,Diesel,Automatic,first,1568450,Audi A4,kaggle_market,15.68
Mg,Hector,2019,7,17000,Petrol,Automatic,first,1320500,Mg Hector,kaggle_market,13.2
Honda,City,2017,9,69000,Petrol,Manual,second,579500,Honda City,kaggle_market,5.8
Mercedes-Benz,E-Class,2019,7,32000,Diesel,Automatic,first,4731000,Mercedes-Benz E-Class,kaggle_market,47.31
Maruti Suzuki,Vitara-Brezza,2017,9,62000,Diesel,Manual,first,712500,Maruti Suzuki Vitara-Brezza,kaggle_market,7.12
Skoda,Octavia,2014,12,116000,Petrol,Automatic,second,703000,Skoda Octavia,kaggle_market,7.03
Ford,Ecosport,2015,11,55000,Petrol,Automatic,second,426550,Ford Ecosport,kaggle_market,4.27
Toyota,Fortuner,2017,9,69000,Diesel,Automatic,second,1994050,Toyota Fortuner,kaggle_market,19.94
Volkswagen,Vento,2016,10,110000,Diesel,Automatic,second,617499,Volkswagen Vento,kaggle_market,6.17
Honda,City,2014,12,75000,Petrol,Automatic,first,498750,Honda City,kaggle_market,4.99
Honda,Amaze,2015,11,38000,Petrol,Manual,first,427500,Honda Amaze,kaggle_market,4.28
Mercedes-Benz,M-Class,2013,13,83000,Diesel,Automatic,second,1547550,Mercedes-Benz M-Class,kaggle_market,15.48
Volkswagen,Polo,2019,7,68000,Petrol,Manual,first,546250,Volkswagen Polo,kaggle_market,5.46
Bmw,X5,2019,7,25000,Diesel,Automatic,second,3776250,Bmw X5,kaggle_market,37.76
Maruti Suzuki,Ertiga,2019,7,15000,Petrol,Automatic,second,1002250,Maruti Suzuki Ertiga,kaggle_market,10.02
Hyundai,I20,2023,3,11800,Petrol,Automatic,second,902500,Hyundai I20,kaggle_market,9.02
Maruti Suzuki,Wagon-R,2009,17,85000,Petrol,Manual,second,147250,Maruti Suzuki Wagon-R,kaggle_market,1.47
Mahindra,Tuv,2016,10,87000,Diesel,Automatic,first,712500,Mahindra Tuv,kaggle_market,7.12
Land Rover,Range Rover Evoque,2012,14,89000,Diesel,Manual,second,1520000,Land Rover Range Rover Evoque,kaggle_market,15.2
Honda,Jazz,2012,14,70000,Petrol,Manual,second,251750,Honda Jazz,kaggle_market,2.52
Maruti Suzuki,Swift,2011,15,45000,Petrol,Manual,second,185250,Maruti Suzuki Swift,kaggle_market,1.85
Maruti Suzuki,Wagon-R,2015,11,38482,Petrol,Manual,first,294500,Maruti Suzuki Wagon-R,kaggle_market,2.94
Hyundai,Creta,2016,10,68000,Diesel,Automatic,second,997500,Hyundai Creta,kaggle_market,9.98
Maruti Suzuki,Wagon R,2016,10,65000,Petrol,Automatic,second,437000,Maruti Suzuki Wagon R,kaggle_market,4.37
Volkswagen,Ventotest,2015,11,74000,Diesel,Automatic,first,517750,Volkswagen Ventotest,kaggle_market,5.18
Maruti Suzuki,Ciaz,2016,10,83214,Diesel,Manual,second,370500,Maruti Suzuki Ciaz,kaggle_market,3.7
Toyota,Innova Crysta,2017,9,158000,Diesel,Manual,first,1496250,Toyota Innova Crysta,kaggle_market,14.96
Maruti Suzuki,S-Cross,2017,9,108000,Diesel,Manual,first,736250,Maruti Suzuki S-Cross,kaggle_market,7.36
Maruti Suzuki,Alto-800,2015,11,91000,Petrol,Manual,second,194750,Maruti Suzuki Alto-800,kaggle_market,1.95
Maruti Suzuki,Wagon-R,2010,16,65000,Petrol,Manual,first,213750,Maruti Suzuki Wagon-R,kaggle_market,2.14
Toyota,Fortuner,2021,5,77000,Diesel,Automatic,first,3695500,Toyota Fortuner,kaggle_market,36.96
Maruti Suzuki,Swift,2016,10,80000,Diesel,Manual,second,517750,Maruti Suzuki Swift,kaggle_market,5.18
Mercedes-Benz,E-Class,2014,12,87000,Diesel,Automatic,second,1467750,Mercedes-Benz E-Class,kaggle_market,14.68
Toyota,Innova Crysta,2018,8,87000,Diesel,Manual,second,2175500,Toyota Innova Crysta,kaggle_market,21.76
Maruti Suzuki,Gypsy,2005,21,10000,Diesel,Automatic,second,370500,Maruti Suzuki Gypsy,kaggle_market,3.7
Honda,City,2014,12,68700,Petrol,Manual,second,498750,Honda City,kaggle_market,4.99
Toyota,Innova,2015,11,220000,Diesel,Manual,second,940500,Toyota Innova,kaggle_market,9.4
Hyundai,I10,2012,14,53000,Petrol,Automatic,second,270750,Hyundai I10,kaggle_market,2.71
Volkswagen,Polo,2014,12,41500,Petrol,Manual,second,342000,Volkswagen Polo,kaggle_market,3.42
Toyota,Fortuner,2015,11,125000,Diesel,Automatic,first,1518100,Toyota Fortuner,kaggle_market,15.18
Tata,Harrier,2021,5,50000,Diesel,Automatic,first,1614050,Tata Harrier,kaggle_market,16.14
Hyundai,Creta Facelift,2021,5,67777,Petrol,Automatic,first,1266666,Hyundai Creta Facelift,kaggle_market,12.67
Mahindra,Renault Logan,2007,19,170000,Diesel,Manual,second,140600,Mahindra Renault Logan,kaggle_market,1.41
Bmw,5 Series,2011,15,85000,Diesel,Automatic,first,874000,Bmw 5 Series,kaggle_market,8.74
Hyundai,I10,2013,13,69000,Petrol,Manual,first,189050,Hyundai I10,kaggle_market,1.89
Honda,City,2015,11,72500,Petrol,Automatic,second,427500,Honda City,kaggle_market,4.28
Tata,Indigo Cs,2009,17,155888,Diesel,Manual,second,114000,Tata Indigo Cs,kaggle_market,1.14
Hyundai,Eon,2014,12,60000,Petrol,Manual,second,188100,Hyundai Eon,kaggle_market,1.88
Hyundai,Eon,2017,9,63000,Petrol,Manual,second,228000,Hyundai Eon,kaggle_market,2.28
Hyundai,Venue,2022,4,13000,Petrol,Manual,first,783750,Hyundai Venue,kaggle_market,7.84
Maruti Suzuki,Celerio,2014,12,32117,Petrol,Automatic,first,375250,Maruti Suzuki Celerio,kaggle_market,3.75
Land Rover,Discovery Sport,2018,8,62000,Diesel,Automatic,first,3135000,Land Rover Discovery Sport,kaggle_market,31.35
Maruti Suzuki,Ertiga,2015,11,70000,Diesel,Manual,first,855000,Maruti Suzuki Ertiga,kaggle_market,8.55
Ford,Ecosport,2016,10,91000,Petrol,Automatic,first,641250,Ford Ecosport,kaggle_market,6.41
Ford,Endeavour,2017,9,75000,Diesel,Automatic,second,1805000,Ford Endeavour,kaggle_market,18.05
Maruti Suzuki,Baleno,2017,9,47231,Petrol,Manual,first,508346,Maruti Suzuki Baleno,kaggle_market,5.08
Maruti Suzuki,Eeco,2019,7,38000,Petrol,Manual,first,389500,Maruti Suzuki Eeco,kaggle_market,3.9
Hyundai,Eon,2015,11,68000,Petrol,Manual,second,213750,Hyundai Eon,kaggle_market,2.14
Volvo,Xc40,2018,8,54000,Diesel,Automatic,first,2175500,Volvo Xc40,kaggle_market,21.76
Hyundai,Alcazar,2022,4,24000,Diesel,Automatic,first,1781250,Hyundai Alcazar,kaggle_market,17.81
Mahindra,Thar,2019,7,68000,Diesel,Manual,first,831250,Mahindra Thar,kaggle_market,8.31
Renault,Lodgy,2015,11,58000,Diesel,Manual,first,475000,Renault Lodgy,kaggle_market,4.75
Honda,City Zx,2005,21,65460,Petrol,Manual,second,142500,Honda City Zx,kaggle_market,1.42
Toyota,Innova Crysta,2017,9,71000,Diesel,Automatic,second,1638750,Toyota Innova Crysta,kaggle_market,16.39
Hyundai,Grand I10 Nios,2020,6,51500,Petrol,Automatic,second,474999,Hyundai Grand I10 Nios,kaggle_market,4.75
Renault,Duster,2017,9,105000,Diesel,Manual,first,612750,Renault Duster,kaggle_market,6.13
Toyota,Innova,2011,15,250000,Diesel,Manual,second,759999,Toyota Innova,kaggle_market,7.6
Skoda,Octavia,2008,18,140000,Diesel,Manual,second,247000,Skoda Octavia,kaggle_market,2.47
Tata,Indigo Cs,2010,16,90000,Diesel,Manual,first,114000,Tata Indigo Cs,kaggle_market,1.14
Toyota,Innova,2012,14,25000,Diesel,Manual,second,736250,Toyota Innova,kaggle_market,7.36
Mahindra,Xuv500,2016,10,85000,Diesel,Manual,second,475000,Mahindra Xuv500,kaggle_market,4.75
Mahindra,Scorpio,2013,13,100000,Diesel,Manual,second,522500,Mahindra Scorpio,kaggle_market,5.22
Land Rover,Discovery Sport,2020,6,53500,Diesel,Automatic,second,5296250,Land Rover Discovery Sport,kaggle_market,52.96
Renault,Kwid,2018,8,67000,Petrol,Manual,second,284050,Renault Kwid,kaggle_market,2.84
Mahindra,Tuv,2016,10,56000,Diesel,Automatic,second,660250,Mahindra Tuv,kaggle_market,6.6
Honda,Amaze,2017,9,50000,Petrol,Manual,second,437000,Honda Amaze,kaggle_market,4.37
Maruti Suzuki,Sx4,2007,19,82038,Petrol,Manual,second,142500,Maruti Suzuki Sx4,kaggle_market,1.42
Mercedes-Benz,E-Class,2021,5,27000,Diesel,Automatic,first,5937500,Mercedes-Benz E-Class,kaggle_market,59.38
Hyundai,Creta,2023,3,10110,Petrol,Manual,first,1040250,Hyundai Creta,kaggle_market,10.4
Bmw,7 Series,2012,14,90000,Diesel,Automatic,first,1757500,Bmw 7 Series,kaggle_market,17.58
Renault,Kwid,2017,9,90000,Petrol,Automatic,first,275500,Renault Kwid,kaggle_market,2.76
Maruti Suzuki,Xl6,2020,6,70000,Petrol,Manual,first,1045000,Maruti Suzuki Xl6,kaggle_market,10.45
Volkswagen,Ventotest,2011,15,66000,Petrol,Automatic,first,284050,Volkswagen Ventotest,kaggle_market,2.84
Maruti Suzuki,Ignis,2022,4,21260,Petrol,Manual,first,508250,Maruti Suzuki Ignis,kaggle_market,5.08
Honda,City,2013,13,28500,Petrol,Automatic,second,532000,Honda City,kaggle_market,5.32
Maruti Suzuki,Alto-K10,2019,7,80000,Petrol,Automatic,second,266000,Maruti Suzuki Alto-K10,kaggle_market,2.66
Maruti Suzuki,Ciaz,2019,7,38000,Petrol,Manual,first,598500,Maruti Suzuki Ciaz,kaggle_market,5.98
Maruti Suzuki,Ritz,2012,14,90000,Diesel,Manual,first,308750,Maruti Suzuki Ritz,kaggle_market,3.09
Mercedes-Benz,C-Class,2018,8,51000,Diesel,Automatic,second,2707500,Mercedes-Benz C-Class,kaggle_market,27.08
Mahindra,Scorpio,2008,18,145000,Diesel,Manual,second,422750,Mahindra Scorpio,kaggle_market,4.23
Jeep,Compass,2019,7,73000,Diesel,Manual,first,1116250,Jeep Compass,kaggle_market,11.16
Skoda,Octavia,2017,9,82500,Petrol,Automatic,second,660250,Skoda Octavia,kaggle_market,6.6
Mahindra,Bolero,2018,8,140000,Diesel,Manual,first,598500,Mahindra Bolero,kaggle_market,5.98
Hyundai,Creta,2017,9,120000,Diesel,Automatic,first,926250,Hyundai Creta,kaggle_market,9.26
Tata,Nano,2015,11,47000,Petrol,Automatic,second,251750,Tata Nano,kaggle_market,2.52
Kia,Seltos,2020,6,42000,Petrol,Manual,first,1026000,Kia Seltos,kaggle_market,10.26
Hyundai,I20,2017,9,78000,Diesel,Manual,second,654550,Hyundai I20,kaggle_market,6.55
Maruti Suzuki,Celerio,2018,8,72000,Petrol,Automatic,first,380000,Maruti Suzuki Celerio,kaggle_market,3.8
Ford,Ecosport,2014,12,102000,Diesel,Manual,second,213750,Ford Ecosport,kaggle_market,2.14
Volvo,S90,2020,6,63333,Diesel,Automatic,second,3272222,Volvo S90,kaggle_market,32.72
Hyundai,I20,2013,13,68000,Petrol,Manual,second,360050,Hyundai I20,kaggle_market,3.6
Volvo,Xc60,2016,10,65000,Diesel,Automatic,second,1496250,Volvo Xc60,kaggle_market,14.96
Bmw,Z4,2016,10,5300,Petrol,Automatic,first,6175000,Bmw Z4,kaggle_market,61.75
Toyota,Innova Crysta,2022,4,61000,Diesel,Manual,first,2327500,Toyota Innova Crysta,kaggle_market,23.28
Honda,Civic,2019,7,20000,Petrol,Automatic,second,1684350,Honda Civic,kaggle_market,16.84
Toyota,Urban Cruiser,2022,4,18000,Petrol,Automatic,first,821750,Toyota Urban Cruiser,kaggle_market,8.22
Toyota,Fortuner,2023,3,35000,Diesel,Manual,first,3800000,Toyota Fortuner,kaggle_market,38.0
Maruti Suzuki,Maruti-Suzuki-Dzire,2015,11,35000,Diesel,Manual,first,451250,Maruti Suzuki Maruti-Suzuki-Dzire,kaggle_market,4.51
Hyundai,Xcent,2017,9,82000,Petrol,Manual,first,617499,Hyundai Xcent,kaggle_market,6.17
Toyota,Glanza,2020,6,79000,Petrol,Automatic,first,617500,Toyota Glanza,kaggle_market,6.18
Maruti Suzuki,Eeco,2013,13,72000,Petrol,Manual,first,275500,Maruti Suzuki Eeco,kaggle_market,2.76
Maruti Suzuki,Wagon-R,2007,19,121000,Petrol,Manual,second,118750,Maruti Suzuki Wagon-R,kaggle_market,1.19
Hyundai,Alcazar,2022,4,23950,Diesel,Automatic,first,1971250,Hyundai Alcazar,kaggle_market,19.71
Hyundai,Elite I20,2016,10,90000,Petrol,Manual,first,403750,Hyundai Elite I20,kaggle_market,4.04
Hyundai,Creta,2016,10,58000,Petrol,Automatic,second,707750,Hyundai Creta,kaggle_market,7.08
Maruti Suzuki,Brezza,2024,2,20000,Petrol,Manual,first,1045000,Maruti Suzuki Brezza,kaggle_market,10.45
Toyota,Innova Crysta,2017,9,109000,Diesel,Automatic,first,1615000,Toyota Innova Crysta,kaggle_market,16.15
Renault,Kwid,2022,4,36000,Petrol,Automatic,first,460750,Renault Kwid,kaggle_market,4.61
Maruti Suzuki,Swift,2015,11,57000,Petrol,Manual,first,408500,Maruti Suzuki Swift,kaggle_market,4.08
Hyundai,I20,2021,5,53000,Diesel,Manual,first,745750,Hyundai I20,kaggle_market,7.46
Toyota,Innova Crysta,2019,7,125000,Diesel,Automatic,second,1600750,Toyota Innova Crysta,kaggle_market,16.01
Tata,Punch,2022,4,19100,Petrol,Manual,first,618450,Tata Punch,kaggle_market,6.18
Hyundai,I20,2019,7,26000,Petrol,Automatic,second,522500,Hyundai I20,kaggle_market,5.22
Maruti Suzuki,Xl6,2021,5,62035,Petrol,Automatic,first,1040250,Maruti Suzuki Xl6,kaggle_market,10.4
Tata,Nano,2009,17,13000,Petrol,Manual,second,57000,Tata Nano,kaggle_market,0.57
Hyundai,I20,2011,15,131000,Diesel,Manual,second,3135000,Hyundai I20,kaggle_market,31.35
Hyundai,Creta,2015,11,155000,Diesel,Manual,first,760000,Hyundai Creta,kaggle_market,7.6
Maruti Suzuki,Alto,2010,16,101325,Petrol,Manual,second,133000,Maruti Suzuki Alto,kaggle_market,1.33
Maruti Suzuki,Swift-Dzire,2018,8,71000,Diesel,Manual,second,555750,Maruti Suzuki Swift-Dzire,kaggle_market,5.56
Volkswagen,Ventotest,2015,11,59312,Petrol,Manual,second,327750,Volkswagen Ventotest,kaggle_market,3.28
Hyundai,I10,2014,12,72000,Diesel,Manual,second,432250,Hyundai I10,kaggle_market,4.32
Hyundai,Elite I20,2020,6,38000,Petrol,Manual,first,565250,Hyundai Elite I20,kaggle_market,5.65
Mahindra,Scorpio,2022,4,49000,Diesel,Manual,first,1519050,Mahindra Scorpio,kaggle_market,15.19
Hyundai,Verna,2019,7,110000,Diesel,Automatic,first,845500,Hyundai Verna,kaggle_market,8.46
Honda,Wrv,2017,9,44000,Petrol,Manual,first,618450,Honda Wrv,kaggle_market,6.18
Mercedes-Benz,E-Class,2018,8,55000,Petrol,Automatic,second,3847500,Mercedes-Benz E-Class,kaggle_market,38.48
Mercedes-Benz,E-Class,2014,12,78000,Petrol,Automatic,second,1187500,Mercedes-Benz E-Class,kaggle_market,11.88
Mahindra,Scorpio,2016,10,44000,Diesel,Manual,second,807500,Mahindra Scorpio,kaggle_market,8.07
Maruti Suzuki,S-Cross,2022,4,54252,Petrol,Automatic,first,807500,Maruti Suzuki S-Cross,kaggle_market,8.07
Hyundai,Elite I20,2014,12,55000,Diesel,Manual,second,456950,Hyundai Elite I20,kaggle_market,4.57
Hyundai,Creta,2018,8,48000,Petrol,Manual,second,726750,Hyundai Creta,kaggle_market,7.27
Ford,Endeavour,2016,10,134000,Diesel,Automatic,first,2184050,Ford Endeavour,kaggle_market,21.84
Toyota,Innova Crysta,2019,7,88000,Diesel,Automatic,first,1662500,Toyota Innova Crysta,kaggle_market,16.62
Ford,Ecosport,2013,13,80000,Diesel,Manual,second,365750,Ford Ecosport,kaggle_market,3.66
Mercedes-Benz,Cla,2019,7,32000,Diesel,Automatic,first,1757500,Mercedes-Benz Cla,kaggle_market,17.58
Honda,Civic,2011,15,82000,Petrol,Manual,first,218500,Honda Civic,kaggle_market,2.18
Mitsubishi,Cedia,2006,20,96000,Petrol,Manual,second,261250,Mitsubishi Cedia,kaggle_market,2.61
Mercedes-Benz,Glc,2024,2,15000,Diesel,Automatic,first,7600000,Mercedes-Benz Glc,kaggle_market,76.0
Mercedes-Benz,E-Class,2016,10,73000,Diesel,Automatic,first,1625555,Mercedes-Benz E-Class,kaggle_market,16.26
Bmw,X1,2018,8,41000,Diesel,Automatic,first,1946550,Bmw X1,kaggle_market,19.47
Honda,City,2012,14,65973,Petrol,Manual,second,387600,Honda City,kaggle_market,3.88
Audi,Q3,2018,8,58000,Diesel,Automatic,second,2256250,Audi Q3,kaggle_market,22.56
Hyundai,Sonata Embera,2011,15,55632,Diesel,Manual,first,261250,Hyundai Sonata Embera,kaggle_market,2.61
Honda,Crv,2013,13,97000,Petrol,Automatic,first,878750,Honda Crv,kaggle_market,8.79
Ford,Endeavour,2017,9,87000,Diesel,Automatic,second,1520000,Ford Endeavour,kaggle_market,15.2
Kia,Sonet,2020,6,42000,Petrol,Automatic,first,745750,Kia Sonet,kaggle_market,7.46
Maruti Suzuki,Maruti-Suzuki-Dzire,2013,13,65000,Petrol,Manual,first,342000,Maruti Suzuki Maruti-Suzuki-Dzire,kaggle_market,3.42
Hyundai,I20,2016,10,68712,Petrol,Manual,second,465500,Hyundai I20,kaggle_market,4.66
Ford,Endeavour,2016,10,180000,Diesel,Automatic,first,1401250,Ford Endeavour,kaggle_market,14.01
Kia,Seltos,2020,6,77000,Diesel,Automatic,first,1401250,Kia Seltos,kaggle_market,14.01
Kia,Sonet,2021,5,26000,Petrol,Manual,first,831250,Kia Sonet,kaggle_market,8.31
Renault,Kwid,2020,6,31000,Petrol,Automatic,first,370500,Renault Kwid,kaggle_market,3.7
Toyota,Innova Crysta,2019,7,47000,Diesel,Manual,first,2227750,Toyota Innova Crysta,kaggle_market,22.28
Audi,A8 L,2014,12,62000,Diesel,Automatic,second,3325000,Audi A8 L,kaggle_market,33.25
Ford,Figo Aspire,2016,10,75000,Petrol,Automatic,first,460750,Ford Figo Aspire,kaggle_market,4.61
Skoda,Octavia,2013,13,75000,Petrol,Automatic,second,536750,Skoda Octavia,kaggle_market,5.37
Ford,Ecosport,2017,9,49000,Petrol,Manual,second,560500,Ford Ecosport,kaggle_market,5.6
Hyundai,Xcent,2017,9,93000,Diesel,Manual,first,370500,Hyundai Xcent,kaggle_market,3.7
Hyundai,I20,2012,14,125000,Diesel,Manual,first,261250,Hyundai I20,kaggle_market,2.61
Maruti Suzuki,Vitara-Brezza,2017,9,156500,Diesel,Manual,second,641250,Maruti Suzuki Vitara-Brezza,kaggle_market,6.41
Hyundai,I20,2018,8,64000,Diesel,Manual,second,684000,Hyundai I20,kaggle_market,6.84
Mahindra,Thar,2023,3,7300,Diesel,Automatic,first,1492450,Mahindra Thar,kaggle_market,14.92
Mahindra,Bolero Neo,2022,4,41000,Diesel,Manual,first,902500,Mahindra Bolero Neo,kaggle_market,9.02
Hyundai,I10,2013,13,34000,Petrol,Manual,first,242250,Hyundai I10,kaggle_market,2.42
Maruti Suzuki,Swift,2022,4,25772,Petrol,Manual,first,664999,Maruti Suzuki Swift,kaggle_market,6.65
Ford,Endeavour,2018,8,62000,Diesel,Automatic,second,2184999,Ford Endeavour,kaggle_market,21.85
Toyota,Innova Crysta,2021,5,37200,Diesel,Automatic,first,2460500,Toyota Innova Crysta,kaggle_market,24.6
Honda,Accord,2005,21,137001,Petrol,Manual,second,251750,Honda Accord,kaggle_market,2.52
Toyota,Innova Hycross,2023,3,32000,Petrol,Automatic,first,2659050,Toyota Innova Hycross,kaggle_market,26.59
Volkswagen,Passat,2011,15,83800,Diesel,Automatic,second,522500,Volkswagen Passat,kaggle_market,5.22
Honda,City,2014,12,103000,Diesel,Manual,second,498750,Honda City,kaggle_market,4.99
Hyundai,Creta,2019,7,49000,Petrol,Automatic,first,945250,Hyundai Creta,kaggle_market,9.45
Hyundai,Elantra,2012,14,78000,Petrol,Automatic,second,422750,Hyundai Elantra,kaggle_market,4.23
Volkswagen,Polo,2014,12,121000,Diesel,Manual,second,441750,Volkswagen Polo,kaggle_market,4.42
Mini,3 Door,2015,11,65000,Diesel,Automatic,first,1900000,Mini 3 Door,kaggle_market,19.0
Isuzu,Max,2021,5,110000,Diesel,Manual,first,845500,Isuzu Max,kaggle_market,8.46
Maruti Suzuki,Vitara-Brezza,2019,7,115000,Diesel,Automatic,second,798000,Maruti Suzuki Vitara-Brezza,kaggle_market,7.98
Maruti Suzuki,Swift-Dzire,2015,11,83000,Diesel,Manual,first,261250,Maruti Suzuki Swift-Dzire,kaggle_market,2.61
Mahindra,Scorpio,2010,16,52085,Diesel,Manual,second,346750,Mahindra Scorpio,kaggle_market,3.47
Mahindra,Bolero,2021,5,80000,Diesel,Manual,second,878750,Mahindra Bolero,kaggle_market,8.79
Mercedes-Benz,S-Class,2016,10,59500,Petrol,Automatic,first,4750000,Mercedes-Benz S-Class,kaggle_market,47.5
Toyota,Innova Crysta,2017,9,175000,Diesel,Manual,first,1187500,Toyota Innova Crysta,kaggle_market,11.88
Tata,Tiago,2020,6,28300,Petrol,Manual,second,470250,Tata Tiago,kaggle_market,4.7
Bmw,5 Series,2019,7,35833,Diesel,Automatic,first,3895000,Bmw 5 Series,kaggle_market,38.95
Mercedes-Benz,C-Class,2022,4,9426,Diesel,Automatic,first,5120500,Mercedes-Benz C-Class,kaggle_market,51.2
Renault,Triber,2021,5,55000,Petrol,Manual,first,332500,Renault Triber,kaggle_market,3.32
Toyota,Innova Crysta,2022,4,35000,Diesel,Automatic,first,2560250,Toyota Innova Crysta,kaggle_market,25.6
Kia,Carens,2022,4,77000,Diesel,Automatic,first,1638750,Kia Carens,kaggle_market,16.39
Maruti Suzuki,Wagon-R,2007,19,84000,Petrol,Manual,second,190000,Maruti Suzuki Wagon-R,kaggle_market,1.9
Mahindra,Thar,2016,10,46108,Diesel,Manual,second,926250,Mahindra Thar,kaggle_market,9.26
Toyota,Innova Crysta,2023,3,12500,Diesel,Manual,first,2303750,Toyota Innova Crysta,kaggle_market,23.04
Hyundai,Verna,2017,9,38000,Petrol,Automatic,second,783750,Hyundai Verna,kaggle_market,7.84
Honda,City,2014,12,95000,Diesel,Manual,first,555750,Honda City,kaggle_market,5.56
Maruti Suzuki,Wagon R,2006,20,58000,Petrol,Manual,second,118750,Maruti Suzuki Wagon R,kaggle_market,1.19
Hyundai,Verna,2008,18,140000,Diesel,Manual,second,83600,Hyundai Verna,kaggle_market,0.84
Tata,Tiago,2019,7,35967,Petrol,Manual,first,389500,Tata Tiago,kaggle_market,3.9
Tata,Indica Vista,2009,17,80000,Petrol,Manual,second,95000,Tata Indica Vista,kaggle_market,0.95
Hyundai,Creta,2018,8,54904,Diesel,Manual,first,920550,Hyundai Creta,kaggle_market,9.21
Hyundai,Alcazar,2024,2,4700,Diesel,Manual,first,1995000,Hyundai Alcazar,kaggle_market,19.95
Bmw,3 Series,2013,13,57000,Diesel,Automatic,first,1140000,Bmw 3 Series,kaggle_market,11.4
Mahindra,Xuv500,2017,9,52000,Diesel,Automatic,first,1140000,Mahindra Xuv500,kaggle_market,11.4
Mahindra,Thar,2021,5,38000,Diesel,Automatic,first,1520000,Mahindra Thar,kaggle_market,15.2
Hyundai,Creta Facelift,2024,2,3200,Petrol,Manual,first,1425000,Hyundai Creta Facelift,kaggle_market,14.25
Mahindra,Thar,2021,5,46000,Diesel,Automatic,first,1539000,Mahindra Thar,kaggle_market,15.39
Maruti Suzuki,Wagon-R,2009,17,70000,Petrol,Manual,second,152950,Maruti Suzuki Wagon-R,kaggle_market,1.53
Kia,Sonet,2023,3,2400,Diesel,Automatic,first,1258750,Kia Sonet,kaggle_market,12.59
Volkswagen,Ventotest,2017,9,62000,Petrol,Automatic,second,465500,Volkswagen Ventotest,kaggle_market,4.66
Mercedes-Benz,E-Class,2014,12,119000,Diesel,Automatic,first,854050,Mercedes-Benz E-Class,kaggle_market,8.54
Honda,Amaze,2019,7,67000,Petrol,Automatic,second,546250,Honda Amaze,kaggle_market,5.46
Mahindra,Xuv500,2015,11,85000,Diesel,Manual,first,546250,Mahindra Xuv500,kaggle_market,5.46
Skoda,Rapid,2015,11,124006,Diesel,Manual,second,565250,Skoda Rapid,kaggle_market,5.65
Maruti Suzuki,Baleno,2016,10,55000,Petrol,Manual,second,503500,Maruti Suzuki Baleno,kaggle_market,5.04
Hyundai,I20,2013,13,24500,Petrol,Manual,second,270750,Hyundai I20,kaggle_market,2.71
Volkswagen,Polo,2020,6,35000,Petrol,Automatic,first,1121000,Volkswagen Polo,kaggle_market,11.21
Jeep,Compass,2017,9,51600,Diesel,Manual,first,660250,Jeep Compass,kaggle_market,6.6
Kia,Seltos,2021,5,100000,Diesel,Automatic,first,1282500,Kia Seltos,kaggle_market,12.82
Hyundai,I20,2012,14,110000,Petrol,Manual,second,227050,Hyundai I20,kaggle_market,2.27
Hyundai,Venue,2019,7,52000,Petrol,Manual,second,688750,Hyundai Venue,kaggle_market,6.89
Honda,Amaze,2022,4,21000,Petrol,Automatic,first,755250,Honda Amaze,kaggle_market,7.55
Mercedes-Benz,C-Class,2015,11,57000,Diesel,Automatic,first,1662500,Mercedes-Benz C-Class,kaggle_market,16.62
Honda,City,2015,11,70000,Petrol,Automatic,first,546250,Honda City,kaggle_market,5.46
Volkswagen,Polo,2015,11,78000,Diesel,Manual,second,565250,Volkswagen Polo,kaggle_market,5.65
Toyota,Innova Crysta,2016,10,103000,Diesel,Manual,second,1282500,Toyota Innova Crysta,kaggle_market,12.82
Hyundai,I20,2012,14,120000,Diesel,Manual,second,224200,Hyundai I20,kaggle_market,2.24
Ford,Figo,2011,15,93638,Diesel,Manual,second,294500,Ford Figo,kaggle_market,2.94
Maruti Suzuki,Swift-Dzire,2013,13,150000,Diesel,Manual,second,475000,Maruti Suzuki Swift-Dzire,kaggle_market,4.75
Hyundai,Elantra,2018,8,68000,Diesel,Automatic,first,1116250,Hyundai Elantra,kaggle_market,11.16
Maruti Suzuki,Swift-Dzire,2013,13,135000,Diesel,Manual,second,152000,Maruti Suzuki Swift-Dzire,kaggle_market,1.52
Datsun,Redigo,2018,8,38000,Petrol,Automatic,first,266000,Datsun Redigo,kaggle_market,2.66
Audi,A4,2011,15,150000,Diesel,Automatic,second,912000,Audi A4,kaggle_market,9.12
Maruti Suzuki,Swift,2019,7,48000,Petrol,Manual,first,498750,Maruti Suzuki Swift,kaggle_market,4.99
Mercedes-Benz,Cls-Class,2017,9,72000,Diesel,Automatic,second,4298855,Mercedes-Benz Cls-Class,kaggle_market,42.99
Mercedes-Benz,Gla Class,2017,9,32600,Petrol,Automatic,second,1662500,Mercedes-Benz Gla Class,kaggle_market,16.62
Maruti Suzuki,Swift,2022,4,19245,Petrol,Automatic,first,655500,Maruti Suzuki Swift,kaggle_market,6.56
Mahindra,Xylo,2018,8,244000,Diesel,Manual,second,293550,Mahindra Xylo,kaggle_market,2.94
Mahindra,Xuv500,2014,12,88500,Diesel,Manual,first,559550,Mahindra Xuv500,kaggle_market,5.6
Maruti Suzuki,Alto-K10,2015,11,73000,Petrol,Automatic,first,255550,Maruti Suzuki Alto-K10,kaggle_market,2.56
Audi,A4,2019,7,23400,Petrol,Automatic,second,2351250,Audi A4,kaggle_market,23.51
Audi,A6,2014,12,99000,Diesel,Automatic,first,807500,Audi A6,kaggle_market,8.07
Audi,A4,2017,9,116000,Diesel,Automatic,second,1985500,Audi A4,kaggle_market,19.86
Honda,City,2021,5,15000,Petrol,Automatic,first,1353750,Honda City,kaggle_market,13.54
Audi,Q3,2016,10,50000,Diesel,Automatic,second,1330000,Audi Q3,kaggle_market,13.3
Mercedes-Benz,S-Class,2019,7,29000,Petrol,Automatic,first,7790000,Mercedes-Benz S-Class,kaggle_market,77.9
Hyundai,I20,2014,12,70000,Diesel,Manual,second,422750,Hyundai I20,kaggle_market,4.23
Maruti Suzuki,Swift,2020,6,65000,Petrol,Manual,first,570000,Maruti Suzuki Swift,kaggle_market,5.7
Volkswagen,Ventotest,2015,11,103000,Diesel,Automatic,first,622250,Volkswagen Ventotest,kaggle_market,6.22
Honda,City,2018,8,48000,Petrol,Manual,second,546250,Honda City,kaggle_market,5.46
Honda,Civic,2007,19,95000,Petrol,Manual,second,209000,Honda Civic,kaggle_market,2.09
Honda,City,2014,12,90000,Diesel,Manual,second,362899,Honda City,kaggle_market,3.63
Mahindra,Tuv,2019,7,97333,Diesel,Manual,first,612750,Mahindra Tuv,kaggle_market,6.13
Hyundai,I10,2012,14,100000,Petrol,Automatic,second,304000,Hyundai I10,kaggle_market,3.04
Renault,Kwid,2016,10,40000,Petrol,Manual,second,137750,Renault Kwid,kaggle_market,1.38
Maruti Suzuki,Ciaz,2018,8,34000,Petrol,Automatic,first,675450,Maruti Suzuki Ciaz,kaggle_market,6.75
Honda,City,2017,9,28305,Petrol,Automatic,first,646950,Honda City,kaggle_market,6.47
Maruti Suzuki,Alto,2011,15,53000,Petrol,Manual,second,161500,Maruti Suzuki Alto,kaggle_market,1.62
Toyota,Camry,2016,10,175000,Petrol,Automatic,first,1121000,Toyota Camry,kaggle_market,11.21
Honda,City,2014,12,87000,Diesel,Manual,first,427500,Honda City,kaggle_market,4.28
Jaguar,Xf,2019,7,17500,Petrol,Automatic,first,3562500,Jaguar Xf,kaggle_market,35.62
Toyota,Innova Crysta,2020,6,180000,Diesel,Manual,first,1805000,Toyota Innova Crysta,kaggle_market,18.05
Maruti Suzuki,Swift-Dzire,2017,9,56000,Diesel,Manual,second,598500,Maruti Suzuki Swift-Dzire,kaggle_market,5.98
Maruti Suzuki,Ertiga,2017,9,46000,Petrol,Automatic,second,688750,Maruti Suzuki Ertiga,kaggle_market,6.89
Maruti Suzuki,S-Presso,2021,5,25000,Petrol,Automatic,second,427500,Maruti Suzuki S-Presso,kaggle_market,4.28
Skoda,Octavia,2015,11,59000,Petrol,Automatic,second,679250,Skoda Octavia,kaggle_market,6.79
Hyundai,Creta,2016,10,78000,Diesel,Automatic,second,973750,Hyundai Creta,kaggle_market,9.74
Audi,Q3,2017,9,120000,Diesel,Automatic,second,1852500,Audi Q3,kaggle_market,18.52
Maruti Suzuki,Ignis,2020,6,28000,Petrol,Automatic,second,617499,Maruti Suzuki Ignis,kaggle_market,6.17
Honda,City,2016,10,29000,Petrol,Automatic,first,641250,Honda City,kaggle_market,6.41
Hyundai,I20,2017,9,49700,Petrol,Manual,first,542450,Hyundai I20,kaggle_market,5.42
Mahindra,Xuv500,2019,7,19300,Diesel,Manual,second,945250,Mahindra Xuv500,kaggle_market,9.45
Volkswagen,Polo,2021,5,17000,Petrol,Automatic,first,1186550,Volkswagen Polo,kaggle_market,11.87
Toyota,Fortuner,2013,13,95013,Diesel,Automatic,first,997500,Toyota Fortuner,kaggle_market,9.98
Maruti Suzuki,Alto 800,2020,6,39000,Petrol,Manual,first,394250,Maruti Suzuki Alto 800,kaggle_market,3.94
Hyundai,Creta,2022,4,9000,Petrol,Manual,first,1420250,Hyundai Creta,kaggle_market,14.2
Jeep,Compass,2020,6,52300,Petrol,Automatic,first,1496250,Jeep Compass,kaggle_market,14.96
Audi,A6,2013,13,16250,Petrol,Automatic,first,1282500,Audi A6,kaggle_market,12.82
Hyundai,Venue,2020,6,30000,Petrol,Manual,first,669750,Hyundai Venue,kaggle_market,6.7
Tata,Tigor,2022,4,18000,Petrol,Manual,first,760000,Tata Tigor,kaggle_market,7.6
Bmw,5 Series,2015,11,92000,Diesel,Automatic,first,1377500,Bmw 5 Series,kaggle_market,13.78
Tata,Nano,2014,12,48000,Petrol,Manual,second,171000,Tata Nano,kaggle_market,1.71
Kia,Sonet,2023,3,2400,Petrol,Automatic,first,1258750,Kia Sonet,kaggle_market,12.59
Bmw,7 Series,2018,8,51000,Diesel,Automatic,second,4441250,Bmw 7 Series,kaggle_market,44.41
Honda,City,2016,10,111000,Petrol,Automatic,first,427500,Honda City,kaggle_market,4.28
Chevrolet,Cruze,2013,13,90000,Diesel,Automatic,first,418000,Chevrolet Cruze,kaggle_market,4.18
Maruti Suzuki,Swift-Dzire,2017,9,68000,Petrol,Manual,second,475000,Maruti Suzuki Swift-Dzire,kaggle_market,4.75
Maruti Suzuki,Baleno,2017,9,51000,Petrol,Manual,first,460750,Maruti Suzuki Baleno,kaggle_market,4.61
Skoda,Superb,2013,13,72000,Petrol,Automatic,first,380000,Skoda Superb,kaggle_market,3.8
Honda,City,2010,16,79000,Petrol,Manual,second,194750,Honda City,kaggle_market,1.95
Mercedes-Benz,E-Class,2014,12,51447,Diesel,Automatic,first,1401251,Mercedes-Benz E-Class,kaggle_market,14.01
Mahindra,Scorpio,2023,3,15903,Diesel,Automatic,first,2232501,Mahindra Scorpio,kaggle_market,22.33
Hyundai,Verna,2013,13,52000,Diesel,Manual,first,248900,Hyundai Verna,kaggle_market,2.49
Maruti Suzuki,Ertiga,2021,5,19500,Petrol,Manual,first,1045000,Maruti Suzuki Ertiga,kaggle_market,10.45
Honda,City,2016,10,56000,Petrol,Automatic,second,593750,Honda City,kaggle_market,5.94
Honda,Accord,2004,22,80000,Petrol,Manual,second,57000,Honda Accord,kaggle_market,0.57
Toyota,Fortuner,2013,13,180000,Diesel,Manual,second,1662500,Toyota Fortuner,kaggle_market,16.62
Mahindra,Tuv,2016,10,64525,Diesel,Manual,first,422750,Mahindra Tuv,kaggle_market,4.23
Toyota,Innova Crysta,2022,4,7000,Petrol,Automatic,first,2137500,Toyota Innova Crysta,kaggle_market,21.38
Mahindra,Xuv700,2024,2,1450,Diesel,Automatic,first,2590650,Mahindra Xuv700,kaggle_market,25.91
Maruti Suzuki,Zen-Estilo,2005,21,85000,Petrol,Automatic,second,51300,Maruti Suzuki Zen-Estilo,kaggle_market,0.51
Mini,3 Door,2019,7,39000,Petrol,Automatic,second,3705000,Mini 3 Door,kaggle_market,37.05
Honda,Amaze,2021,5,31986,Petrol,Manual,first,641250,Honda Amaze,kaggle_market,6.41
Tata,Harrier,2023,3,29000,Diesel,Manual,first,1705250,Tata Harrier,kaggle_market,17.05
Hyundai,Elite I20,2015,11,57000,Petrol,Manual,first,432250,Hyundai Elite I20,kaggle_market,4.32
Mini,Cooper,2018,8,12923,Petrol,Automatic,first,3382000,Mini Cooper,kaggle_market,33.82
Hyundai,Creta,2020,6,130000,Diesel,Automatic,second,1045000,Hyundai Creta,kaggle_market,10.45
Honda,Amaze,2020,6,25000,Petrol,Manual,first,622250,Honda Amaze,kaggle_market,6.22
Maruti Suzuki,Swift,2009,17,80282,Petrol,Manual,second,261250,Maruti Suzuki Swift,kaggle_market,2.61
Mercedes-Benz,C-Class,2017,9,112000,Diesel,Automatic,first,2517500,Mercedes-Benz C-Class,kaggle_market,25.18
Hyundai,I10,2009,17,69000,Petrol,Automatic,first,218500,Hyundai I10,kaggle_market,2.18
Maruti Suzuki,Swift-Dzire,2008,18,83481,Petrol,Manual,second,166250,Maruti Suzuki Swift-Dzire,kaggle_market,1.66
Volkswagen,Polo,2021,5,50000,Petrol,Automatic,second,902500,Volkswagen Polo,kaggle_market,9.02
Maruti Suzuki,Baleno,2016,10,63200,Petrol,Automatic,second,555750,Maruti Suzuki Baleno,kaggle_market,5.56
Hyundai,Grand I10,2018,8,53000,Petrol,Manual,second,379050,Hyundai Grand I10,kaggle_market,3.79
Kia,Sonet,2023,3,43000,Diesel,Manual,first,1035500,Kia Sonet,kaggle_market,10.36
Bmw,X4,2022,4,9000,Petrol,Automatic,second,6840000,Bmw X4,kaggle_market,68.4
Hyundai,I10,2011,15,58000,Petrol,Automatic,first,356250,Hyundai I10,kaggle_market,3.56
Mg,Hector,2021,5,50000,Petrol,Automatic,second,1329050,Mg Hector,kaggle_market,13.29
Maruti Suzuki,Ciaz,2019,7,49000,Petrol,Automatic,second,660250,Maruti Suzuki Ciaz,kaggle_market,6.6
Honda,City Zx,2005,21,60000,Petrol,Manual,second,85500,Honda City Zx,kaggle_market,0.86
Chevrolet,Cruze,2013,13,70000,Diesel,Automatic,first,399950,Chevrolet Cruze,kaggle_market,4.0
Volkswagen,Polo,2019,7,48000,Petrol,Manual,first,617500,Volkswagen Polo,kaggle_market,6.18
Tata,Nexon,2018,8,38000,Petrol,Manual,first,565250,Tata Nexon,kaggle_market,5.65
Maruti Suzuki,Alto-800,2021,5,19500,Petrol,Manual,second,342000,Maruti Suzuki Alto-800,kaggle_market,3.42
Mahindra,Xuv500,2014,12,99000,Diesel,Manual,second,484500,Mahindra Xuv500,kaggle_market,4.84
Toyota,Innova Crysta,2018,8,74000,Diesel,Automatic,second,1757500,Toyota Innova Crysta,kaggle_market,17.58
Maruti Suzuki,S-Cross,2017,9,113000,Diesel,Manual,second,565250,Maruti Suzuki S-Cross,kaggle_market,5.65
Hyundai,Tucson,2017,9,90709,Diesel,Automatic,first,1258750,Hyundai Tucson,kaggle_market,12.59
Toyota,Innova Crysta,2016,10,99584,Diesel,Automatic,first,1795500,Toyota Innova Crysta,kaggle_market,17.95
Chevrolet,Enjoy,2015,11,92000,Diesel,Manual,second,375250,Chevrolet Enjoy,kaggle_market,3.75
Maruti Suzuki,Grand Vitara,2023,3,20000,Petrol,Automatic,first,1705250,Maruti Suzuki Grand Vitara,kaggle_market,17.05
Maruti Suzuki,Swift,2019,7,80000,Diesel,Manual,first,736250,Maruti Suzuki Swift,kaggle_market,7.36
Ford,Figo,2013,13,64000,Diesel,Manual,first,227050,Ford Figo,kaggle_market,2.27
Hyundai,Venue,2015,11,78000,Diesel,Manual,first,555750,Hyundai Venue,kaggle_market,5.56
Audi,Q5,2010,16,98000,Diesel,Automatic,second,1021250,Audi Q5,kaggle_market,10.21
Kia,Seltos,2022,4,18000,Petrol,Automatic,first,1420250,Kia Seltos,kaggle_market,14.2
Bmw,X3,2012,14,86000,Diesel,Automatic,second,1068750,Bmw X3,kaggle_market,10.69
Honda,Mobilio,2015,11,51000,Petrol,Manual,second,460750,Honda Mobilio,kaggle_market,4.61
Fiat,Punto Evo,2015,11,86000,Diesel,Manual,second,237500,Fiat Punto Evo,kaggle_market,2.38
Bmw,3 Series Gt,2017,9,100000,Diesel,Automatic,first,1748000,Bmw 3 Series Gt,kaggle_market,17.48
Mahindra,Scorpio N,2023,3,12000,Diesel,Automatic,first,2280000,Mahindra Scorpio N,kaggle_market,22.8
Maruti Suzuki,Vitara-Brezza,2018,8,67000,Diesel,Manual,first,570000,Maruti Suzuki Vitara-Brezza,kaggle_market,5.7
Hyundai,Alcazar,2022,4,33000,Diesel,Automatic,first,1804050,Hyundai Alcazar,kaggle_market,18.04
Mahindra,Xuv500,2015,11,71000,Diesel,Manual,second,698250,Mahindra Xuv500,kaggle_market,6.98
Hyundai,Grand I10,2017,9,47600,Petrol,Automatic,first,474050,Hyundai Grand I10,kaggle_market,4.74
Hyundai,Verna,2002,24,160000,Diesel,Manual,first,365750,Hyundai Verna,kaggle_market,3.66
Audi,A3,2015,11,95000,Diesel,Automatic,first,1325250,Audi A3,kaggle_market,13.25
Maruti Suzuki,Brezza,2022,4,33000,Petrol,Automatic,first,845500,Maruti Suzuki Brezza,kaggle_market,8.46
Hyundai,Creta,2018,8,70000,Diesel,Manual,first,916750,Hyundai Creta,kaggle_market,9.17
Tata,Hexa,2017,9,57000,Diesel,Automatic,first,840750,Tata Hexa,kaggle_market,8.41
Hyundai,Creta,2019,7,36588,Diesel,Automatic,first,950000,Hyundai Creta,kaggle_market,9.5
Hyundai,Verna,2021,5,46000,Petrol,Automatic,first,1140000,Hyundai Verna,kaggle_market,11.4
Bmw,3 Series,2014,12,90000,Diesel,Automatic,second,1197000,Bmw 3 Series,kaggle_market,11.97
Maruti Suzuki,Swift,2013,13,54268,Petrol,Manual,first,261840,Maruti Suzuki Swift,kaggle_market,2.62
Bmw,X1,2011,15,110000,Diesel,Automatic,second,712500,Bmw X1,kaggle_market,7.12
Hyundai,Creta,2018,8,57000,Diesel,Automatic,first,1068750,Hyundai Creta,kaggle_market,10.69
Hyundai,Creta,2021,5,25000,Petrol,Manual,first,1230250,Hyundai Creta,kaggle_market,12.3
Mahindra,Tuv,2018,8,83725,Diesel,Automatic,second,641250,Mahindra Tuv,kaggle_market,6.41
Toyota,Etios,2018,8,95000,Diesel,Manual,second,517750,Toyota Etios,kaggle_market,5.18
Renault,Kwid,2017,9,33000,Petrol,Automatic,second,356250,Renault Kwid,kaggle_market,3.56
Isuzu,D-Max V-Cross,2018,8,96000,Diesel,Manual,second,1472500,Isuzu D-Max V-Cross,kaggle_market,14.72
Honda,Civic,2006,20,98000,Petrol,Automatic,second,213750,Honda Civic,kaggle_market,2.14
Maruti Suzuki,Alto-800,2016,10,101500,Petrol,Manual,second,232750,Maruti Suzuki Alto-800,kaggle_market,2.33
Volkswagen,Ventotest,2017,9,76654,Petrol,Automatic,first,736250,Volkswagen Ventotest,kaggle_market,7.36
Maruti Suzuki,Swift-Dzire,2012,14,69000,Petrol,Manual,second,299250,Maruti Suzuki Swift-Dzire,kaggle_market,2.99
Mg,Hector,2019,7,16000,Petrol,Automatic,second,1187500,Mg Hector,kaggle_market,11.88
Hyundai,Creta,2019,7,38000,Petrol,Automatic,second,902500,Hyundai Creta,kaggle_market,9.02
Maruti Suzuki,Vitara-Brezza,2018,8,53200,Diesel,Automatic,first,845500,Maruti Suzuki Vitara-Brezza,kaggle_market,8.46
Audi,A3,2015,11,52500,Petrol,Automatic,first,1472500,Audi A3,kaggle_market,14.72
Maruti Suzuki,Vitara-Brezza,2019,7,76000,Diesel,Automatic,first,698250,Maruti Suzuki Vitara-Brezza,kaggle_market,6.98
Hyundai,Creta,2020,6,54000,Petrol,Manual,first,1035500,Hyundai Creta,kaggle_market,10.36
Jaguar,Xf,2013,13,35000,Diesel,Automatic,second,1657750,Jaguar Xf,kaggle_market,16.58
Nissan,Terrano,2017,9,95000,Petrol,Manual,second,475000,Nissan Terrano,kaggle_market,4.75
Hyundai,Tucson,2021,5,29168,Diesel,Automatic,first,2470000,Hyundai Tucson,kaggle_market,24.7
Tata,Zest,2019,7,140000,Diesel,Manual,first,465500,Tata Zest,kaggle_market,4.66
Maruti Suzuki,Baleno,2019,7,21000,Petrol,Manual,first,641250,Maruti Suzuki Baleno,kaggle_market,6.41
Hyundai,I10,2013,13,56000,Petrol,Manual,second,175750,Hyundai I10,kaggle_market,1.76
Hyundai,Creta,2022,4,33000,Diesel,Automatic,first,1743250,Hyundai Creta,kaggle_market,17.43
Hyundai,Fluidic Verna,2016,10,84100,Petrol,Manual,second,612750,Hyundai Fluidic Verna,kaggle_market,6.13
Maruti Suzuki,Ritz,2014,12,98000,Diesel,Manual,first,422750,Maruti Suzuki Ritz,kaggle_market,4.23
Honda,City,2017,9,73000,Petrol,Automatic,first,560500,Honda City,kaggle_market,5.6
Hyundai,Creta,2015,11,118000,Diesel,Manual,second,831250,Hyundai Creta,kaggle_market,8.31
Mercedes-Benz,C-Class,2018,8,43000,Diesel,Automatic,second,2232500,Mercedes-Benz C-Class,kaggle_market,22.32
Hyundai,Fluidic Verna,2020,6,76500,Petrol,Manual,first,1021250,Hyundai Fluidic Verna,kaggle_market,10.21
Maruti Suzuki,Alto-800,2020,6,105000,Petrol,Manual,second,294500,Maruti Suzuki Alto-800,kaggle_market,2.94
Maruti Suzuki,Alto,2010,16,82000,Petrol,Manual,second,128250,Maruti Suzuki Alto,kaggle_market,1.28
Maruti Suzuki,Maruti-Suzuki-Dzire,2013,13,43000,Petrol,Manual,first,370500,Maruti Suzuki Maruti-Suzuki-Dzire,kaggle_market,3.7
Toyota,Innova,2011,15,49000,Diesel,Manual,first,402800,Toyota Innova,kaggle_market,4.03
Honda,City,2017,9,81000,Petrol,Automatic,first,664050,Honda City,kaggle_market,6.64
Volkswagen,Vento,2017,9,85000,Diesel,Automatic,first,712500,Volkswagen Vento,kaggle_market,7.12
Renault,Duster,2018,8,83000,Diesel,Automatic,second,893000,Renault Duster,kaggle_market,8.93
Hyundai,Verna,2019,7,87000,Diesel,Manual,first,997500,Hyundai Verna,kaggle_market,9.98
Hyundai,Creta,2023,3,34000,Diesel,Automatic,first,1852500,Hyundai Creta,kaggle_market,18.52
Maruti Suzuki,Ertiga,2016,10,70000,Diesel,Manual,first,713450,Maruti Suzuki Ertiga,kaggle_market,7.13
Honda,City,2016,10,40000,Petrol,Manual,first,593750,Honda City,kaggle_market,5.94
Hyundai,Alcazar,2021,5,100000,Diesel,Automatic,first,1377500,Hyundai Alcazar,kaggle_market,13.78
Mercedes-Benz,E-Class,2015,11,85000,Petrol,Automatic,first,1325250,Mercedes-Benz E-Class,kaggle_market,13.25
Volkswagen,Tiguan,2017,9,110000,Diesel,Automatic,first,1420250,Volkswagen Tiguan,kaggle_market,14.2
Mahindra,Xuv 300,2021,5,18000,Petrol,Automatic,first,940500,Mahindra Xuv 300,kaggle_market,9.4
Mahindra,Xuv500,2016,10,99344,Diesel,Manual,second,541500,Mahindra Xuv500,kaggle_market,5.42
Tata,Safari,2022,4,65000,Diesel,Automatic,first,1985500,Tata Safari,kaggle_market,19.86
Maruti Suzuki,Swift-Dzire,2013,13,73500,Petrol,Manual,second,351500,Maruti Suzuki Swift-Dzire,kaggle_market,3.52
Maruti Suzuki,Ciaz,2017,9,75000,Petrol,Automatic,second,641250,Maruti Suzuki Ciaz,kaggle_market,6.41
Tata,Hexa,2017,9,81000,Diesel,Automatic,first,750500,Tata Hexa,kaggle_market,7.5
Maruti Suzuki,Omni,2015,11,45100,Petrol,Manual,first,149150,Maruti Suzuki Omni,kaggle_market,1.49
Tata,Safari,2021,5,54000,Diesel,Automatic,first,1420250,Tata Safari,kaggle_market,14.2
Hyundai,Creta,2018,8,54000,Petrol,Manual,second,850250,Hyundai Creta,kaggle_market,8.5
Volkswagen,Polo Gti,2013,13,61000,Petrol,Automatic,first,389500,Volkswagen Polo Gti,kaggle_market,3.9
Hyundai,Grand I10,2019,7,51000,Petrol,Manual,first,494950,Hyundai Grand I10,kaggle_market,4.95
Mg,Hector,2020,6,65000,Petrol,Manual,second,1068750,Mg Hector,kaggle_market,10.69
Skoda,Rapid,2017,9,49600,Petrol,Manual,first,631750,Skoda Rapid,kaggle_market,6.32
Hyundai,Verna,2022,4,50000,Diesel,Manual,first,1140000,Hyundai Verna,kaggle_market,11.4
Mahindra,Thar,2022,4,39000,Diesel,Manual,first,1377500,Mahindra Thar,kaggle_market,13.78
Toyota,Fortuner,2010,16,279000,Diesel,Manual,first,1186550,Toyota Fortuner,kaggle_market,11.87
Renault,Duster,2015,11,76000,Petrol,Manual,second,403750,Renault Duster,kaggle_market,4.04
Skoda,Rapid,2015,11,71000,Petrol,Automatic,second,375250,Skoda Rapid,kaggle_market,3.75
Audi,A6,2017,9,29500,Diesel,Automatic,second,2042500,Audi A6,kaggle_market,20.42
Honda,Jazz,2016,10,63210,Petrol,Manual,first,399950,Honda Jazz,kaggle_market,4.0
Kia,Seltos,2021,5,35000,Diesel,Automatic,first,1648250,Kia Seltos,kaggle_market,16.48
Chevrolet,Optra,2009,17,97000,Petrol,Manual,second,237500,Chevrolet Optra,kaggle_market,2.38
Maruti Suzuki,Wagon R,2017,9,41000,Petrol,Automatic,first,441750,Maruti Suzuki Wagon R,kaggle_market,4.42
Mini,Cooper Countryman,2019,7,31900,Petrol,Automatic,second,2517500,Mini Cooper Countryman,kaggle_market,25.18
Kia,Seltos,2019,7,22000,Petrol,Automatic,second,1135250,Kia Seltos,kaggle_market,11.35
Bmw,X3,2017,9,104000,Diesel,Automatic,second,2090000,Bmw X3,kaggle_market,20.9
Mahindra,Bolero,2018,8,85000,Diesel,Manual,second,593750,Mahindra Bolero,kaggle_market,5.94
Mahindra,Xuv700,2023,3,5000,Diesel,Automatic,first,2802500,Mahindra Xuv700,kaggle_market,28.02
Mercedes-Benz,Gle,2023,3,30000,Diesel,Automatic,first,9215000,Mercedes-Benz Gle,kaggle_market,92.15
Hyundai,Creta,2019,7,50000,Petrol,Manual,first,926250,Hyundai Creta,kaggle_market,9.26
Honda,Brio,2015,11,65000,Petrol,Manual,first,356250,Honda Brio,kaggle_market,3.56
Maruti Suzuki,Ritz,2014,12,9000,Diesel,Manual,second,304000,Maruti Suzuki Ritz,kaggle_market,3.04
Audi,Q5,2012,14,76532,Diesel,Automatic,second,902500,Audi Q5,kaggle_market,9.02
Maruti Suzuki,Ritz,2012,14,62000,Diesel,Manual,first,350550,Maruti Suzuki Ritz,kaggle_market,3.51
Bmw,3 Series,2010,16,65000,Diesel,Automatic,first,464550,Bmw 3 Series,kaggle_market,4.65
Renault,Triber,2022,4,39000,Diesel,Automatic,first,712500,Renault Triber,kaggle_market,7.12
Ford,Endeavour,2018,8,93000,Diesel,Automatic,first,2089050,Ford Endeavour,kaggle_market,20.89
Hyundai,Creta,2017,9,67000,Petrol,Automatic,first,750500,Hyundai Creta,kaggle_market,7.5
Maruti Suzuki,Celerio,2016,10,94000,Petrol,Automatic,second,289750,Maruti Suzuki Celerio,kaggle_market,2.9
Bmw,X3,2016,10,92000,Diesel,Automatic,second,2850000,Bmw X3,kaggle_market,28.5
Maruti Suzuki,Celerio,2015,11,71000,Diesel,Manual,second,356250,Maruti Suzuki Celerio,kaggle_market,3.56
Hyundai,Tucson,2017,9,72431,Diesel,Automatic,second,996550,Hyundai Tucson,kaggle_market,9.97
Mahindra,Scorpio,2012,14,95000,Diesel,Manual,first,517750,Mahindra Scorpio,kaggle_market,5.18
Toyota,Fortuner,2023,3,19000,Diesel,Automatic,first,3752500,Toyota Fortuner,kaggle_market,37.52
Maruti Suzuki,Celerio,2015,11,80000,Petrol,Manual,second,408500,Maruti Suzuki Celerio,kaggle_market,4.08
Mercedes-Benz,Gl-Class,2012,14,95000,Diesel,Automatic,second,1376550,Mercedes-Benz Gl-Class,kaggle_market,13.77
Toyota,Innova Crysta,2016,10,94100,Diesel,Manual,first,1743250,Toyota Innova Crysta,kaggle_market,17.43
Ford,Endeavour,2020,6,90000,Diesel,Automatic,first,2992500,Ford Endeavour,kaggle_market,29.92
Toyota,Fortuner,2015,11,125000,Diesel,Automatic,first,1068750,Toyota Fortuner,kaggle_market,10.69
Hyundai,Creta,2017,9,77000,Petrol,Manual,first,731500,Hyundai Creta,kaggle_market,7.32
Mercedes-Benz,Glc Class,2017,9,65000,Diesel,Automatic,second,2645750,Mercedes-Benz Glc Class,kaggle_market,26.46
Tata,Harrier,2024,2,4200,Diesel,Automatic,first,2018750,Tata Harrier,kaggle_market,20.19
Ford,Fiesta Classic,2011,15,135000,Diesel,Manual,second,213750,Ford Fiesta Classic,kaggle_market,2.14
Hyundai,Verna,2008,18,71000,Petrol,Manual,second,237500,Hyundai Verna,kaggle_market,2.38
Tata,Harrier,2022,4,20000,Diesel,Automatic,first,2042500,Tata Harrier,kaggle_market,20.42
Mahindra,Scorpio,2020,6,48100,Diesel,Manual,first,1187500,Mahindra Scorpio,kaggle_market,11.88
Honda,City,2013,13,107565,Petrol,Manual,second,403750,Honda City,kaggle_market,4.04
Toyota,Fortuner,2019,7,55000,Diesel,Automatic,second,3301250,Toyota Fortuner,kaggle_market,33.01
Tata,Nexon,2019,7,74576,Diesel,Manual,first,608000,Tata Nexon,kaggle_market,6.08
Maruti Suzuki,Ciaz,2014,12,75000,Petrol,Manual,first,451250,Maruti Suzuki Ciaz,kaggle_market,4.51
Maruti Suzuki,Baleno,2020,6,45124,Petrol,Manual,first,617500,Maruti Suzuki Baleno,kaggle_market,6.18
Hyundai,Elite I20,2018,8,78000,Diesel,Manual,second,593750,Hyundai Elite I20,kaggle_market,5.94
Toyota,Etios,2011,15,65321,Diesel,Manual,second,208146,Toyota Etios,kaggle_market,2.08
Isuzu,Mux,2019,7,185000,Diesel,Automatic,first,1458250,Isuzu Mux,kaggle_market,14.58
Maruti Suzuki,Alto,2012,14,63000,Petrol,Manual,first,189050,Maruti Suzuki Alto,kaggle_market,1.89
Maruti Suzuki,Ritz,2014,12,65000,Petrol,Manual,second,261250,Maruti Suzuki Ritz,kaggle_market,2.61
Maruti Suzuki,Ignis,2017,9,88000,Petrol,Manual,second,389500,Maruti Suzuki Ignis,kaggle_market,3.9
Audi,A4,2015,11,85000,Diesel,Automatic,second,579500,Audi A4,kaggle_market,5.8
Honda,City,2015,11,71000,Petrol,Manual,second,473100,Honda City,kaggle_market,4.73
Maruti Suzuki,Swift,2018,8,65000,Diesel,Manual,first,617500,Maruti Suzuki Swift,kaggle_market,6.18
Mahindra,Xuv500,2016,10,81000,Diesel,Manual,first,655500,Mahindra Xuv500,kaggle_market,6.56
Bmw,7 Series,2009,17,40000,Petrol,Automatic,first,950000,Bmw 7 Series,kaggle_market,9.5
Kia,Seltos,2020,6,70000,Diesel,Automatic,first,1472500,Kia Seltos,kaggle_market,14.72
Mercedes-Benz,V-Class,2019,7,75000,Diesel,Automatic,first,5201250,Mercedes-Benz V-Class,kaggle_market,52.01
Tata,Safari Storme,2017,9,96000,Diesel,Manual,second,641250,Tata Safari Storme,kaggle_market,6.41
Toyota,Fortuner,2015,11,150000,Diesel,Automatic,second,1377500,Toyota Fortuner,kaggle_market,13.78
Honda,City,2018,8,82000,Petrol,Manual,second,617500,Honda City,kaggle_market,6.18
Maruti Suzuki,Swift,2017,9,129000,Diesel,Manual,first,512050,Maruti Suzuki Swift,kaggle_market,5.12
Toyota,Fortuner,2023,3,19500,Diesel,Automatic,second,4151500,Toyota Fortuner,kaggle_market,41.52
Maruti Suzuki,Alto-K10,2012,14,100000,Petrol,Manual,second,190000,Maruti Suzuki Alto-K10,kaggle_market,1.9
Volkswagen,Ventotest,2015,11,104771,Diesel,Automatic,second,427500,Volkswagen Ventotest,kaggle_market,4.28
Tata,Indica Ev2,2012,14,190000,Diesel,Manual,first,80750,Tata Indica Ev2,kaggle_market,0.81
Tata,Tigor,2017,9,49000,Petrol,Automatic,second,408500,Tata Tigor,kaggle_market,4.08
Honda,City,2017,9,70000,Petrol,Manual,second,650750,Honda City,kaggle_market,6.51
Kia,Seltos,2021,5,35213,Petrol,Automatic,first,1040250,Kia Seltos,kaggle_market,10.4
Mercedes-Benz,E-Class,2012,14,59695,Diesel,Automatic,second,1467750,Mercedes-Benz E-Class,kaggle_market,14.68
Hyundai,Grand I10,2016,10,45000,Petrol,Manual,second,313500,Hyundai Grand I10,kaggle_market,3.14
Tata,Nexon,2020,6,30000,Petrol,Manual,first,736250,Tata Nexon,kaggle_market,7.36
Tata,Nexon,2019,7,31000,Petrol,Manual,first,570000,Tata Nexon,kaggle_market,5.7
Hyundai,Creta,2020,6,55000,Petrol,Automatic,second,1258750,Hyundai Creta,kaggle_market,12.59
Maruti Suzuki,Ertiga,2023,3,8500,Petrol,Automatic,first,998450,Maruti Suzuki Ertiga,kaggle_market,9.98
Tata,Safari,2013,13,87312,Diesel,Manual,first,331972,Tata Safari,kaggle_market,3.32
Maruti Suzuki,Baleno,2018,8,72000,Petrol,Automatic,second,503500,Maruti Suzuki Baleno,kaggle_market,5.04
Toyota,Fortuner,2010,16,126000,Diesel,Manual,first,541500,Toyota Fortuner,kaggle_market,5.42
Audi,A4,2013,13,55000,Diesel,Automatic,second,745750,Audi A4,kaggle_market,7.46
Toyota,Etios Liva,2016,10,148000,Diesel,Manual,first,521550,Toyota Etios Liva,kaggle_market,5.22
Toyota,2.8 Legender 4X2,2015,11,175300,Diesel,Automatic,second,950000,Toyota 2.8 Legender 4X2,kaggle_market,9.5
Volkswagen,Crosspolo,2014,12,104600,Diesel,Manual,second,426550,Volkswagen Crosspolo,kaggle_market,4.27
Maruti Suzuki,Vitara-Brezza,2019,7,35000,Diesel,Automatic,second,646000,Maruti Suzuki Vitara-Brezza,kaggle_market,6.46
Mg,Hector Plus,2023,3,27002,Petrol,Automatic,first,1995002,Mg Hector Plus,kaggle_market,19.95
Mercedes-Benz,Gl-Class,2014,12,94500,Diesel,Automatic,second,2042500,Mercedes-Benz Gl-Class,kaggle_market,20.42
Jaguar,Xf,2019,7,15000,Diesel,Automatic,second,2845250,Jaguar Xf,kaggle_market,28.45
Maruti Suzuki,Baleno,2016,10,90000,Diesel,Manual,second,475000,Maruti Suzuki Baleno,kaggle_market,4.75
Maruti Suzuki,Swift-Dzire,2017,9,42000,Petrol,Manual,second,465500,Maruti Suzuki Swift-Dzire,kaggle_market,4.66
Hyundai,Santro Xing,2009,17,36200,Petrol,Manual,first,86925,Hyundai Santro Xing,kaggle_market,0.87
Toyota,Innova Crysta,2018,8,98000,Diesel,Automatic,second,1567500,Toyota Innova Crysta,kaggle_market,15.68
Toyota,Innova Crysta,2022,4,21000,Diesel,Automatic,first,2460500,Toyota Innova Crysta,kaggle_market,24.6
Bmw,X1,2017,9,39000,Diesel,Automatic,second,2279999,Bmw X1,kaggle_market,22.8
Bmw,X3,2012,14,75000,Diesel,Automatic,second,1876250,Bmw X3,kaggle_market,18.76
Kia,Seltos,2020,6,34000,Diesel,Manual,first,1021250,Kia Seltos,kaggle_market,10.21
Maruti Suzuki,Wagon-R,2009,17,18000,Petrol,Manual,second,128250,Maruti Suzuki Wagon-R,kaggle_market,1.28
Toyota,Innova Crysta,2020,6,33000,Diesel,Manual,second,1187500,Toyota Innova Crysta,kaggle_market,11.88
Tata,Harrier,2021,5,29336,Diesel,Manual,first,2075750,Tata Harrier,kaggle_market,20.76
Honda,Jazz,2011,15,90000,Petrol,Manual,second,189050,Honda Jazz,kaggle_market,1.89
Maruti Suzuki,Swift-Dzire,2014,12,53000,Diesel,Manual,first,270750,Maruti Suzuki Swift-Dzire,kaggle_market,2.71
Maruti Suzuki,Swift-Dzire,2017,9,155000,Diesel,Manual,second,522500,Maruti Suzuki Swift-Dzire,kaggle_market,5.22
Tata,Harrier,2022,4,48000,Diesel,Automatic,first,1994999,Tata Harrier,kaggle_market,19.95
Skoda,Kushaq,2024,2,13000,Petrol,Automatic,first,1401250,Skoda Kushaq,kaggle_market,14.01
Maruti Suzuki,Celerio-X,2018,8,67452,Petrol,Automatic,first,365750,Maruti Suzuki Celerio-X,kaggle_market,3.66
Mini,Cooper S,2017,9,22000,Petrol,Automatic,second,2707500,Mini Cooper S,kaggle_market,27.08
Maruti Suzuki,Ertiga,2016,10,145000,Diesel,Automatic,second,617500,Maruti Suzuki Ertiga,kaggle_market,6.18
Tata,Manza,2011,15,150000,Diesel,Manual,first,141550,Tata Manza,kaggle_market,1.42
Kia,Seltos,2019,7,54500,Diesel,Automatic,first,1510500,Kia Seltos,kaggle_market,15.1
Bmw,5 Series,2018,8,30000,Diesel,Automatic,first,3752500,Bmw 5 Series,kaggle_market,37.52
Volkswagen,Polo,2013,13,75000,Petrol,Automatic,second,446500,Volkswagen Polo,kaggle_market,4.46
Honda,Amaze,2019,7,45000,Petrol,Automatic,first,617499,Honda Amaze,kaggle_market,6.17
Jeep,Compass,2021,5,78000,Diesel,Automatic,first,1472500,Jeep Compass,kaggle_market,14.72
Toyota,Innova,2012,14,144600,Diesel,Manual,second,617500,Toyota Innova,kaggle_market,6.18
Toyota,Innova,2015,11,189000,Diesel,Manual,second,874000,Toyota Innova,kaggle_market,8.74
Audi,A6,2017,9,58000,Petrol,Automatic,first,2612500,Audi A6,kaggle_market,26.12
Mahindra,Bolero Power Plus,2013,13,174000,Diesel,Automatic,first,308750,Mahindra Bolero Power Plus,kaggle_market,3.09
Skoda,Rapid,2013,13,65000,Petrol,Automatic,second,299250,Skoda Rapid,kaggle_market,2.99
Toyota,Corolla,2014,12,65000,Petrol,Manual,first,152000,Toyota Corolla,kaggle_market,1.52
Maruti Suzuki,Alto-800,2018,8,22000,Petrol,Manual,first,275500,Maruti Suzuki Alto-800,kaggle_market,2.76
Hyundai,Verna,2013,13,72000,Diesel,Automatic,second,460750,Hyundai Verna,kaggle_market,4.61
Volkswagen,Ventotest,2018,8,126000,Diesel,Manual,first,541500,Volkswagen Ventotest,kaggle_market,5.42
Hyundai,Verna,2015,11,125350,Diesel,Manual,second,617500,Hyundai Verna,kaggle_market,6.18
Renault,Duster,2020,6,23000,Petrol,Automatic,first,569050,Renault Duster,kaggle_market,5.69
Honda,City,2017,9,120000,Diesel,Manual,second,655500,Honda City,kaggle_market,6.56
Audi,Q5,2014,12,50000,Diesel,Automatic,second,2042500,Audi Q5,kaggle_market,20.42
Maruti Suzuki,Ignis,2018,8,31000,Petrol,Manual,first,398050,Maruti Suzuki Ignis,kaggle_market,3.98
Toyota,Fortuner,2015,11,154000,Diesel,Automatic,second,1781250,Toyota Fortuner,kaggle_market,17.81
Maruti Suzuki,Swift,2020,6,45000,Petrol,Manual,first,498750,Maruti Suzuki Swift,kaggle_market,4.99
Nissan,Micra Primo,2019,7,56000,Petrol,Manual,second,427500,Nissan Micra Primo,kaggle_market,4.28
Toyota,Fortuner,2014,12,86000,Diesel,Automatic,second,1258750,Toyota Fortuner,kaggle_market,12.59
Hyundai,Verna,2016,10,49000,Diesel,Manual,second,470250,Hyundai Verna,kaggle_market,4.7
Hyundai,Verna,2020,6,58000,Petrol,Manual,second,902500,Hyundai Verna,kaggle_market,9.02
Maruti Suzuki,Maruti-Suzuki-Dzire,2017,9,87000,Petrol,Manual,first,437000,Maruti Suzuki Maruti-Suzuki-Dzire,kaggle_market,4.37
Mahindra,Xuv500,2013,13,49200,Diesel,Manual,first,522500,Mahindra Xuv500,kaggle_market,5.22
Bmw,X5,2021,5,21000,Petrol,Automatic,first,7647500,Bmw X5,kaggle_market,76.47
Toyota,Camry,2023,3,10000,Petrol,Automatic,first,4227500,Toyota Camry,kaggle_market,42.28
Toyota,Innova,2006,20,170000,Diesel,Manual,second,256500,Toyota Innova,kaggle_market,2.56
Renault,Duster,2016,10,63000,Diesel,Manual,second,394250,Renault Duster,kaggle_market,3.94
Maruti Suzuki,Ritz,2015,11,31000,Petrol,Manual,second,441750,Maruti Suzuki Ritz,kaggle_market,4.42
Maruti Suzuki,Ignis,2018,8,90000,Diesel,Automatic,first,536750,Maruti Suzuki Ignis,kaggle_market,5.37
Maruti Suzuki,Vitara-Brezza,2017,9,42000,Diesel,Manual,first,807499,Maruti Suzuki Vitara-Brezza,kaggle_market,8.07
Tata,Indigo Cs,2012,14,100000,Diesel,Manual,second,118750,Tata Indigo Cs,kaggle_market,1.19
Chevrolet,Tavera,2008,18,230000,Diesel,Manual,second,213750,Chevrolet Tavera,kaggle_market,2.14
Honda,Wrv,2021,5,72000,Diesel,Manual,first,688750,Honda Wrv,kaggle_market,6.89
Bmw,X1,2012,14,70000,Diesel,Automatic,first,1045000,Bmw X1,kaggle_market,10.45
Maruti Suzuki,Wagon-R,2012,14,152643,Petrol,Manual,first,166250,Maruti Suzuki Wagon-R,kaggle_market,1.66
Maruti Suzuki,Wagon-R,2007,19,75000,Petrol,Manual,second,156750,Maruti Suzuki Wagon-R,kaggle_market,1.57
Maruti Suzuki,Swift-Dzire,2010,16,78000,Petrol,Manual,second,180500,Maruti Suzuki Swift-Dzire,kaggle_market,1.8
Hyundai,I20,2016,10,95000,Diesel,Manual,second,465500,Hyundai I20,kaggle_market,4.66
Maruti Suzuki,Swift,2023,3,11000,Petrol,Automatic,first,774250,Maruti Suzuki Swift,kaggle_market,7.74
Maruti Suzuki,S-Cross1,2021,5,35000,Petrol,Manual,first,712500,Maruti Suzuki S-Cross1,kaggle_market,7.12
Hyundai,Santa Fe,2014,12,61000,Diesel,Automatic,first,474050,Hyundai Santa Fe,kaggle_market,4.74
Volvo,S60 Cross Country,2018,8,85000,Diesel,Automatic,second,2090000,Volvo S60 Cross Country,kaggle_market,20.9
Ford,Ecosport,2018,8,32000,Diesel,Manual,first,821750,Ford Ecosport,kaggle_market,8.22
Skoda,Slavia,2022,4,40400,Petrol,Automatic,first,1378450,Skoda Slavia,kaggle_market,13.78
Maruti Suzuki,Swift,2015,11,115000,Diesel,Manual,second,441750,Maruti Suzuki Swift,kaggle_market,4.42
Tata,Punch,2022,4,7200,Petrol,Manual,first,6175000,Tata Punch,kaggle_market,61.75
Maruti Suzuki,1000,2020,6,49000,Diesel,Manual,second,370500,Maruti Suzuki 1000,kaggle_market,3.7
Hyundai,Elite I20,2017,9,71000,Petrol,Manual,second,474050,Hyundai Elite I20,kaggle_market,4.74
Bmw,3 Series,2012,14,69000,Diesel,Automatic,second,616550,Bmw 3 Series,kaggle_market,6.17
Honda,City,2011,15,110000,Petrol,Manual,first,304000,Honda City,kaggle_market,3.04
Jaguar,Xj,2015,11,92000,Diesel,Automatic,second,1377500,Jaguar Xj,kaggle_market,13.78
Skoda,Kushaq,2022,4,39500,Petrol,Automatic,first,1225500,Skoda Kushaq,kaggle_market,12.26
Mercedes-Benz,S-Class,2016,10,58933,Petrol,Automatic,second,8549999,Mercedes-Benz S-Class,kaggle_market,85.5
Hyundai,I10,2013,13,99000,Petrol,Manual,second,242250,Hyundai I10,kaggle_market,2.42
Maruti Suzuki,Alto K10,2018,8,10500,Petrol,Automatic,second,356250,Maruti Suzuki Alto K10,kaggle_market,3.56
Tata,Nexon,2019,7,120000,Diesel,Manual,first,608000,Tata Nexon,kaggle_market,6.08
Mini,Cooper Countryman,2015,11,72000,Petrol,Automatic,second,1401250,Mini Cooper Countryman,kaggle_market,14.01
Maruti Suzuki,Fronx,2023,3,13000,Petrol,Automatic,first,874000,Maruti Suzuki Fronx,kaggle_market,8.74
Mahindra,Thar,2021,5,45000,Petrol,Manual,first,1301500,Mahindra Thar,kaggle_market,13.02
Toyota,Fortuner,2014,12,168000,Diesel,Automatic,first,1273000,Toyota Fortuner,kaggle_market,12.73
Hyundai,I20,2018,8,53000,Petrol,Manual,second,474050,Hyundai I20,kaggle_market,4.74
Maruti Suzuki,Celerio,2017,9,44000,Petrol,Automatic,second,403750,Maruti Suzuki Celerio,kaggle_market,4.04
Mercedes-Benz,C-Class,2013,13,89000,Diesel,Automatic,second,854050,Mercedes-Benz C-Class,kaggle_market,8.54
Audi,Q7,2012,14,87000,Diesel,Automatic,second,997500,Audi Q7,kaggle_market,9.98
Maruti Suzuki,S-Cross1,2018,8,27800,Diesel,Automatic,first,806550,Maruti Suzuki S-Cross1,kaggle_market,8.07
Maruti Suzuki,Maruti-Suzuki-Dzire,2017,9,62000,Petrol,Automatic,first,508250,Maruti Suzuki Maruti-Suzuki-Dzire,kaggle_market,5.08
Honda,City Zx,2004,22,160000,Petrol,Manual,second,117800,Honda City Zx,kaggle_market,1.18
Maruti Suzuki,Vitara-Brezza,2016,10,93000,Diesel,Manual,first,650750,Maruti Suzuki Vitara-Brezza,kaggle_market,6.51
Honda,City,2021,5,37000,Petrol,Automatic,first,1092500,Honda City,kaggle_market,10.92
Hyundai,I10,2013,13,51000,Petrol,Manual,second,237500,Hyundai I10,kaggle_market,2.38
Maruti Suzuki,Alto-K10,2014,12,98000,Petrol,Manual,second,232750,Maruti Suzuki Alto-K10,kaggle_market,2.33
Mg,Hector,2020,6,65000,Petrol,Automatic,first,1306250,Mg Hector,kaggle_market,13.06
Tata,Hexa,2018,8,112000,Diesel,Manual,second,759050,Tata Hexa,kaggle_market,7.59
Hyundai,Creta,2017,9,53000,Diesel,Automatic,first,807500,Hyundai Creta,kaggle_market,8.07
Skoda,Rapid,2016,10,120000,Diesel,Automatic,first,560500,Skoda Rapid,kaggle_market,5.6
Hyundai,Creta,2017,9,69000,Petrol,Automatic,second,745750,Hyundai Creta,kaggle_market,7.46
Maruti Suzuki,Wagon-R,2016,10,79000,Petrol,Manual,first,361000,Maruti Suzuki Wagon-R,kaggle_market,3.61
Maruti Suzuki,Ertiga,2016,10,63000,Diesel,Manual,second,641250,Maruti Suzuki Ertiga,kaggle_market,6.41
Mercedes-Benz,C-Class,2015,11,68000,Petrol,Automatic,second,1614050,Mercedes-Benz C-Class,kaggle_market,16.14
Bmw,3 Series Gt,2016,10,75000,Diesel,Automatic,second,1705250,Bmw 3 Series Gt,kaggle_market,17.05
Toyota,Urban Cruiser,2021,5,9110,Petrol,Automatic,first,850250,Toyota Urban Cruiser,kaggle_market,8.5
Mg,Astor,2023,3,24000,Petrol,Automatic,first,1558000,Mg Astor,kaggle_market,15.58
Kia,Seltos,2019,7,71000,Diesel,Manual,first,1154250,Kia Seltos,kaggle_market,11.54
Hyundai,Creta,2021,5,41000,Petrol,Manual,first,997500,Hyundai Creta,kaggle_market,9.98
Maruti Suzuki,Grand Vitara,2023,3,35000,Petrol,Manual,first,1211250,Maruti Suzuki Grand Vitara,kaggle_market,12.11
Maruti Suzuki,Baleno,2021,5,38000,Petrol,Manual,first,712500,Maruti Suzuki Baleno,kaggle_market,7.12
Volkswagen,Polo,2017,9,60000,Petrol,Manual,first,631750,Volkswagen Polo,kaggle_market,6.32
Kia,Seltos,2020,6,16000,Petrol,Automatic,first,1315750,Kia Seltos,kaggle_market,13.16
Tata,Nexon,2018,8,62000,Petrol,Automatic,second,641250,Tata Nexon,kaggle_market,6.41
Maruti Suzuki,Swift-Dzire,2015,11,74000,Diesel,Manual,second,370500,Maruti Suzuki Swift-Dzire,kaggle_market,3.7
Maruti Suzuki,Baleno,2022,4,41000,Petrol,Manual,first,608000,Maruti Suzuki Baleno,kaggle_market,6.08
Honda,Mobilio,2014,12,48000,Petrol,Manual,second,446500,Honda Mobilio,kaggle_market,4.46
Maruti Suzuki,Baleno,2018,8,110000,Petrol,Manual,first,555750,Maruti Suzuki Baleno,kaggle_market,5.56
Mg,Hector,2020,6,40000,Petrol,Automatic,first,1255055,Mg Hector,kaggle_market,12.55
Mercedes-Benz,E-Class,2019,7,21000,Diesel,Automatic,first,3420000,Mercedes-Benz E-Class,kaggle_market,34.2
Hyundai,Creta,2015,11,75000,Diesel,Automatic,second,565250,Hyundai Creta,kaggle_market,5.65
Mercedes-Benz,Glc,2020,6,69000,Diesel,Automatic,first,3705000,Mercedes-Benz Glc,kaggle_market,37.05
Hyundai,Elantra,2019,7,62000,Diesel,Manual,second,864500,Hyundai Elantra,kaggle_market,8.64
Audi,A6,2023,3,11000,Petrol,Automatic,first,4845000,Audi A6,kaggle_market,48.45
Hyundai,I10,2007,19,82000,Petrol,Manual,second,142500,Hyundai I10,kaggle_market,1.42
Chevrolet,Beat,2013,13,112000,Diesel,Manual,first,175750,Chevrolet Beat,kaggle_market,1.76
Hyundai,Verna,2019,7,55000,Petrol,Manual,first,807500,Hyundai Verna,kaggle_market,8.07
Hyundai,Creta,2023,3,11000,Petrol,Manual,first,1273000,Hyundai Creta,kaggle_market,12.73
Mahindra,Xuv500,2015,11,68000,Diesel,Manual,first,707750,Mahindra Xuv500,kaggle_market,7.08
Hyundai,New I20,2024,2,3500,Petrol,Manual,first,779000,Hyundai New I20,kaggle_market,7.79
Kia,Seltos,2020,6,68000,Diesel,Manual,first,988000,Kia Seltos,kaggle_market,9.88
Hyundai,Venue,2019,7,42000,Diesel,Manual,first,855000,Hyundai Venue,kaggle_market,8.55
Maruti Suzuki,Wagon-R,2019,7,52468,Petrol,Manual,first,413250,Maruti Suzuki Wagon-R,kaggle_market,4.13
Volkswagen,Virtus,2022,4,14000,Petrol,Automatic,first,1653000,Volkswagen Virtus,kaggle_market,16.53
Land Rover,Range Rover Evoque,2018,8,73182,Diesel,Automatic,first,3562500,Land Rover Range Rover Evoque,kaggle_market,35.62
Hyundai,Santro,2002,24,150000,Petrol,Manual,second,104500,Hyundai Santro,kaggle_market,1.04
Hyundai,I10,2009,17,112000,Petrol,Manual,second,142500,Hyundai I10,kaggle_market,1.42
Hyundai,Elantra,2017,9,16000,Petrol,Automatic,second,997500,Hyundai Elantra,kaggle_market,9.98
Hyundai,Fluidic Verna,2012,14,85000,Petrol,Manual,second,275500,Hyundai Fluidic Verna,kaggle_market,2.76
Maruti Suzuki,Swift,2016,10,60000,Petrol,Manual,first,341050,Maruti Suzuki Swift,kaggle_market,3.41
Toyota,Etios Liva,2017,9,45669,Petrol,Manual,second,560500,Toyota Etios Liva,kaggle_market,5.6
Chevrolet,Cruze,2011,15,62000,Diesel,Manual,first,185250,Chevrolet Cruze,kaggle_market,1.85
Tata,Nexon,2019,7,39000,Diesel,Manual,first,641250,Tata Nexon,kaggle_market,6.41
Kia,Seltos,2023,3,12000,Petrol,Automatic,first,1543750,Kia Seltos,kaggle_market,15.44
Honda,Amaze,2017,9,110000,Petrol,Manual,second,399000,Honda Amaze,kaggle_market,3.99
Maruti Suzuki,Wagon-R,2014,12,80000,Petrol,Manual,first,294500,Maruti Suzuki Wagon-R,kaggle_market,2.94
Toyota,Innova,2011,15,125000,Diesel,Manual,second,617500,Toyota Innova,kaggle_market,6.18
Toyota,Innova,2012,14,250000,Diesel,Manual,second,736250,Toyota Innova,kaggle_market,7.36
Toyota,Innova Crysta,2016,10,110000,Diesel,Automatic,second,1482000,Toyota Innova Crysta,kaggle_market,14.82
Kia,Sonet,2021,5,34000,Diesel,Automatic,first,1230250,Kia Sonet,kaggle_market,12.3
Volvo,S60,2012,14,84000,Diesel,Automatic,first,722000,Volvo S60,kaggle_market,7.22
Mg,Hector,2021,5,24745,Petrol,Automatic,second,1358500,Mg Hector,kaggle_market,13.58
Mg,Hector,2020,6,47000,Petrol,Automatic,first,1282500,Mg Hector,kaggle_market,12.82
Toyota,Innova,2014,12,250000,Diesel,Manual,second,1026000,Toyota Innova,kaggle_market,10.26
Hyundai,Creta,2017,9,86000,Diesel,Manual,second,617500,Hyundai Creta,kaggle_market,6.18
Porsche,Cayenne,2016,10,80400,Diesel,Automatic,second,3776250,Porsche Cayenne,kaggle_market,37.76
Tata,Safari Storme,2017,9,75000,Diesel,Manual,first,636500,Tata Safari Storme,kaggle_market,6.36
Audi,Q7,2012,14,75000,Diesel,Automatic,first,1116250,Audi Q7,kaggle_market,11.16
Maruti Suzuki,Swift-Dzire,2017,9,78000,Diesel,Manual,first,712500,Maruti Suzuki Swift-Dzire,kaggle_market,7.12
Toyota,Fortuner,2023,3,40000,Diesel,Automatic,first,4037500,Toyota Fortuner,kaggle_market,40.38
Land Rover,Range Rover Sport,2015,11,64000,Diesel,Automatic,second,6270000,Land Rover Range Rover Sport,kaggle_market,62.7
Hyundai,Verna,2019,7,79146,Petrol,Automatic,second,916750,Hyundai Verna,kaggle_market,9.17
Honda,Crv,2015,11,175000,Petrol,Automatic,second,807500,Honda Crv,kaggle_market,8.07
Maruti Suzuki,Ertiga,2019,7,47110,Petrol,Manual,second,730550,Maruti Suzuki Ertiga,kaggle_market,7.31
Maruti Suzuki,Swift,2018,8,29000,Petrol,Automatic,first,521550,Maruti Suzuki Swift,kaggle_market,5.22
Maruti Suzuki,Wagon-R,2018,8,18052,Petrol,Manual,second,352450,Maruti Suzuki Wagon-R,kaggle_market,3.52
Porsche,Macan,2021,5,39000,Petrol,Automatic,second,6531250,Porsche Macan,kaggle_market,65.31
Hyundai,Grand I10,2015,11,89000,Diesel,Manual,second,285000,Hyundai Grand I10,kaggle_market,2.85
Maruti Suzuki,Wagon-R,2020,6,26600,Petrol,Automatic,first,522500,Maruti Suzuki Wagon-R,kaggle_market,5.22
Maruti Suzuki,Swift-Dzire,2016,10,83316,Diesel,Manual,second,508250,Maruti Suzuki Swift-Dzire,kaggle_market,5.08
Maruti Suzuki,Omni,2009,17,95000,Petrol,Manual,second,128250,Maruti Suzuki Omni,kaggle_market,1.28
Bmw,X1,2012,14,134000,Diesel,Automatic,second,711550,Bmw X1,kaggle_market,7.12
Honda,City,2009,17,94000,Petrol,Automatic,first,223250,Honda City,kaggle_market,2.23
Honda,City Zx,2004,22,120000,Petrol,Automatic,second,218500,Honda City Zx,kaggle_market,2.18
Tata,Indigo Ecs,2013,13,93000,Diesel,Manual,second,133000,Tata Indigo Ecs,kaggle_market,1.33
Mahindra,Xuv500,2017,9,27000,Diesel,Manual,first,1282500,Mahindra Xuv500,kaggle_market,12.82
Mahindra,Scorpio,2020,6,34000,Diesel,Manual,first,1329050,Mahindra Scorpio,kaggle_market,13.29
Mercedes-Benz,C-Class,2016,10,66000,Diesel,Automatic,second,1805000,Mercedes-Benz C-Class,kaggle_market,18.05
Mercedes-Benz,S-Class,2013,13,49000,Petrol,Automatic,second,1852500,Mercedes-Benz S-Class,kaggle_market,18.52
Hyundai,Elite I20,2020,6,40000,Petrol,Manual,second,522500,Hyundai Elite I20,kaggle_market,5.22
Mercedes-Benz,C-Class,2012,14,76294,Petrol,Automatic,first,1121000,Mercedes-Benz C-Class,kaggle_market,11.21
Mercedes-Benz,E-Class,2010,16,85000,Petrol,Automatic,second,569050,Mercedes-Benz E-Class,kaggle_market,5.69
Hyundai,Creta,2021,5,38000,Diesel,Manual,first,1186550,Hyundai Creta,kaggle_market,11.87
Mahindra,Bolero,2022,4,56800,Diesel,Manual,first,796100,Mahindra Bolero,kaggle_market,7.96
Kia,Seltos,2021,5,95000,Diesel,Manual,second,1282500,Kia Seltos,kaggle_market,12.82
Mahindra,Verito,2011,15,180000,Diesel,Manual,second,189050,Mahindra Verito,kaggle_market,1.89
Maruti Suzuki,Zen-Estilo,2003,23,100000,Petrol,Manual,second,95000,Maruti Suzuki Zen-Estilo,kaggle_market,0.95
Volkswagen,Ameo,2019,7,105000,Diesel,Manual,second,498750,Volkswagen Ameo,kaggle_market,4.99
Mahindra,Kuv 100,2016,10,90000,Petrol,Manual,second,361000,Mahindra Kuv 100,kaggle_market,3.61
Toyota,Innova Crysta,2019,7,57000,Diesel,Automatic,first,1501000,Toyota Innova Crysta,kaggle_market,15.01
Mercedes-Benz,M-Class,2012,14,125000,Diesel,Automatic,second,869250,Mercedes-Benz M-Class,kaggle_market,8.69
Jaguar,Xf,2013,13,50000,Diesel,Automatic,second,1092500,Jaguar Xf,kaggle_market,10.92
Jeep,Compass,2022,4,21000,Diesel,Automatic,first,2398855,Jeep Compass,kaggle_market,23.99
Tata,Nexon,2022,4,20000,Diesel,Automatic,second,950000,Tata Nexon,kaggle_market,9.5
Ford,Ecosport,2018,8,75000,Petrol,Automatic,first,608000,Ford Ecosport,kaggle_market,6.08
Hyundai,Creta,2017,9,160000,Petrol,Automatic,second,759050,Hyundai Creta,kaggle_market,7.59
Ford,Ecosport,2020,6,94000,Diesel,Manual,first,996550,Ford Ecosport,kaggle_market,9.97
Honda,City Zx,2012,14,62000,Petrol,Manual,second,304000,Honda City Zx,kaggle_market,3.04
Toyota,Fortuner,2022,4,27000,Diesel,Automatic,first,4180000,Toyota Fortuner,kaggle_market,41.8
Hyundai,Creta,2018,8,82000,Diesel,Automatic,first,755250,Hyundai Creta,kaggle_market,7.55
Tata,Nexon,2019,7,34000,Petrol,Automatic,first,831250,Tata Nexon,kaggle_market,8.31
Honda,Brio,2014,12,68569,Petrol,Automatic,first,308750,Honda Brio,kaggle_market,3.09
Toyota,Fortuner,2015,11,248000,Diesel,Automatic,first,997500,Toyota Fortuner,kaggle_market,9.98
Toyota,Innova,2012,14,250000,Diesel,Manual,second,759999,Toyota Innova,kaggle_market,7.6
Mahindra,Scorpio,2015,11,88000,Diesel,Manual,second,1092500,Mahindra Scorpio,kaggle_market,10.92
Hyundai,Elantra,2018,8,90000,Diesel,Manual,second,855000,Hyundai Elantra,kaggle_market,8.55
Maruti Suzuki,Swift-Dzire,2015,11,63000,Diesel,Manual,first,413250,Maruti Suzuki Swift-Dzire,kaggle_market,4.13
Honda,Wr-V,2018,8,43258,Diesel,Manual,first,713450,Honda Wr-V,kaggle_market,7.13
Mercedes-Benz,C-Class,2014,12,96000,Diesel,Automatic,second,807500,Mercedes-Benz C-Class,kaggle_market,8.07
Maruti Suzuki,Zen-Estilo,2010,16,86000,Petrol,Manual,second,118750,Maruti Suzuki Zen-Estilo,kaggle_market,1.19
Mahindra,Xuv500,2019,7,120000,Diesel,Manual,first,945250,Mahindra Xuv500,kaggle_market,9.45
Tata,Safari Storme,2015,11,82000,Diesel,Manual,first,474050,Tata Safari Storme,kaggle_market,4.74
Hyundai,Verna,2010,16,80000,Diesel,Manual,second,189050,Hyundai Verna,kaggle_market,1.89
Skoda,Laura,2011,15,153226,Diesel,Automatic,second,380000,Skoda Laura,kaggle_market,3.8
Hyundai,New I20,2023,3,46000,Petrol,Manual,first,688750,Hyundai New I20,kaggle_market,6.89
Kia,Seltos,2022,4,79000,Diesel,Automatic,second,1567500,Kia Seltos,kaggle_market,15.68
Land Rover,Range Rover Velar,2021,5,32422,Petrol,Automatic,second,7124999,Land Rover Range Rover Velar,kaggle_market,71.25
Maruti Suzuki,Alto-800,2016,10,26000,Petrol,Manual,second,261250,Maruti Suzuki Alto-800,kaggle_market,2.61
Bmw,X1,2020,6,29600,Petrol,Automatic,first,3177750,Bmw X1,kaggle_market,31.78
Maruti Suzuki,Alto-800,2008,18,88000,Petrol,Manual,second,152000,Maruti Suzuki Alto-800,kaggle_market,1.52
Tata,Tiago,2017,9,80000,Petrol,Manual,second,308750,Tata Tiago,kaggle_market,3.09
Toyota,Innova Crysta,2017,9,177000,Diesel,Manual,first,1372750,Toyota Innova Crysta,kaggle_market,13.73
Maruti Suzuki,Swift,2020,6,46000,Petrol,Manual,first,622250,Maruti Suzuki Swift,kaggle_market,6.22
Renault,Duster,2019,7,58000,Diesel,Manual,first,617500,Renault Duster,kaggle_market,6.18
Maruti Suzuki,Wagon-R,2014,12,62000,Diesel,Manual,second,237500,Maruti Suzuki Wagon-R,kaggle_market,2.38
Honda,Wrv,2019,7,120000,Diesel,Manual,second,688750,Honda Wrv,kaggle_market,6.89
Mercedes-Benz,Gl-Class,2013,13,92203,Diesel,Automatic,second,2613450,Mercedes-Benz Gl-Class,kaggle_market,26.13
Volkswagen,Jetta,2012,14,88049,Diesel,Manual,second,569999,Volkswagen Jetta,kaggle_market,5.7
Renault,Kwid,2015,11,63000,Petrol,Manual,second,189999,Renault Kwid,kaggle_market,1.9
Toyota,Innova,2013,13,180000,Diesel,Manual,second,831250,Toyota Innova,kaggle_market,8.31
Mahindra,Xuv500,2016,10,96000,Diesel,Manual,first,712500,Mahindra Xuv500,kaggle_market,7.12
Mitsubishi,Pajero Sport,2012,14,90000,Diesel,Manual,second,759999,Mitsubishi Pajero Sport,kaggle_market,7.6
Volkswagen,Polo,2015,11,75000,Diesel,Manual,second,555750,Volkswagen Polo,kaggle_market,5.56
Maruti Suzuki,Wagon-R-1-0,2007,19,202000,Petrol,Manual,second,142500,Maruti Suzuki Wagon-R-1-0,kaggle_market,1.42
Mahindra,Thar,2021,5,20000,Diesel,Manual,first,1139050,Mahindra Thar,kaggle_market,11.39
Maruti Suzuki,A-Star,2011,15,50600,Petrol,Automatic,second,275500,Maruti Suzuki A-Star,kaggle_market,2.76
Bmw,X1,2017,9,65000,Diesel,Automatic,second,1377500,Bmw X1,kaggle_market,13.78
Mahindra,Xuv500,2012,14,75000,Diesel,Manual,second,427500,Mahindra Xuv500,kaggle_market,4.28
Renault,Kwid,2017,9,42193,Petrol,Automatic,second,370500,Renault Kwid,kaggle_market,3.7
Volkswagen,Polo,2016,10,68500,Petrol,Automatic,second,618450,Volkswagen Polo,kaggle_market,6.18
Hyundai,Xcent,2019,7,57000,Petrol,Manual,first,465500,Hyundai Xcent,kaggle_market,4.66
Mahindra,Scorpio N,2016,10,55000,Diesel,Automatic,first,660250,Mahindra Scorpio N,kaggle_market,6.6
Mahindra,Bolero,2009,17,83000,Diesel,Manual,second,337250,Mahindra Bolero,kaggle_market,3.37
Land Rover,Freelander 2,2015,11,110000,Diesel,Automatic,second,1519050,Land Rover Freelander 2,kaggle_market,15.19
Mahindra,Xuv500,2012,14,85800,Diesel,Manual,first,437000,Mahindra Xuv500,kaggle_market,4.37
Hyundai,I10,2013,13,60000,Petrol,Automatic,first,356250,Hyundai I10,kaggle_market,3.56
Toyota,Innova,2014,12,209000,Diesel,Manual,second,1068750,Toyota Innova,kaggle_market,10.69
Tata,Hexa,2019,7,136927,Diesel,Automatic,second,1035500,Tata Hexa,kaggle_market,10.36
Honda,Jazz,2016,10,61000,Petrol,Automatic,second,427500,Honda Jazz,kaggle_market,4.28
Maruti Suzuki,Ignis,2018,8,52000,Petrol,Automatic,first,456000,Maruti Suzuki Ignis,kaggle_market,4.56
Jeep,Compass,2018,8,70000,Petrol,Automatic,second,1092500,Jeep Compass,kaggle_market,10.92
Mahindra,Xuv500,2014,12,86000,Diesel,Manual,first,783750,Mahindra Xuv500,kaggle_market,7.84
Toyota,Innova Crysta,2017,9,108277,Diesel,Automatic,first,1752750,Toyota Innova Crysta,kaggle_market,17.53
Maruti Suzuki,Xl6,2022,4,26000,Petrol,Manual,first,888250,Maruti Suzuki Xl6,kaggle_market,8.88
Land Rover,Range Rover Sport,2015,11,82000,Diesel,Automatic,first,3966250,Land Rover Range Rover Sport,kaggle_market,39.66
Maruti Suzuki,Swift-Dzire,2015,11,54000,Petrol,Manual,second,345800,Maruti Suzuki Swift-Dzire,kaggle_market,3.46
Mg,Hector,2023,3,17000,Petrol,Automatic,first,1923750,Mg Hector,kaggle_market,19.24
Kia,Sonet,2020,6,62000,Diesel,Automatic,first,783750,Kia Sonet,kaggle_market,7.84
Mahindra,Tuv,2015,11,65000,Diesel,Automatic,first,569999,Mahindra Tuv,kaggle_market,5.7
Audi,Q3,2022,4,40000,Petrol,Automatic,first,5605000,Audi Q3,kaggle_market,56.05
Toyota,Fortuner,2013,13,174500,Diesel,Automatic,second,1377500,Toyota Fortuner,kaggle_market,13.78
Chevrolet,Spark,2010,16,270464,Petrol,Manual,first,57000,Chevrolet Spark,kaggle_market,0.57
Maruti Suzuki,Swift-Dzire,2017,9,29000,Petrol,Automatic,first,565250,Maruti Suzuki Swift-Dzire,kaggle_market,5.65
Toyota,Innova Crysta,2022,4,80000,Diesel,Manual,first,2584000,Toyota Innova Crysta,kaggle_market,25.84
Hyundai,Creta,2016,10,80000,Diesel,Manual,first,750500,Hyundai Creta,kaggle_market,7.5
Maruti Suzuki,Ciaz,2016,10,81000,Petrol,Automatic,second,584250,Maruti Suzuki Ciaz,kaggle_market,5.84
Maruti Suzuki,Sx4,2012,14,155000,Diesel,Manual,second,213750,Maruti Suzuki Sx4,kaggle_market,2.14
Hyundai,I10,2011,15,60000,Petrol,Manual,second,156750,Hyundai I10,kaggle_market,1.57
Skoda,Superb,2015,11,68000,Petrol,Manual,second,541500,Skoda Superb,kaggle_market,5.42
Honda,Civic,2020,6,39000,Petrol,Automatic,first,1638750,Honda Civic,kaggle_market,16.39
Jaguar,Xf,2013,13,85000,Diesel,Automatic,second,935750,Jaguar Xf,kaggle_market,9.36
Ford,Ecosport,2015,11,100000,Petrol,Automatic,first,508250,Ford Ecosport,kaggle_market,5.08
Jeep,Compass,2020,6,25000,Diesel,Manual,first,1296750,Jeep Compass,kaggle_market,12.97
Skoda,Octavia,2016,10,120000,Diesel,Automatic,second,783750,Skoda Octavia,kaggle_market,7.84
Maruti Suzuki,Wagon-R,2010,16,84000,Petrol,Manual,second,175750,Maruti Suzuki Wagon-R,kaggle_market,1.76
Jeep,Compass,2017,9,115000,Diesel,Manual,second,631750,Jeep Compass,kaggle_market,6.32
Hyundai,Santro Xing,2009,17,100000,Petrol,Manual,second,190000,Hyundai Santro Xing,kaggle_market,1.9
Mercedes-Benz,E-Class,2013,13,52000,Petrol,Automatic,first,1995000,Mercedes-Benz E-Class,kaggle_market,19.95
Toyota,Etios,2016,10,145000,Diesel,Manual,first,456000,Toyota Etios,kaggle_market,4.56
Honda,City,2015,11,104000,Diesel,Manual,first,351500,Honda City,kaggle_market,3.52
Mercedes-Benz,M-Class,2015,11,91540,Diesel,Automatic,first,2132750,Mercedes-Benz M-Class,kaggle_market,21.33
Land Rover,Discovery,2017,9,89500,Diesel,Automatic,first,2270500,Land Rover Discovery,kaggle_market,22.7
Honda,City,2004,22,91000,Petrol,Automatic,first,131100,Honda City,kaggle_market,1.31
Toyota,Fortuner,2015,11,277000,Diesel,Manual,first,1391750,Toyota Fortuner,kaggle_market,13.92
Hyundai,Creta,2017,9,180000,Diesel,Manual,second,807500,Hyundai Creta,kaggle_market,8.07
Hyundai,Creta,2015,11,73000,Diesel,Automatic,second,593750,Hyundai Creta,kaggle_market,5.94
Bmw,5 Series,2017,9,69000,Diesel,Automatic,second,3510250,Bmw 5 Series,kaggle_market,35.1
Maruti Suzuki,Maruti-Suzuki-Dzire,2018,8,34000,Petrol,Manual,first,403750,Maruti Suzuki Maruti-Suzuki-Dzire,kaggle_market,4.04
Honda,Jazz,2017,9,139000,Diesel,Manual,second,304000,Honda Jazz,kaggle_market,3.04
Audi,A4,2017,9,73000,Diesel,Automatic,second,2043450,Audi A4,kaggle_market,20.43
Hyundai,Creta,2017,9,50000,Petrol,Manual,first,759999,Hyundai Creta,kaggle_market,7.6
Hyundai,Verna,2023,3,23000,Petrol,Automatic,first,1448750,Hyundai Verna,kaggle_market,14.49
Skoda,Rapid,2018,8,174000,Diesel,Automatic,first,674500,Skoda Rapid,kaggle_market,6.74
Maruti Suzuki,Grand Vitara,2022,4,27000,Petrol,Manual,first,1496250,Maruti Suzuki Grand Vitara,kaggle_market,14.96
Hyundai,Fluidic Verna,2011,15,72000,Petrol,Manual,second,194750,Hyundai Fluidic Verna,kaggle_market,1.95
Maruti Suzuki,Alto,2011,15,72000,Petrol,Manual,second,80750,Maruti Suzuki Alto,kaggle_market,0.81
Mercedes-Benz,C Class,2010,16,117000,Diesel,Automatic,first,940500,Mercedes-Benz C Class,kaggle_market,9.4
Ford,Endeavour,2016,10,98500,Diesel,Automatic,second,1895250,Ford Endeavour,kaggle_market,18.95
Hyundai,Creta,2018,8,68500,Diesel,Manual,second,679249,Hyundai Creta,kaggle_market,6.79
Nissan,Micra,2017,9,76000,Petrol,Automatic,second,422750,Nissan Micra,kaggle_market,4.23
Audi,Q7,2016,10,139000,Diesel,Automatic,first,2279050,Audi Q7,kaggle_market,22.79
Maruti Suzuki,Ertiga,2020,6,40000,Petrol,Automatic,first,855000,Maruti Suzuki Ertiga,kaggle_market,8.55
Maruti Suzuki,Vitara-Brezza,2017,9,77500,Diesel,Manual,second,750500,Maruti Suzuki Vitara-Brezza,kaggle_market,7.5
Honda,Jazz,2017,9,78000,Petrol,Automatic,second,522500,Honda Jazz,kaggle_market,5.22
Toyota,Fortuner,2022,4,61000,Diesel,Automatic,first,3420000,Toyota Fortuner,kaggle_market,34.2
Hyundai,Alcazar,2023,3,24000,Diesel,Automatic,second,1876250,Hyundai Alcazar,kaggle_market,18.76
Maruti Suzuki,Dzire,2008,18,96000,Petrol,Manual,second,189050,Maruti Suzuki Dzire,kaggle_market,1.89
Renault,Kiger,2021,5,12300,Petrol,Manual,second,551000,Renault Kiger,kaggle_market,5.51
Land Rover,Range Rover Evoque,2018,8,39000,Diesel,Automatic,second,2992499,Land Rover Range Rover Evoque,kaggle_market,29.92
Honda,City,2014,12,91000,Diesel,Manual,second,522500,Honda City,kaggle_market,5.22
Audi,A6,2023,3,12000,Petrol,Automatic,first,4845000,Audi A6,kaggle_market,48.45
Ford,Endeavour,2018,8,90000,Diesel,Automatic,second,2232500,Ford Endeavour,kaggle_market,22.32
Maruti Suzuki,Swift-Dzire,2014,12,91000,Diesel,Manual,second,351500,Maruti Suzuki Swift-Dzire,kaggle_market,3.52
Volkswagen,Ventotest,2012,14,42000,Petrol,Manual,first,285000,Volkswagen Ventotest,kaggle_market,2.85
Jaguar,Xj,2015,11,25000,Diesel,Automatic,first,2270500,Jaguar Xj,kaggle_market,22.7
Mahindra,Scorpio,2022,4,44000,Diesel,Manual,first,1268250,Mahindra Scorpio,kaggle_market,12.68
Renault,Kiger,2022,4,11425,Petrol,Automatic,first,711550,Renault Kiger,kaggle_market,7.12
Renault,Duster,2013,13,65000,Diesel,Manual,second,341050,Renault Duster,kaggle_market,3.41
Mercedes-Benz,S-Class,2016,10,39000,Petrol,Automatic,first,7120250,Mercedes-Benz S-Class,kaggle_market,71.2
Honda,City,2017,9,55000,Petrol,Manual,second,593750,Honda City,kaggle_market,5.94
Skoda,Rapid,2017,9,77000,Diesel,Manual,second,560500,Skoda Rapid,kaggle_market,5.6
Hyundai,Elite I20,2015,11,54000,Petrol,Manual,first,355300,Hyundai Elite I20,kaggle_market,3.55
Bmw,X5,2018,8,42000,Diesel,Automatic,first,3799999,Bmw X5,kaggle_market,38.0
Mahindra,Marazzo,2019,7,80000,Diesel,Manual,first,736250,Mahindra Marazzo,kaggle_market,7.36
Hyundai,Creta,2019,7,86000,Diesel,Manual,first,807500,Hyundai Creta,kaggle_market,8.07
Hyundai,Creta,2022,4,25000,Petrol,Automatic,first,1567500,Hyundai Creta,kaggle_market,15.68
Volkswagen,Ventotest,2013,13,61000,Petrol,Manual,first,333450,Volkswagen Ventotest,kaggle_market,3.33
Honda,Jazz,2017,9,55000,Petrol,Manual,second,451250,Honda Jazz,kaggle_market,4.51
Mahindra,Tuv,2016,10,71111,Diesel,Manual,first,503500,Mahindra Tuv,kaggle_market,5.04
Hyundai,Creta,2019,7,52000,Petrol,Automatic,first,1021250,Hyundai Creta,kaggle_market,10.21
Maruti Suzuki,Swift,2011,15,72119,Petrol,Manual,second,199499,Maruti Suzuki Swift,kaggle_market,1.99
Hyundai,Venue,2020,6,74000,Diesel,Manual,first,888250,Hyundai Venue,kaggle_market,8.88
Chevrolet,Cruze,2010,16,80000,Diesel,Automatic,second,213750,Chevrolet Cruze,kaggle_market,2.14
Maruti Suzuki,Baleno,2019,7,50000,Petrol,Manual,first,546250,Maruti Suzuki Baleno,kaggle_market,5.46
Maruti Suzuki,Wagon R,2016,10,55000,Petrol,Manual,second,299250,Maruti Suzuki Wagon R,kaggle_market,2.99
Jaguar,Xj,2017,9,20000,Petrol,Automatic,first,5320000,Jaguar Xj,kaggle_market,53.2
Maruti Suzuki,S-Cross1,2018,8,87000,Diesel,Manual,second,503500,Maruti Suzuki S-Cross1,kaggle_market,5.04
Honda,Wrv,2019,7,51000,Petrol,Manual,first,703000,Honda Wrv,kaggle_market,7.03
Hyundai,Creta,2019,7,78000,Petrol,Automatic,first,992750,Hyundai Creta,kaggle_market,9.93
Maruti Suzuki,Swift,2012,14,98000,Petrol,Manual,second,354350,Maruti Suzuki Swift,kaggle_market,3.54
Bmw,5 Series,2011,15,115000,Diesel,Automatic,second,494000,Bmw 5 Series,kaggle_market,4.94
Mahindra,Xuv500,2019,7,19000,Diesel,Manual,second,945250,Mahindra Xuv500,kaggle_market,9.45
Toyota,Fortuner,2022,4,50000,Diesel,Manual,first,3800000,Toyota Fortuner,kaggle_market,38.0
Bmw,3 Series Gt,2016,10,61000,Diesel,Automatic,first,2043450,Bmw 3 Series Gt,kaggle_market,20.43
Audi,A3,2014,12,44000,Diesel,Automatic,first,1586500,Audi A3,kaggle_market,15.86
Mahindra,Xuv500,2014,12,67000,Diesel,Manual,first,427500,Mahindra Xuv500,kaggle_market,4.28
Toyota,Innova,2011,15,250000,Diesel,Manual,first,854999,Toyota Innova,kaggle_market,8.55
Audi,A4,2014,12,172000,Diesel,Automatic,second,1092500,Audi A4,kaggle_market,10.92
Ford,Ecosport,2015,11,93000,Diesel,Manual,first,641250,Ford Ecosport,kaggle_market,6.41
Maruti Suzuki,Baleno,2017,9,46000,Petrol,Manual,first,399950,Maruti Suzuki Baleno,kaggle_market,4.0
Maruti Suzuki,Swift,2019,7,98000,Petrol,Automatic,first,608000,Maruti Suzuki Swift,kaggle_market,6.08
Hyundai,Verna,2012,14,62000,Petrol,Manual,first,331550,Hyundai Verna,kaggle_market,3.32
Mahindra,Scorpio N,2023,3,60000,Diesel,Automatic,first,1853450,Mahindra Scorpio N,kaggle_market,18.53
Maruti Suzuki,Baleno,2019,7,35000,Petrol,Automatic,first,665000,Maruti Suzuki Baleno,kaggle_market,6.65
Hyundai,Santro Xing,2007,19,100000,Petrol,Manual,second,95000,Hyundai Santro Xing,kaggle_market,0.95
Hyundai,Grand I10,2015,11,52000,Petrol,Automatic,first,356250,Hyundai Grand I10,kaggle_market,3.56
Maruti Suzuki,Vitara-Brezza,2021,5,63000,Petrol,Manual,first,755250,Maruti Suzuki Vitara-Brezza,kaggle_market,7.55
Hyundai,Venue,2021,5,68000,Petrol,Automatic,second,779000,Hyundai Venue,kaggle_market,7.79
Tata,Indigo Ecs,2015,11,132000,Diesel,Manual,second,142500,Tata Indigo Ecs,kaggle_market,1.42
Honda,Amaze,2018,8,65000,Diesel,Automatic,first,759050,Honda Amaze,kaggle_market,7.59
Tata,Nexon,2020,6,18231,Petrol,Manual,first,512146,Tata Nexon,kaggle_market,5.12
Mercedes-Benz,E-Class,2012,14,73800,Diesel,Automatic,second,940500,Mercedes-Benz E-Class,kaggle_market,9.4
Mini,Cooper Convertible,2018,8,40000,Petrol,Automatic,second,3230000,Mini Cooper Convertible,kaggle_market,32.3
Bmw,3 Series Gt,2017,9,77000,Diesel,Automatic,first,2327500,Bmw 3 Series Gt,kaggle_market,23.28
Maruti Suzuki,Alto-800,2018,8,72531,Petrol,Manual,first,251750,Maruti Suzuki Alto-800,kaggle_market,2.52
Audi,A3,2015,11,65000,Diesel,Automatic,second,854999,Audi A3,kaggle_market,8.55
Toyota,Innova Crysta,2018,8,116000,Diesel,Automatic,first,1567500,Toyota Innova Crysta,kaggle_market,15.68
Mg,Astor,2024,2,8000,Petrol,Automatic,first,1710000,Mg Astor,kaggle_market,17.1
Maruti Suzuki,Baleno,2017,9,81000,Petrol,Manual,second,546250,Maruti Suzuki Baleno,kaggle_market,5.46
Hyundai,Verna,2013,13,120000,Diesel,Manual,second,342000,Hyundai Verna,kaggle_market,3.42
Mahindra,Thar,2015,11,71291,Diesel,Manual,second,494000,Mahindra Thar,kaggle_market,4.94
Ford,Endeavour,2017,9,80000,Diesel,Automatic,first,2161250,Ford Endeavour,kaggle_market,21.61
Maruti Suzuki,Vitara-Brezza,2019,7,54900,Diesel,Automatic,second,750500,Maruti Suzuki Vitara-Brezza,kaggle_market,7.5
Maruti Suzuki,Baleno,2018,8,55000,Diesel,Manual,first,560500,Maruti Suzuki Baleno,kaggle_market,5.6
Hyundai,Creta Facelift,2018,8,40000,Diesel,Automatic,first,843600,Hyundai Creta Facelift,kaggle_market,8.44
Maruti Suzuki,Swift-Dzire,2013,13,175000,Diesel,Manual,second,351500,Maruti Suzuki Swift-Dzire,kaggle_market,3.52
Bmw,5 Series,2014,12,90000,Diesel,Automatic,second,1159950,Bmw 5 Series,kaggle_market,11.6
Tata,Indica Ev2,2016,10,123000,Diesel,Manual,second,61750,Tata Indica Ev2,kaggle_market,0.62
Mercedes-Benz,C-Class,2016,10,95000,Diesel,Automatic,first,1705250,Mercedes-Benz C-Class,kaggle_market,17.05
Hyundai,Creta,2019,7,7687,Diesel,Automatic,first,665000,Hyundai Creta,kaggle_market,6.65
Maruti Suzuki,Swift-Dzire,2020,6,82000,Petrol,Manual,first,508250,Maruti Suzuki Swift-Dzire,kaggle_market,5.08
Toyota,Corolla Altis,2017,9,123000,Diesel,Manual,second,1116250,Toyota Corolla Altis,kaggle_market,11.16
Toyota,Fortuner,2017,9,59023,Diesel,Automatic,second,2845250,Toyota Fortuner,kaggle_market,28.45
Ford,Endeavour,2018,8,115000,Diesel,Automatic,second,2161250,Ford Endeavour,kaggle_market,21.61
Toyota,Innova Crysta,2017,9,90000,Diesel,Manual,second,1187500,Toyota Innova Crysta,kaggle_market,11.88
Maruti Suzuki,Alto-800,2014,12,88600,Petrol,Automatic,second,175750,Maruti Suzuki Alto-800,kaggle_market,1.76
Hyundai,Eon,2017,9,33000,Petrol,Manual,first,266000,Hyundai Eon,kaggle_market,2.66
Skoda,Octavia,2014,12,105904,Diesel,Automatic,second,988000,Skoda Octavia,kaggle_market,9.88
Tata,Altroz,2020,6,12600,Petrol,Manual,first,546250,Tata Altroz,kaggle_market,5.46
Datsun,Redi Go,2018,8,76000,Petrol,Manual,second,200450,Datsun Redi Go,kaggle_market,2.0
Mahindra,Xuv500,2012,14,125000,Diesel,Manual,second,427500,Mahindra Xuv500,kaggle_market,4.28
Mercedes-Benz,E-Class,2019,7,29800,Diesel,Automatic,first,4265500,Mercedes-Benz E-Class,kaggle_market,42.66
Mercedes-Benz,C-Class,2011,15,46000,Diesel,Automatic,second,570000,Mercedes-Benz C-Class,kaggle_market,5.7
Mercedes-Benz,E-Class,2014,12,73000,Diesel,Automatic,second,1168500,Mercedes-Benz E-Class,kaggle_market,11.68
Ford,Endeavour,2017,9,91000,Diesel,Automatic,second,1947500,Ford Endeavour,kaggle_market,19.48
Mahindra,Thar,2020,6,40000,Diesel,Automatic,first,1282500,Mahindra Thar,kaggle_market,12.82
Bmw,7 Series,2018,8,24200,Diesel,Automatic,first,7362500,Bmw 7 Series,kaggle_market,73.62
Hyundai,Grand I10,2013,13,61000,Petrol,Manual,first,266000,Hyundai Grand I10,kaggle_market,2.66
Bmw,3 Series Gt,2019,7,31000,Diesel,Automatic,first,3039999,Bmw 3 Series Gt,kaggle_market,30.4
Mercedes-Benz,E-Class,2014,12,83000,Diesel,Automatic,second,1325250,Mercedes-Benz E-Class,kaggle_market,13.25
Maruti Suzuki,Ritz,2012,14,165000,Diesel,Manual,second,166250,Maruti Suzuki Ritz,kaggle_market,1.66
Maruti Suzuki,S-Presso,2019,7,17000,Petrol,Automatic,second,370500,Maruti Suzuki S-Presso,kaggle_market,3.7
Maruti Suzuki,Wagon-R,2013,13,56000,Petrol,Manual,first,236550,Maruti Suzuki Wagon-R,kaggle_market,2.37
Audi,A6,2014,12,11000,Diesel,Automatic,first,1282500,Audi A6,kaggle_market,12.82
Ford,Endeavour,2018,8,115000,Diesel,Automatic,first,2137500,Ford Endeavour,kaggle_market,21.38
Kia,Seltos,2020,6,49900,Petrol,Manual,first,949050,Kia Seltos,kaggle_market,9.49
Mercedes-Benz,C-Class,2013,13,65000,Petrol,Automatic,second,897750,Mercedes-Benz C-Class,kaggle_market,8.98
Maruti Suzuki,Alto,2006,20,79000,Petrol,Manual,second,65550,Maruti Suzuki Alto,kaggle_market,0.66
Maruti Suzuki,Zen-Estilo,2003,23,33000,Petrol,Manual,second,122550,Maruti Suzuki Zen-Estilo,kaggle_market,1.23
Kia,Seltos,2021,5,58000,Petrol,Automatic,first,1234999,Kia Seltos,kaggle_market,12.35
Toyota,Innova,2012,14,250000,Diesel,Manual,second,760000,Toyota Innova,kaggle_market,7.6
Audi,A6,2016,10,52000,Diesel,Automatic,second,1567500,Audi A6,kaggle_market,15.68
Maruti Suzuki,Ciaz,2020,6,55000,Petrol,Manual,first,845500,Maruti Suzuki Ciaz,kaggle_market,8.46
Honda,City,2014,12,85000,Diesel,Manual,first,375250,Honda City,kaggle_market,3.75
Hyundai,Creta,2016,10,62000,Petrol,Manual,first,612750,Hyundai Creta,kaggle_market,6.13
Honda,City,2016,10,67000,Diesel,Manual,second,475000,Honda City,kaggle_market,4.75
Mercedes-Benz,Gla Class,2019,7,31000,Petrol,Automatic,first,2626750,Mercedes-Benz Gla Class,kaggle_market,26.27
Bmw,5 Series,2012,14,50800,Diesel,Automatic,first,1068750,Bmw 5 Series,kaggle_market,10.69
Volvo,Xc60,2015,11,62000,Diesel,Automatic,second,1377500,Volvo Xc60,kaggle_market,13.78
Hyundai,I20,2023,3,11300,Petrol,Automatic,first,878750,Hyundai I20,kaggle_market,8.79
Maruti Suzuki,Swift,2018,8,105000,Diesel,Automatic,first,598500,Maruti Suzuki Swift,kaggle_market,5.98
Tata,Hexa,2017,9,98623,Diesel,Automatic,first,603250,Tata Hexa,kaggle_market,6.03
Hyundai,I20,2014,12,56000,Petrol,Manual,first,441750,Hyundai I20,kaggle_market,4.42
Hyundai,Eon,2017,9,68000,Petrol,Manual,second,242250,Hyundai Eon,kaggle_market,2.42
Maruti Suzuki,Swift,2018,8,85000,Diesel,Manual,second,888250,Maruti Suzuki Swift,kaggle_market,8.88
Mg,Hector,2020,6,27000,Petrol,Automatic,second,1235000,Mg Hector,kaggle_market,12.35
Tata,Tiago,2017,9,39065,Petrol,Manual,first,425600,Tata Tiago,kaggle_market,4.26
Maruti Suzuki,Ertiga,2017,9,44000,Petrol,Automatic,first,745750,Maruti Suzuki Ertiga,kaggle_market,7.46
Honda,Amaze,2015,11,89000,Petrol,Manual,second,399000,Honda Amaze,kaggle_market,3.99
Honda,City,2015,11,120000,Petrol,Manual,second,570000,Honda City,kaggle_market,5.7
Hyundai,Venue,2021,5,33000,Petrol,Manual,first,755250,Hyundai Venue,kaggle_market,7.55
Toyota,Innova Crysta,2022,4,32500,Diesel,Manual,first,2755000,Toyota Innova Crysta,kaggle_market,27.55
Honda,Amaze,2018,8,124000,Diesel,Manual,first,660250,Honda Amaze,kaggle_market,6.6
Honda,City,2014,12,78000,Diesel,Manual,second,474810,Honda City,kaggle_market,4.75
Honda,City,2014,12,65374,Petrol,Automatic,second,517750,Honda City,kaggle_market,5.18
Maruti Suzuki,Celerio,2017,9,57000,Petrol,Automatic,second,303050,Maruti Suzuki Celerio,kaggle_market,3.03
Fiat,Linea,2009,17,80000,Petrol,Manual,first,109250,Fiat Linea,kaggle_market,1.09
Toyota,Fortuner,2015,11,95000,Diesel,Manual,first,1486750,Toyota Fortuner,kaggle_market,14.87
Toyota,Etios Liva,2012,14,117000,Petrol,Manual,second,364800,Toyota Etios Liva,kaggle_market,3.65
Mahindra,Thar,2015,11,35000,Diesel,Manual,second,617500,Mahindra Thar,kaggle_market,6.18
Maruti Suzuki,Ertiga,2019,7,105000,Diesel,Manual,second,912000,Maruti Suzuki Ertiga,kaggle_market,9.12
Bmw,2 Series,2022,4,14000,Diesel,Automatic,first,3610000,Bmw 2 Series,kaggle_market,36.1
Mahindra,Thar,2021,5,55000,Petrol,Automatic,first,1116250,Mahindra Thar,kaggle_market,11.16
Toyota,Fortuner,2019,7,69810,Diesel,Manual,second,2835750,Toyota Fortuner,kaggle_market,28.36
Hyundai,Venue,2022,4,53000,Petrol,Manual,second,907250,Hyundai Venue,kaggle_market,9.07
Kia,Seltos,2020,6,86000,Diesel,Automatic,first,1501000,Kia Seltos,kaggle_market,15.01
Hyundai,I10,2010,16,100000,Petrol,Manual,second,142500,Hyundai I10,kaggle_market,1.42
Maruti Suzuki,Vitara-Brezza,2016,10,55000,Diesel,Manual,first,703000,Maruti Suzuki Vitara-Brezza,kaggle_market,7.03
Mahindra,Scorpio Classic,2020,6,47000,Diesel,Manual,second,1472500,Mahindra Scorpio Classic,kaggle_market,14.72
Chevrolet,Beat,2016,10,44000,Petrol,Manual,second,204250,Chevrolet Beat,kaggle_market,2.04
Maruti Suzuki,Swift-Dzire,2022,4,9850,Petrol,Manual,first,660250,Maruti Suzuki Swift-Dzire,kaggle_market,6.6
Honda,Brio,2012,14,50000,Petrol,Manual,second,227999,Honda Brio,kaggle_market,2.28
Mercedes-Benz,Gle,2022,4,20400,Diesel,Automatic,first,6840000,Mercedes-Benz Gle,kaggle_market,68.4
Ford,Ecosport,2015,11,125000,Petrol,Manual,first,422750,Ford Ecosport,kaggle_market,4.23
Honda,Amaze,2014,12,52000,Petrol,Automatic,second,403750,Honda Amaze,kaggle_market,4.04
Maruti Suzuki,Wagon-R,2007,19,85000,Petrol,Manual,second,190000,Maruti Suzuki Wagon-R,kaggle_market,1.9
Maruti Suzuki,Esteem,2005,21,55000,Petrol,Manual,first,76000,Maruti Suzuki Esteem,kaggle_market,0.76
Audi,A4,2016,10,44000,Diesel,Automatic,second,1135250,Audi A4,kaggle_market,11.35
Audi,Q3,2015,11,100000,Diesel,Automatic,second,1140000,Audi Q3,kaggle_market,11.4
Maruti Suzuki,800,2014,12,34500,Petrol,Manual,second,228000,Maruti Suzuki 800,kaggle_market,2.28
Hyundai,Verna,2019,7,37000,Petrol,Manual,second,783750,Hyundai Verna,kaggle_market,7.84
Mercedes-Benz,M-Class,2011,15,10010,Diesel,Automatic,second,769500,Mercedes-Benz M-Class,kaggle_market,7.7
Toyota,Fortuner,2014,12,185000,Diesel,Manual,second,1283450,Toyota Fortuner,kaggle_market,12.83
Bmw,3 Series,2020,6,25000,Petrol,Automatic,first,3595855,Bmw 3 Series,kaggle_market,35.96
Maruti Suzuki,800,2000,26,50000,Petrol,Manual,second,85500,Maruti Suzuki 800,kaggle_market,0.86
Hyundai,I20,2018,8,75000,Diesel,Manual,second,665000,Hyundai I20,kaggle_market,6.65
Maruti Suzuki,Wagon R,2012,14,60000,Petrol,Manual,first,280250,Maruti Suzuki Wagon R,kaggle_market,2.8
Toyota,Innova Crysta,2017,9,120000,Diesel,Manual,second,1686250,Toyota Innova Crysta,kaggle_market,16.86
Mahindra,Alturas G4,2019,7,71150,Diesel,Automatic,second,1425000,Mahindra Alturas G4,kaggle_market,14.25
Honda,City,2022,4,16000,Petrol,Automatic,first,1315750,Honda City,kaggle_market,13.16
Mahindra,Xuv500,2017,9,95999,Diesel,Automatic,first,926250,Mahindra Xuv500,kaggle_market,9.26
Hyundai,Verna,2022,4,40000,Diesel,Automatic,first,1329050,Hyundai Verna,kaggle_market,13.29
Mercedes-Benz,C-Class,2015,11,68000,Diesel,Automatic,second,2565000,Mercedes-Benz C-Class,kaggle_market,25.65
Toyota,Etios,2012,14,92000,Diesel,Manual,second,237499,Toyota Etios,kaggle_market,2.37
Audi,A4,2011,15,29300,Petrol,Automatic,second,759999,Audi A4,kaggle_market,7.6
Mitsubishi,Outlander,2010,16,98000,Petrol,Automatic,first,465500,Mitsubishi Outlander,kaggle_market,4.66
Maruti Suzuki,Celerio,2022,4,39270,Petrol,Automatic,first,555750,Maruti Suzuki Celerio,kaggle_market,5.56
Mercedes-Benz,Gls,2017,9,88927,Petrol,Automatic,first,5225000,Mercedes-Benz Gls,kaggle_market,52.25
Toyota,Etios,2011,15,78000,Petrol,Manual,second,180500,Toyota Etios,kaggle_market,1.8
Maruti Suzuki,Xl6,2020,6,38000,Petrol,Manual,first,1092500,Maruti Suzuki Xl6,kaggle_market,10.92
Maruti Suzuki,Xl6,2019,7,61231,Petrol,Automatic,first,783846,Maruti Suzuki Xl6,kaggle_market,7.84
Renault,Duster,2014,12,105000,Diesel,Manual,second,204250,Renault Duster,kaggle_market,2.04
Kia,Carens,2022,4,24000,Diesel,Automatic,first,1824000,Kia Carens,kaggle_market,18.24
Ford,Ecosport,2014,12,75000,Diesel,Manual,first,403750,Ford Ecosport,kaggle_market,4.04
Maruti Suzuki,S-Presso,2021,5,14000,Petrol,Automatic,first,451250,Maruti Suzuki S-Presso,kaggle_market,4.51
Mahindra,Scorpio,2016,10,70013,Diesel,Automatic,first,1121000,Mahindra Scorpio,kaggle_market,11.21
Mahindra,Marazzo,2020,6,75000,Diesel,Manual,second,707750,Mahindra Marazzo,kaggle_market,7.08
Tata,Tiago,2017,9,71352,Petrol,Manual,second,308750,Tata Tiago,kaggle_market,3.09
Hyundai,Elantra,2014,12,53000,Petrol,Automatic,first,546250,Hyundai Elantra,kaggle_market,5.46
Hyundai,Verna,2013,13,78000,Petrol,Manual,second,384750,Hyundai Verna,kaggle_market,3.85
Audi,Q5,2018,8,110000,Diesel,Automatic,second,2185000,Audi Q5,kaggle_market,21.85
Mahindra,Xuv500,2013,13,95000,Diesel,Manual,second,489250,Mahindra Xuv500,kaggle_market,4.89
Hyundai,I20,2019,7,21000,Petrol,Manual,first,555750,Hyundai I20,kaggle_market,5.56
Mercedes-Benz,Gls,2022,4,95000,Diesel,Automatic,second,5035000,Mercedes-Benz Gls,kaggle_market,50.35
Honda,City,2004,22,80000,Petrol,Manual,second,90250,Honda City,kaggle_market,0.9
Honda,City,2018,8,15000,Petrol,Manual,first,731499,Honda City,kaggle_market,7.31
Hyundai,Creta,2015,11,142000,Diesel,Manual,first,498750,Hyundai Creta,kaggle_market,4.99
Volkswagen,Ventotest,2011,15,60000,Petrol,Manual,first,255550,Volkswagen Ventotest,kaggle_market,2.56
Maruti Suzuki,Maruti-Suzuki-Dzire,2018,8,21000,Petrol,Automatic,second,527250,Maruti Suzuki Maruti-Suzuki-Dzire,kaggle_market,5.27
Maruti Suzuki,Ciaz,2017,9,54000,Petrol,Manual,first,608000,Maruti Suzuki Ciaz,kaggle_market,6.08
Ford,Endeavour,2018,8,136000,Diesel,Automatic,first,1890500,Ford Endeavour,kaggle_market,18.9
Hyundai,Verna,2021,5,65000,Petrol,Manual,second,845500,Hyundai Verna,kaggle_market,8.46
Bmw,3 Series,2012,14,51000,Diesel,Automatic,second,664050,Bmw 3 Series,kaggle_market,6.64
Tata,Altroz,2023,3,59500,Diesel,Manual,first,902500,Tata Altroz,kaggle_market,9.02
Honda,City,2019,7,49000,Petrol,Automatic,first,969950,Honda City,kaggle_market,9.7
Hyundai,Creta,2015,11,72000,Diesel,Automatic,first,783750,Hyundai Creta,kaggle_market,7.84
Renault,Kwid,2018,8,38000,Petrol,Automatic,second,361000,Renault Kwid,kaggle_market,3.61
Mahindra,Alturas G4,2022,4,25000,Diesel,Automatic,first,2555500,Mahindra Alturas G4,kaggle_market,25.56
Maruti Suzuki,Ertiga,2016,10,65000,Diesel,Manual,second,532000,Maruti Suzuki Ertiga,kaggle_market,5.32
Maruti Suzuki,Alto,2008,18,100000,Petrol,Manual,second,93100,Maruti Suzuki Alto,kaggle_market,0.93
Maruti Suzuki,Swift Dzire,2019,7,16000,Diesel,Automatic,first,807500,Maruti Suzuki Swift Dzire,kaggle_market,8.07
Toyota,Etios Cross,2016,10,45250,Petrol,Manual,second,436050,Toyota Etios Cross,kaggle_market,4.36
Maruti Suzuki,Ertiga,2012,14,73100,Petrol,Manual,second,508250,Maruti Suzuki Ertiga,kaggle_market,5.08
Mahindra,Thar,2022,4,58600,Diesel,Automatic,first,1710000,Mahindra Thar,kaggle_market,17.1
Volkswagen,Polo,2019,7,47000,Diesel,Manual,second,845500,Volkswagen Polo,kaggle_market,8.46
Audi,A6,2010,16,57000,Petrol,Automatic,second,441750,Audi A6,kaggle_market,4.42
Renault,Kwid,2021,5,7000,Petrol,Manual,first,365750,Renault Kwid,kaggle_market,3.66
Tata,Nexon,2022,4,5000,Petrol,Automatic,first,1068750,Tata Nexon,kaggle_market,10.69
Maruti Suzuki,Wagon-R,2017,9,36000,Petrol,Manual,first,374300,Maruti Suzuki Wagon-R,kaggle_market,3.74
Mercedes-Benz,Gla,2023,3,7500,Diesel,Automatic,first,5225000,Mercedes-Benz Gla,kaggle_market,52.25
Honda,City,2021,5,38000,Petrol,Automatic,first,1135250,Honda City,kaggle_market,11.35
Renault,Triber,2020,6,27500,Petrol,Manual,first,494000,Renault Triber,kaggle_market,4.94
Mercedes-Benz,Gle Class,2016,10,48000,Diesel,Automatic,second,2731250,Mercedes-Benz Gle Class,kaggle_market,27.31
Mahindra,Marazzo,2018,8,87000,Diesel,Manual,first,665000,Mahindra Marazzo,kaggle_market,6.65
Maruti Suzuki,Celerio,2015,11,63000,Petrol,Automatic,first,365750,Maruti Suzuki Celerio,kaggle_market,3.66
Mahindra,Scorpio,2010,16,102000,Diesel,Manual,first,271699,Mahindra Scorpio,kaggle_market,2.72
Honda,City,2013,13,87000,Petrol,Manual,second,546250,Honda City,kaggle_market,5.46
Jeep,Compass,2018,8,92000,Diesel,Manual,second,855000,Jeep Compass,kaggle_market,8.55
Ford,Figo,2013,13,82008,Diesel,Manual,second,122549,Ford Figo,kaggle_market,1.23
Honda,City,2018,8,38000,Petrol,Automatic,second,679250,Honda City,kaggle_market,6.79
Honda,City,2013,13,79000,Petrol,Automatic,second,503500,Honda City,kaggle_market,5.04
Maruti Suzuki,S-Presso,2020,6,55000,Petrol,Manual,second,323000,Maruti Suzuki S-Presso,kaggle_market,3.23
Mahindra,Bolero,2012,14,138500,Diesel,Manual,second,578550,Mahindra Bolero,kaggle_market,5.79
Volkswagen,Polo,2016,10,102000,Petrol,Manual,second,522500,Volkswagen Polo,kaggle_market,5.22
Skoda,Rapid,2016,10,78000,Diesel,Manual,first,512999,Skoda Rapid,kaggle_market,5.13
Kia,Sonet,2022,4,29000,Diesel,Automatic,first,1197000,Kia Sonet,kaggle_market,11.97
Chevrolet,Beat,2014,12,85000,Diesel,Automatic,second,94050,Chevrolet Beat,kaggle_market,0.94
Maruti Suzuki,Grand Vitara,2024,2,2480,Petrol,Manual,first,1282500,Maruti Suzuki Grand Vitara,kaggle_market,12.82
Toyota,Innova,2014,12,155000,Diesel,Manual,first,783750,Toyota Innova,kaggle_market,7.84
Hyundai,I20,2012,14,180000,Diesel,Manual,first,284050,Hyundai I20,kaggle_market,2.84
Renault,Duster,2014,12,95000,Diesel,Manual,first,426550,Renault Duster,kaggle_market,4.27
Hyundai,Accent,2009,17,54000,Petrol,Manual,second,118750,Hyundai Accent,kaggle_market,1.19
Maruti Suzuki,Brezza,2017,9,68000,Diesel,Manual,second,541500,Maruti Suzuki Brezza,kaggle_market,5.42
Audi,A4,2009,17,85120,Petrol,Automatic,second,926250,Audi A4,kaggle_market,9.26
Honda,City,2012,14,66147,Petrol,Automatic,second,333450,Honda City,kaggle_market,3.33
Maruti Suzuki,Wagon-R,2017,9,82000,Petrol,Manual,second,375250,Maruti Suzuki Wagon-R,kaggle_market,3.75
Ford,Endeavour,2017,9,91535,Diesel,Automatic,second,1800250,Ford Endeavour,kaggle_market,18.0
Maruti Suzuki,Celerio,2017,9,80000,Petrol,Manual,second,228000,Maruti Suzuki Celerio,kaggle_market,2.28
Maruti Suzuki,Ritz,2011,15,78000,Petrol,Manual,second,294500,Maruti Suzuki Ritz,kaggle_market,2.94
Volkswagen,Vento,2012,14,65000,Diesel,Manual,first,361000,Volkswagen Vento,kaggle_market,3.61
Tata,Tiago,2017,9,120000,Diesel,Manual,first,403750,Tata Tiago,kaggle_market,4.04
Maruti Suzuki,Swift,2018,8,75000,Diesel,Automatic,second,498750,Maruti Suzuki Swift,kaggle_market,4.99
Maruti Suzuki,Swift-Dzire-Tour,2018,8,121331,Diesel,Automatic,first,498750,Maruti Suzuki Swift-Dzire-Tour,kaggle_market,4.99
Kia,Seltos,2022,4,85000,Diesel,Manual,first,1102000,Kia Seltos,kaggle_market,11.02
Volkswagen,Ventotest,2018,8,68000,Diesel,Automatic,second,759999,Volkswagen Ventotest,kaggle_market,7.6
Honda,City,2003,23,70000,Petrol,Manual,second,218500,Honda City,kaggle_market,2.18
Maruti Suzuki,Alto-K10,2015,11,450000,Petrol,Automatic,first,294500,Maruti Suzuki Alto-K10,kaggle_market,2.94
Bmw,7 Series,2010,16,91000,Diesel,Automatic,first,949050,Bmw 7 Series,kaggle_market,9.49
Hyundai,Creta,2022,4,48000,Diesel,Manual,first,1539000,Hyundai Creta,kaggle_market,15.39
Maruti Suzuki,Ertiga,2019,7,38500,Petrol,Manual,second,759050,Maruti Suzuki Ertiga,kaggle_market,7.59
Honda,City,2020,6,60766,Petrol,Automatic,first,1092500,Honda City,kaggle_market,10.92
Hyundai,Eon,2018,8,43000,Petrol,Manual,second,266000,Hyundai Eon,kaggle_market,2.66
Skoda,Fabia,2008,18,80000,Petrol,Manual,second,223250,Skoda Fabia,kaggle_market,2.23
Tata,Indigo Ecs,2014,12,95000,Diesel,Manual,second,237500,Tata Indigo Ecs,kaggle_market,2.38
Maruti Suzuki,Xl6,2019,7,52500,Petrol,Manual,second,831250,Maruti Suzuki Xl6,kaggle_market,8.31
Audi,A5,2011,15,90000,Diesel,Automatic,second,1211250,Audi A5,kaggle_market,12.11
Renault,Duster,2013,13,96000,Diesel,Manual,second,332500,Renault Duster,kaggle_market,3.32
Toyota,Fortuner,2015,11,155000,Diesel,Automatic,second,1657750,Toyota Fortuner,kaggle_market,16.58
Hyundai,Eon,2014,12,62000,Petrol,Manual,first,175750,Hyundai Eon,kaggle_market,1.76
Volkswagen,Polo,2013,13,75000,Diesel,Manual,second,280250,Volkswagen Polo,kaggle_market,2.8
Bmw,5 Series,2018,8,82000,Diesel,Automatic,second,2351250,Bmw 5 Series,kaggle_market,23.51
Maruti Suzuki,Xl6,2021,5,45000,Petrol,Manual,second,973750,Maruti Suzuki Xl6,kaggle_market,9.74
Hyundai,Verna,2011,15,132000,Petrol,Automatic,second,294500,Hyundai Verna,kaggle_market,2.94
Maruti Suzuki,Sx4,2009,17,69000,Petrol,Manual,second,256500,Maruti Suzuki Sx4,kaggle_market,2.56
Maruti Suzuki,Swift-Dzire,2014,12,58000,Petrol,Manual,second,403750,Maruti Suzuki Swift-Dzire,kaggle_market,4.04
Honda,City,2020,6,69000,Petrol,Manual,first,854050,Honda City,kaggle_market,8.54
Maruti Suzuki,Jimny,2023,3,1800,Petrol,Automatic,first,1377500,Maruti Suzuki Jimny,kaggle_market,13.78
Land Rover,Range Rover Sport,2011,15,73000,Diesel,Automatic,second,1757500,Land Rover Range Rover Sport,kaggle_market,17.58
Mahindra,Xuv500,2016,10,100000,Diesel,Manual,first,617500,Mahindra Xuv500,kaggle_market,6.18
Chevrolet,Tavera,2008,18,95000,Diesel,Automatic,second,123500,Chevrolet Tavera,kaggle_market,1.24
Hyundai,Grand I10 Nios,2020,6,40000,Petrol,Manual,first,536750,Hyundai Grand I10 Nios,kaggle_market,5.37
Hyundai,Verna,2018,8,110000,Diesel,Automatic,first,940500,Hyundai Verna,kaggle_market,9.4
Ford,Ecosport,2017,9,82000,Petrol,Automatic,first,546250,Ford Ecosport,kaggle_market,5.46
Maruti Suzuki,Wagon-R,2016,10,14352,Petrol,Automatic,second,353400,Maruti Suzuki Wagon-R,kaggle_market,3.53
Volkswagen,Crosspolo,2015,11,61000,Petrol,Manual,second,356250,Volkswagen Crosspolo,kaggle_market,3.56
Hyundai,Grand I10,2017,9,42000,Petrol,Manual,first,422750,Hyundai Grand I10,kaggle_market,4.23
Mini,Cooper Countryman,2013,13,38000,Petrol,Automatic,second,1995000,Mini Cooper Countryman,kaggle_market,19.95
Toyota,Innova,2013,13,146000,Diesel,Manual,second,616550,Toyota Innova,kaggle_market,6.17
Maruti Suzuki,Ciaz,2015,11,82000,Diesel,Manual,second,356250,Maruti Suzuki Ciaz,kaggle_market,3.56
Maruti Suzuki,Ritz,2011,15,120000,Diesel,Manual,second,209000,Maruti Suzuki Ritz,kaggle_market,2.09
Honda,Jazz,2018,8,21500,Petrol,Automatic,first,627000,Honda Jazz,kaggle_market,6.27
Maruti Suzuki,Vitara-Brezza,2017,9,72000,Diesel,Manual,first,565250,Maruti Suzuki Vitara-Brezza,kaggle_market,5.65
Maruti Suzuki,Swift,2015,11,100000,Diesel,Manual,second,498750,Maruti Suzuki Swift,kaggle_market,4.99
Maruti Suzuki,Swift,2018,8,65000,Diesel,Automatic,first,513000,Maruti Suzuki Swift,kaggle_market,5.13
Honda,City,2016,10,59000,Petrol,Automatic,second,688750,Honda City,kaggle_market,6.89
Mahindra,Scorpio,2018,8,84000,Diesel,Manual,first,1125750,Mahindra Scorpio,kaggle_market,11.26
Honda,Amaze,2014,12,110000,Petrol,Manual,first,346750,Honda Amaze,kaggle_market,3.47
Nissan,Terrano,2015,11,74000,Diesel,Manual,second,299250,Nissan Terrano,kaggle_market,2.99
Mercedes-Benz,E-Class,2009,17,60000,Petrol,Automatic,second,522500,Mercedes-Benz E-Class,kaggle_market,5.22
Renault,Kwid,2019,7,34000,Petrol,Automatic,first,346750,Renault Kwid,kaggle_market,3.47
Toyota,Innova,2012,14,12000,Diesel,Manual,second,902500,Toyota Innova,kaggle_market,9.02
Toyota,Fortuner,2015,11,170000,Diesel,Automatic,first,1163750,Toyota Fortuner,kaggle_market,11.64
Mahindra,Marazzo,2018,8,75000,Diesel,Manual,second,688750,Mahindra Marazzo,kaggle_market,6.89
Hyundai,I20,2016,10,80000,Petrol,Manual,first,408500,Hyundai I20,kaggle_market,4.08
Mahindra,Xuv500,2018,8,15000,Diesel,Manual,first,1325250,Mahindra Xuv500,kaggle_market,13.25
Volvo,S60,2015,11,62000,Diesel,Automatic,first,688750,Volvo S60,kaggle_market,6.89
Maruti Suzuki,Ertiga,2013,13,99000,Diesel,Manual,first,560500,Maruti Suzuki Ertiga,kaggle_market,5.6
Honda,City,2021,5,38000,Petrol,Automatic,first,1138100,Honda City,kaggle_market,11.38
Toyota,Innova,2009,17,141000,Diesel,Manual,second,403750,Toyota Innova,kaggle_market,4.04
Mercedes-Benz,S-Class,2014,12,66000,Diesel,Automatic,second,3610000,Mercedes-Benz S-Class,kaggle_market,36.1
Hyundai,I10,2009,17,38600,Petrol,Manual,first,204250,Hyundai I10,kaggle_market,2.04
Toyota,Corolla Altis,2017,9,101500,Petrol,Manual,second,712500,Toyota Corolla Altis,kaggle_market,7.12
Hyundai,Grand I10,2016,10,64000,Petrol,Manual,first,389500,Hyundai Grand I10,kaggle_market,3.9
Toyota,2.8 Legender 4X2,2022,4,69000,Diesel,Automatic,first,3885500,Toyota 2.8 Legender 4X2,kaggle_market,38.85
Toyota,Glanza,2021,5,22000,Petrol,Manual,second,798000,Toyota Glanza,kaggle_market,7.98
Hyundai,Venue,2019,7,50000,Diesel,Manual,first,907250,Hyundai Venue,kaggle_market,9.07
Tata,Tiago,2017,9,29000,Petrol,Manual,first,389500,Tata Tiago,kaggle_market,3.9
Mercedes-Benz,Cls-Class,2013,13,129000,Diesel,Automatic,second,1662500,Mercedes-Benz Cls-Class,kaggle_market,16.62
Mercedes-Benz,Gls,2020,6,60000,Diesel,Automatic,first,9357500,Mercedes-Benz Gls,kaggle_market,93.58
Kia,Seltos,2020,6,50000,Diesel,Automatic,second,1330000,Kia Seltos,kaggle_market,13.3
Hyundai,Creta,2021,5,33000,Petrol,Automatic,first,1182750,Hyundai Creta,kaggle_market,11.83
Toyota,Fortuner,2014,12,96000,Diesel,Automatic,second,1895250,Toyota Fortuner,kaggle_market,18.95
Hyundai,I20,2014,12,62500,Petrol,Manual,second,331550,Hyundai I20,kaggle_market,3.32
Hyundai,Santro Xing,2011,15,130000,Petrol,Manual,first,175750,Hyundai Santro Xing,kaggle_market,1.76
Renault,Duster,2018,8,83000,Diesel,Automatic,second,878750,Renault Duster,kaggle_market,8.79
Maruti Suzuki,S-Cross1,2018,8,82758,Diesel,Manual,second,579500,Maruti Suzuki S-Cross1,kaggle_market,5.8
Honda,City,2016,10,109000,Diesel,Manual,second,608000,Honda City,kaggle_market,6.08
Ford,Ecosport,2017,9,65000,Diesel,Manual,first,498750,Ford Ecosport,kaggle_market,4.99
Renault,Kwid,2019,7,5800,Petrol,Automatic,first,284050,Renault Kwid,kaggle_market,2.84
Ford,Ecosport,2020,6,92000,Diesel,Manual,second,788500,Ford Ecosport,kaggle_market,7.88
Honda,Wrv,2018,8,59000,Diesel,Manual,second,802750,Honda Wrv,kaggle_market,8.03
Mercedes-Benz,E-Class,2014,12,84000,Diesel,Automatic,second,1325250,Mercedes-Benz E-Class,kaggle_market,13.25
Ford,Ecosport,2014,12,70000,Diesel,Manual,second,209950,Ford Ecosport,kaggle_market,2.1
Maruti Suzuki,Swift,2018,8,45000,Petrol,Manual,first,517750,Maruti Suzuki Swift,kaggle_market,5.18
Maruti Suzuki,Wagon-R,2016,10,48231,Petrol,Manual,first,318346,Maruti Suzuki Wagon-R,kaggle_market,3.18
Mahindra,Xuv500,2021,5,78000,Diesel,Automatic,first,1425000,Mahindra Xuv500,kaggle_market,14.25
Maruti Suzuki,Celerio,2019,7,65000,Petrol,Manual,first,456000,Maruti Suzuki Celerio,kaggle_market,4.56
Hyundai,I20,2023,3,58000,Diesel,Manual,first,878750,Hyundai I20,kaggle_market,8.79
Nissan,Terrano,2016,10,98000,Diesel,Manual,first,589000,Nissan Terrano,kaggle_market,5.89
Bmw,7 Series,2021,5,18000,Diesel,Automatic,first,7980000,Bmw 7 Series,kaggle_market,79.8
Ford,Ecosport,2014,12,31000,Petrol,Automatic,second,466450,Ford Ecosport,kaggle_market,4.66
Renault,Duster,2017,9,89000,Diesel,Manual,first,707750,Renault Duster,kaggle_market,7.08
Toyota,Fortuner,2021,5,65000,Diesel,Automatic,first,3658450,Toyota Fortuner,kaggle_market,36.58
Audi,A6,2017,9,95000,Diesel,Automatic,second,1800250,Audi A6,kaggle_market,18.0
Honda,Jazz,2017,9,91000,Petrol,Automatic,first,447450,Honda Jazz,kaggle_market,4.47
Mercedes-Benz,S-Class,2016,10,46000,Petrol,Automatic,first,6935000,Mercedes-Benz S-Class,kaggle_market,69.35
Mercedes-Benz,Amg Gle Coupe,2020,6,50000,Petrol,Automatic,second,9405000,Mercedes-Benz Amg Gle Coupe,kaggle_market,94.05
Volkswagen,Polo,2018,8,70000,Petrol,Manual,second,521550,Volkswagen Polo,kaggle_market,5.22
Honda,City,2015,11,75000,Petrol,Automatic,second,555750,Honda City,kaggle_market,5.56
Maruti Suzuki,Swift,2022,4,33000,Petrol,Automatic,first,717250,Maruti Suzuki Swift,kaggle_market,7.17
Mini,Countryman,2012,14,7400,Petrol,Automatic,second,1187500,Mini Countryman,kaggle_market,11.88
Renault,Kwid,2016,10,13340,Petrol,Automatic,first,318250,Renault Kwid,kaggle_market,3.18
Hyundai,Creta,2023,3,21000,Diesel,Manual,first,1420250,Hyundai Creta,kaggle_market,14.2
Ford,Ecosport,2017,9,57000,Diesel,Manual,first,513000,Ford Ecosport,kaggle_market,5.13
Hyundai,I10,2008,18,77000,Petrol,Manual,second,137750,Hyundai I10,kaggle_market,1.38
Tata,Harrier,2020,6,102000,Diesel,Automatic,first,1472500,Tata Harrier,kaggle_market,14.72
Mahindra,Bolero,2015,11,130222,Diesel,Manual,first,437000,Mahindra Bolero,kaggle_market,4.37
Maruti Suzuki,Alto-K10,2015,11,59552,Petrol,Automatic,second,323000,Maruti Suzuki Alto-K10,kaggle_market,3.23
Hyundai,Grand I10,2015,11,114000,Petrol,Automatic,second,356250,Hyundai Grand I10,kaggle_market,3.56
Hyundai,Creta,2024,2,3100,Petrol,Automatic,first,2080500,Hyundai Creta,kaggle_market,20.8
Audi,A6,2015,11,82000,Diesel,Automatic,first,1586500,Audi A6,kaggle_market,15.86
Chevrolet,Sail U-Va,2013,13,73500,Diesel,Manual,second,208050,Chevrolet Sail U-Va,kaggle_market,2.08
Hyundai,Grand I10,2019,7,68000,Petrol,Manual,second,451250,Hyundai Grand I10,kaggle_market,4.51
Maruti Suzuki,Baleno,2018,8,31000,Petrol,Automatic,first,650750,Maruti Suzuki Baleno,kaggle_market,6.51
Maruti Suzuki,Ertiga,2019,7,73110,Diesel,Manual,first,1087750,Maruti Suzuki Ertiga,kaggle_market,10.88
Mahindra,Scorpio,2016,10,58580,Diesel,Manual,second,935750,Mahindra Scorpio,kaggle_market,9.36
Hyundai,I20,2022,4,13262,Petrol,Automatic,first,935750,Hyundai I20,kaggle_market,9.36
Toyota,Fortuner,2022,4,35000,Diesel,Automatic,first,3990000,Toyota Fortuner,kaggle_market,39.9
Tata,Nano,2015,11,47000,Petrol,Automatic,second,255550,Tata Nano,kaggle_market,2.56
Toyota,Innova,2008,18,100000,Diesel,Manual,second,318250,Toyota Innova,kaggle_market,3.18
Chevrolet,Enjoy,2014,12,150000,Diesel,Manual,second,332500,Chevrolet Enjoy,kaggle_market,3.32
Toyota,Innova,2012,14,200000,Diesel,Manual,second,569050,Toyota Innova,kaggle_market,5.69
Mahindra,Xuv700,2023,3,17000,Diesel,Automatic,first,2441500,Mahindra Xuv700,kaggle_market,24.42
Toyota,Innova,2013,13,130000,Diesel,Manual,second,935750,Toyota Innova,kaggle_market,9.36
Honda,Mobilio,2015,11,133000,Diesel,Manual,second,902500,Honda Mobilio,kaggle_market,9.02
Volkswagen,Polo,2011,15,85000,Diesel,Manual,second,213750,Volkswagen Polo,kaggle_market,2.14
Hyundai,Grand I10,2017,9,31000,Petrol,Manual,second,451250,Hyundai Grand I10,kaggle_market,4.51
Mahindra,Tuv,2015,11,53000,Diesel,Manual,second,375250,Mahindra Tuv,kaggle_market,3.75
Renault,Fluence,2012,14,102506,Petrol,Automatic,second,299250,Renault Fluence,kaggle_market,2.99
Honda,City Zx,2020,6,70000,Petrol,Automatic,second,1045000,Honda City Zx,kaggle_market,10.45
Maruti Suzuki,Ciaz,2015,11,148000,Diesel,Manual,second,646000,Maruti Suzuki Ciaz,kaggle_market,6.46
Kia,Seltos,2021,5,46000,Diesel,Manual,first,1030750,Kia Seltos,kaggle_market,10.31
Chevrolet,Beat,2012,14,105000,Diesel,Manual,second,199500,Chevrolet Beat,kaggle_market,2.0
Nissan,Micra,2016,10,54000,Petrol,Automatic,first,379050,Nissan Micra,kaggle_market,3.79
Maruti Suzuki,Swift,2021,5,15505,Petrol,Manual,second,560500,Maruti Suzuki Swift,kaggle_market,5.6
Lexus,Nx,2018,8,40000,Petrol,Automatic,second,4037500,Lexus Nx,kaggle_market,40.38
Ford,Fiesta,2011,15,96000,Diesel,Manual,second,104500,Ford Fiesta,kaggle_market,1.04
Renault,Pulse,2014,12,64000,Petrol,Manual,second,166250,Renault Pulse,kaggle_market,1.66
Mercedes-Benz,E-Class,2010,16,31300,Petrol,Automatic,first,1710000,Mercedes-Benz E-Class,kaggle_market,17.1
Maruti Suzuki,Ciaz,2015,11,84000,Diesel,Manual,second,437000,Maruti Suzuki Ciaz,kaggle_market,4.37
Tata,Zest,2014,12,86000,Diesel,Manual,second,360050,Tata Zest,kaggle_market,3.6
Maruti Suzuki,Alto,2012,14,85000,Petrol,Manual,second,137750,Maruti Suzuki Alto,kaggle_market,1.38
Hyundai,Elite I20,2018,8,64000,Petrol,Manual,first,465500,Hyundai Elite I20,kaggle_market,4.66
Maruti Suzuki,Alto-800,2010,16,75200,Petrol,Manual,second,142499,Maruti Suzuki Alto-800,kaggle_market,1.42
Maruti Suzuki,S-Presso,2022,4,25000,Petrol,Automatic,first,498750,Maruti Suzuki S-Presso,kaggle_market,4.99
Toyota,Innova Crysta,2016,10,88500,Diesel,Automatic,first,2018750,Toyota Innova Crysta,kaggle_market,20.19
Hyundai,I20 Active,2015,11,79864,Diesel,Manual,second,508250,Hyundai I20 Active,kaggle_market,5.08
Hyundai,Santro,2019,7,29000,Petrol,Automatic,second,403750,Hyundai Santro,kaggle_market,4.04
Skoda,Rapid,2012,14,87000,Diesel,Manual,first,304000,Skoda Rapid,kaggle_market,3.04
Maruti Suzuki,Eeco,2013,13,90000,Petrol,Manual,second,242250,Maruti Suzuki Eeco,kaggle_market,2.42
Hyundai,Verna,2018,8,63000,Diesel,Automatic,first,1045000,Hyundai Verna,kaggle_market,10.45
Maruti Suzuki,Brezza,2019,7,84000,Diesel,Automatic,second,821750,Maruti Suzuki Brezza,kaggle_market,8.22
Maruti Suzuki,Eeco,2020,6,32000,Petrol,Manual,first,437000,Maruti Suzuki Eeco,kaggle_market,4.37
Honda,City,2015,11,41000,Petrol,Automatic,second,612750,Honda City,kaggle_market,6.13
Renault,Kwid,2017,9,60000,Petrol,Automatic,first,294500,Renault Kwid,kaggle_market,2.94
Toyota,Innova Crysta,2022,4,15000,Diesel,Manual,first,2223000,Toyota Innova Crysta,kaggle_market,22.23
Hyundai,Verna,2016,10,57000,Petrol,Manual,first,560500,Hyundai Verna,kaggle_market,5.6
Hyundai,Elantra,2014,12,68000,Diesel,Manual,first,379999,Hyundai Elantra,kaggle_market,3.8
Toyota,Corolla Altis,2015,11,68000,Petrol,Automatic,second,570000,Toyota Corolla Altis,kaggle_market,5.7
Mahindra,Scorpio,2019,7,87000,Diesel,Manual,first,1377500,Mahindra Scorpio,kaggle_market,13.78
Volvo,Xc60,2015,11,155600,Diesel,Automatic,second,1230250,Volvo Xc60,kaggle_market,12.3
Hyundai,Sonata,2014,12,78000,Petrol,Automatic,second,451250,Hyundai Sonata,kaggle_market,4.51
Maruti Suzuki,Celerio,2020,6,28000,Petrol,Manual,first,475000,Maruti Suzuki Celerio,kaggle_market,4.75
Maruti Suzuki,Eeco,2012,14,68000,Petrol,Manual,first,251750,Maruti Suzuki Eeco,kaggle_market,2.52
Maruti Suzuki,Swift-Dzire,2014,12,60000,Diesel,Manual,first,304000,Maruti Suzuki Swift-Dzire,kaggle_market,3.04
Hyundai,Grand I10,2015,11,63000,Petrol,Automatic,second,356250,Hyundai Grand I10,kaggle_market,3.56
Volkswagen,Polo,2021,5,57300,Petrol,Automatic,second,1045000,Volkswagen Polo,kaggle_market,10.45
Honda,City,2017,9,55000,Petrol,Automatic,second,684950,Honda City,kaggle_market,6.85
Renault,Duster,2019,7,106000,Diesel,Manual,first,665000,Renault Duster,kaggle_market,6.65
Hyundai,I10,2011,15,58000,Petrol,Manual,first,275500,Hyundai I10,kaggle_market,2.76
Hyundai,Creta,2022,4,112000,Diesel,Manual,first,1306250,Hyundai Creta,kaggle_market,13.06
Jeep,Compass,2019,7,67000,Petrol,Automatic,first,1325250,Jeep Compass,kaggle_market,13.25
Toyota,Innova,2015,11,125000,Diesel,Manual,second,736250,Toyota Innova,kaggle_market,7.36
Toyota,Corolla Altis,2011,15,128000,Diesel,Manual,first,351499,Toyota Corolla Altis,kaggle_market,3.51
Maruti Suzuki,Swift-Dzire,2018,8,27000,Petrol,Automatic,second,584250,Maruti Suzuki Swift-Dzire,kaggle_market,5.84
Volkswagen,Polo,2019,7,18000,Petrol,Automatic,first,759999,Volkswagen Polo,kaggle_market,7.6
Mercedes-Benz,Cla,2019,7,48000,Diesel,Automatic,second,3277500,Mercedes-Benz Cla,kaggle_market,32.78
Maruti Suzuki,Wagon-R-1-0,2018,8,64344,Petrol,Automatic,first,380000,Maruti Suzuki Wagon-R-1-0,kaggle_market,3.8
Toyota,Fortuner,2022,4,45000,Diesel,Automatic,first,3895000,Toyota Fortuner,kaggle_market,38.95
Skoda,Rapid,2012,14,76000,Diesel,Manual,second,413250,Skoda Rapid,kaggle_market,4.13
Maruti Suzuki,Ignis,2018,8,44000,Petrol,Manual,first,437000,Maruti Suzuki Ignis,kaggle_market,4.37
Mahindra,Xuv700,2022,4,75000,Diesel,Automatic,first,1710000,Mahindra Xuv700,kaggle_market,17.1
Maruti Suzuki,Swift,2017,9,25000,Petrol,Manual,second,394250,Maruti Suzuki Swift,kaggle_market,3.94
Hyundai,Creta,2020,6,67000,Petrol,Automatic,first,1391750,Hyundai Creta,kaggle_market,13.92
Honda,Amaze,2015,11,85000,Diesel,Manual,second,370500,Honda Amaze,kaggle_market,3.7
Toyota,Innova,2015,11,125000,Diesel,Manual,first,616550,Toyota Innova,kaggle_market,6.17
Hyundai,Verna,2019,7,56000,Petrol,Automatic,first,736250,Hyundai Verna,kaggle_market,7.36
Mercedes-Benz,Gla,2022,4,20500,Petrol,Automatic,first,4702500,Mercedes-Benz Gla,kaggle_market,47.02
Volkswagen,Polo,2017,9,77142,Petrol,Manual,second,437000,Volkswagen Polo,kaggle_market,4.37
Honda,City,2011,15,55000,Petrol,Automatic,second,284050,Honda City,kaggle_market,2.84
Nissan,Micra,2012,14,75000,Petrol,Manual,second,171000,Nissan Micra,kaggle_market,1.71
Hyundai,Verna,2012,14,128000,Diesel,Manual,second,332500,Hyundai Verna,kaggle_market,3.32
Honda,City,2017,9,49000,Petrol,Automatic,first,840750,Honda City,kaggle_market,8.41
Mahindra,Xuv500,2013,13,61000,Diesel,Manual,first,466450,Mahindra Xuv500,kaggle_market,4.66
Maruti Suzuki,Swift,2007,19,111702,Petrol,Manual,second,180500,Maruti Suzuki Swift,kaggle_market,1.8
Maruti Suzuki,Omni,2018,8,46000,Petrol,Manual,first,275499,Maruti Suzuki Omni,kaggle_market,2.75
Mahindra,Scorpio,2015,11,141000,Diesel,Manual,second,736250,Mahindra Scorpio,kaggle_market,7.36
Volkswagen,Vento,2011,15,114000,Diesel,Manual,second,356250,Volkswagen Vento,kaggle_market,3.56
Renault,Kwid,2017,9,63663,Petrol,Automatic,second,308750,Renault Kwid,kaggle_market,3.09
Bmw,1 Series,2013,13,120000,Diesel,Automatic,second,926250,Bmw 1 Series,kaggle_market,9.26
Hyundai,I20,2011,15,36300,Petrol,Manual,second,185250,Hyundai I20,kaggle_market,1.85
Audi,Q3,2017,9,86000,Diesel,Automatic,second,1615000,Audi Q3,kaggle_market,16.15
Hyundai,Eon,2018,8,35000,Petrol,Manual,first,294500,Hyundai Eon,kaggle_market,2.94
Maruti Suzuki,Swift,2015,11,80000,Diesel,Manual,second,342000,Maruti Suzuki Swift,kaggle_market,3.42
Maruti Suzuki,Swift,2018,8,62000,Petrol,Manual,first,489250,Maruti Suzuki Swift,kaggle_market,4.89
Renault,Pulse,2013,13,88000,Diesel,Manual,second,266000,Renault Pulse,kaggle_market,2.66
Renault,Duster,2014,12,90200,Diesel,Manual,first,456000,Renault Duster,kaggle_market,4.56
Mg,Hector,2023,3,20000,Petrol,Automatic,second,1662500,Mg Hector,kaggle_market,16.62
Maruti Suzuki,Wagon-R,2017,9,43000,Petrol,Automatic,second,403750,Maruti Suzuki Wagon-R,kaggle_market,4.04
Volkswagen,Ventotest,2011,15,88000,Petrol,Manual,second,189050,Volkswagen Ventotest,kaggle_market,1.89
Honda,Amaze,2015,11,35000,Petrol,Manual,first,465500,Honda Amaze,kaggle_market,4.66
Maruti Suzuki,Swift-Dzire,2020,6,39800,Petrol,Manual,first,503500,Maruti Suzuki Swift-Dzire,kaggle_market,5.04
Honda,Amaze,2015,11,65000,Petrol,Manual,first,427500,Honda Amaze,kaggle_market,4.28
Maruti Suzuki,Alto-800,2020,6,59000,Petrol,Manual,second,318250,Maruti Suzuki Alto-800,kaggle_market,3.18
Skoda,Rapid,2017,9,67000,Diesel,Automatic,first,707750,Skoda Rapid,kaggle_market,7.08
Audi,A4,2015,11,135000,Diesel,Automatic,second,1567500,Audi A4,kaggle_market,15.68
Tata,Nexon,2020,6,69000,Petrol,Automatic,first,592800,Tata Nexon,kaggle_market,5.93
Honda,City,2016,10,67000,Petrol,Automatic,second,641250,Honda City,kaggle_market,6.41
Maruti Suzuki,Swift,2024,2,2600,Petrol,Automatic,first,821750,Maruti Suzuki Swift,kaggle_market,8.22
Bmw,X3,2016,10,50000,Diesel,Automatic,second,1947500,Bmw X3,kaggle_market,19.48
Tata,Altroz,2022,4,11400,Petrol,Manual,first,664050,Tata Altroz,kaggle_market,6.64
Maruti Suzuki,Swift-Dzire,2012,14,64000,Petrol,Manual,first,370500,Maruti Suzuki Swift-Dzire,kaggle_market,3.7
Jeep,Compass,2019,7,72000,Diesel,Automatic,second,1771750,Jeep Compass,kaggle_market,17.72
Audi,A4,2016,10,98000,Diesel,Automatic,second,1306250,Audi A4,kaggle_market,13.06
Tata,Hexa,2017,9,90000,Diesel,Manual,second,665000,Tata Hexa,kaggle_market,6.65
Hyundai,Creta,2017,9,82000,Diesel,Automatic,first,693500,Hyundai Creta,kaggle_market,6.94
Hyundai,Grand I10,2018,8,55000,Petrol,Manual,second,413250,Hyundai Grand I10,kaggle_market,4.13
Toyota,Fortuner,2023,3,20000,Diesel,Automatic,first,3657500,Toyota Fortuner,kaggle_market,36.58
Mercedes-Benz,E-Class,2012,14,101000,Diesel,Automatic,second,783750,Mercedes-Benz E-Class,kaggle_market,7.84
Mercedes-Benz,M-Class,2014,12,86000,Diesel,Automatic,first,1401250,Mercedes-Benz M-Class,kaggle_market,14.01
Maruti Suzuki,Ertiga,2014,12,141000,Diesel,Manual,first,616550,Maruti Suzuki Ertiga,kaggle_market,6.17
Volkswagen,Ventotest,2016,10,56000,Petrol,Automatic,second,426550,Volkswagen Ventotest,kaggle_market,4.27
Honda,Jazz,2016,10,69000,Petrol,Automatic,second,484500,Honda Jazz,kaggle_market,4.84
Volkswagen,Ventotest,2016,10,65000,Petrol,Automatic,second,474999,Volkswagen Ventotest,kaggle_market,4.75
Toyota,Innova Crysta,2020,6,108000,Diesel,Manual,first,1800250,Toyota Innova Crysta,kaggle_market,18.0
Maruti Suzuki,Wagon-R,2014,12,70000,Petrol,Manual,first,318250,Maruti Suzuki Wagon-R,kaggle_market,3.18
Honda,Jazz,2015,11,36500,Petrol,Automatic,first,427500,Honda Jazz,kaggle_market,4.28
Volvo,S 80,2012,14,138000,Diesel,Automatic,first,622250,Volvo S 80,kaggle_market,6.22
Maruti Suzuki,Alto-K10,2017,9,84000,Petrol,Manual,second,285000,Maruti Suzuki Alto-K10,kaggle_market,2.85
Maruti Suzuki,Swift-Dzire,2009,17,160000,Diesel,Manual,second,285000,Maruti Suzuki Swift-Dzire,kaggle_market,2.85
Hyundai,Elite I20,2015,11,46000,Petrol,Manual,second,546250,Hyundai Elite I20,kaggle_market,5.46
Skoda,Octavia,2017,9,51000,Petrol,Automatic,first,845500,Skoda Octavia,kaggle_market,8.46
Volkswagen,Polo,2021,5,30000,Petrol,Automatic,first,1168500,Volkswagen Polo,kaggle_market,11.68
Honda,Crv,2017,9,113000,Petrol,Automatic,second,1377500,Honda Crv,kaggle_market,13.78
Jeep,Compass,2017,9,65000,Diesel,Manual,second,831250,Jeep Compass,kaggle_market,8.31
Toyota,Innova,2015,11,198000,Diesel,Manual,first,736250,Toyota Innova,kaggle_market,7.36
Ford,Endeavour,2012,14,116574,Diesel,Automatic,second,807500,Ford Endeavour,kaggle_market,8.07
Maruti Suzuki,Dzire,2021,5,15000,Petrol,Automatic,first,755250,Maruti Suzuki Dzire,kaggle_market,7.55
Maruti Suzuki,Swift-Dzire,2021,5,64000,Petrol,Automatic,first,617500,Maruti Suzuki Swift-Dzire,kaggle_market,6.18
Honda,Jazz,2018,8,81000,Petrol,Automatic,first,593750,Honda Jazz,kaggle_market,5.94
Hyundai,Aura,2021,5,20000,Petrol,Manual,second,536750,Hyundai Aura,kaggle_market,5.37
Maruti Suzuki,Swift,2023,3,16000,Petrol,Automatic,first,802750,Maruti Suzuki Swift,kaggle_market,8.03
Hyundai,I20,2022,4,7700,Petrol,Manual,first,722000,Hyundai I20,kaggle_market,7.22
Mercedes-Benz,M-Class,2014,12,120000,Diesel,Automatic,first,2280000,Mercedes-Benz M-Class,kaggle_market,22.8
Maruti Suzuki,Ertiga,2020,6,18000,Petrol,Manual,first,854050,Maruti Suzuki Ertiga,kaggle_market,8.54
Maruti Suzuki,Eeco,2020,6,30000,Petrol,Automatic,first,332500,Maruti Suzuki Eeco,kaggle_market,3.32
Bmw,6 Series,2018,8,52000,Diesel,Automatic,first,4108855,Bmw 6 Series,kaggle_market,41.09
Toyota,Innova Crysta,2018,8,80000,Diesel,Manual,first,1995000,Toyota Innova Crysta,kaggle_market,19.95
Toyota,Innova Crysta,2018,8,53000,Diesel,Automatic,second,1329999,Toyota Innova Crysta,kaggle_market,13.3
Tata,Indigo Ecs,2016,10,43500,Diesel,Manual,second,247000,Tata Indigo Ecs,kaggle_market,2.47
Hyundai,Eon,2016,10,50000,Petrol,Manual,first,318250,Hyundai Eon,kaggle_market,3.18
Toyota,Fortuner,2012,14,185000,Diesel,Automatic,second,1282500,Toyota Fortuner,kaggle_market,12.82
Honda,Wrv,2017,9,84000,Diesel,Manual,first,498750,Honda Wrv,kaggle_market,4.99
Skoda,Kodiaq,2021,5,25296,Petrol,Automatic,first,3134050,Skoda Kodiaq,kaggle_market,31.34
Renault,Duster,2019,7,79200,Diesel,Automatic,first,676400,Renault Duster,kaggle_market,6.76
Skoda,Rapid,2019,7,60110,Petrol,Automatic,second,517750,Skoda Rapid,kaggle_market,5.18
Toyota,Fortuner,2023,3,6400,Diesel,Automatic,first,4037500,Toyota Fortuner,kaggle_market,40.38
Maruti Suzuki,Swift-Dzire,2015,11,58200,Petrol,Manual,second,422750,Maruti Suzuki Swift-Dzire,kaggle_market,4.23
Maruti Suzuki,Alto-800,2013,13,16231,Petrol,Manual,first,175846,Maruti Suzuki Alto-800,kaggle_market,1.76
Maruti Suzuki,Swift-Dzire,2019,7,65000,Diesel,Automatic,first,584250,Maruti Suzuki Swift-Dzire,kaggle_market,5.84
Hyundai,I10,2009,17,16000,Petrol,Automatic,first,308750,Hyundai I10,kaggle_market,3.09
Hyundai,Santro Xing,2006,20,32950,Petrol,Manual,second,99750,Hyundai Santro Xing,kaggle_market,1.0
Mercedes-Benz,Gl-Class,2013,13,100000,Diesel,Automatic,second,2280000,Mercedes-Benz Gl-Class,kaggle_market,22.8
Maruti Suzuki,Ertiga,2017,9,68000,Diesel,Manual,first,641250,Maruti Suzuki Ertiga,kaggle_market,6.41
Toyota,Innova Crysta,2016,10,125000,Diesel,Automatic,first,1206500,Toyota Innova Crysta,kaggle_market,12.06
Hyundai,Alcazar,2021,5,40500,Petrol,Automatic,first,1576050,Hyundai Alcazar,kaggle_market,15.76
Mg,Hector,2020,6,45000,Petrol,Automatic,second,1163750,Mg Hector,kaggle_market,11.64
Honda,Jazz,2012,14,59600,Petrol,Manual,second,237500,Honda Jazz,kaggle_market,2.38
Hyundai,Elantra,2015,11,80000,Petrol,Manual,first,555750,Hyundai Elantra,kaggle_market,5.56
Maruti Suzuki,Swift-Dzire-Tour,2016,10,107000,Diesel,Manual,second,365750,Maruti Suzuki Swift-Dzire-Tour,kaggle_market,3.66
Maruti Suzuki,Alto-K10,2013,13,65321,Petrol,Manual,first,179646,Maruti Suzuki Alto-K10,kaggle_market,1.8
Mercedes-Benz,C-Class,2010,16,130000,Diesel,Automatic,second,712500,Mercedes-Benz C-Class,kaggle_market,7.12
Jaguar,Xf,2016,10,76000,Diesel,Automatic,second,2375000,Jaguar Xf,kaggle_market,23.75
Maruti Suzuki,Swift-Dzire,2017,9,32000,Petrol,Automatic,second,684000,Maruti Suzuki Swift-Dzire,kaggle_market,6.84
Volkswagen,Ventotest,2017,9,56300,Petrol,Manual,second,569999,Volkswagen Ventotest,kaggle_market,5.7
Maruti Suzuki,Ritz,2010,16,195000,Petrol,Manual,second,237500,Maruti Suzuki Ritz,kaggle_market,2.38
Datsun,Redi Go,2019,7,15698,Petrol,Automatic,second,266000,Datsun Redi Go,kaggle_market,2.66
Maruti Suzuki,Swift,2010,16,120000,Diesel,Automatic,second,123500,Maruti Suzuki Swift,kaggle_market,1.24
Mg,Hector,2023,3,7600,Petrol,Automatic,first,2075750,Mg Hector,kaggle_market,20.76
Maruti Suzuki,Alto,2005,21,60000,Petrol,Manual,second,71250,Maruti Suzuki Alto,kaggle_market,0.71
Mercedes-Benz,Gla,2022,4,16500,Diesel,Automatic,first,4702500,Mercedes-Benz Gla,kaggle_market,47.02
Mercedes-Benz,Glc,2017,9,15000,Diesel,Automatic,first,4075500,Mercedes-Benz Glc,kaggle_market,40.76
Jeep,Meridian,2023,3,16000,Diesel,Automatic,first,3320250,Jeep Meridian,kaggle_market,33.2
Renault,Duster,2013,13,98325,Diesel,Manual,second,251750,Renault Duster,kaggle_market,2.52
Maruti Suzuki,Alto-K10,2016,10,75000,Petrol,Manual,second,226100,Maruti Suzuki Alto-K10,kaggle_market,2.26
Volkswagen,Polo,2021,5,14500,Petrol,Manual,second,546250,Volkswagen Polo,kaggle_market,5.46
Force,Motors Fm Gurkha,2022,4,21000,Diesel,Manual,first,973750,Force Motors Fm Gurkha,kaggle_market,9.74
Hyundai,Santa Fe,2014,12,62394,Diesel,Automatic,second,759999,Hyundai Santa Fe,kaggle_market,7.6
Mahindra,Xuv500,2016,10,95000,Diesel,Manual,first,707750,Mahindra Xuv500,kaggle_market,7.08
Nissan,Kicks,2019,7,125000,Diesel,Manual,first,736250,Nissan Kicks,kaggle_market,7.36
Honda,City,2014,12,61000,Petrol,Manual,second,451250,Honda City,kaggle_market,4.51
Hyundai,I10,2016,10,41258,Petrol,Manual,first,318250,Hyundai I10,kaggle_market,3.18
Maruti Suzuki,Alto-K10,2018,8,46000,Petrol,Automatic,first,327750,Maruti Suzuki Alto-K10,kaggle_market,3.28
Hyundai,Verna,2013,13,82000,Diesel,Manual,second,372400,Hyundai Verna,kaggle_market,3.72
Maruti Suzuki,Wagon-R,2006,20,59700,Petrol,Manual,second,137750,Maruti Suzuki Wagon-R,kaggle_market,1.38
Renault,Kwid,2019,7,60000,Petrol,Automatic,second,304000,Renault Kwid,kaggle_market,3.04
Hyundai,Creta,2015,11,76000,Diesel,Manual,second,821750,Hyundai Creta,kaggle_market,8.22
Toyota,Fortuner,2015,11,130000,Diesel,Manual,second,1187500,Toyota Fortuner,kaggle_market,11.88
Ford,Endeavour,2017,9,78000,Diesel,Automatic,first,1899050,Ford Endeavour,kaggle_market,18.99
Maruti Suzuki,Wagon R,2009,17,61000,Petrol,Manual,second,119700,Maruti Suzuki Wagon R,kaggle_market,1.2
Maruti Suzuki,Swift,2012,14,72000,Petrol,Manual,second,318250,Maruti Suzuki Swift,kaggle_market,3.18
Audi,Q5,2014,12,77000,Diesel,Automatic,second,1757499,Audi Q5,kaggle_market,17.57
Audi,A3,2016,10,94000,Diesel,Automatic,first,1329050,Audi A3,kaggle_market,13.29
Maruti Suzuki,Swift,2012,14,125000,Diesel,Automatic,first,323000,Maruti Suzuki Swift,kaggle_market,3.23
Hyundai,Verna,2016,10,64000,Diesel,Manual,first,560500,Hyundai Verna,kaggle_market,5.6
Hyundai,Fluidic Verna,2013,13,64000,Diesel,Automatic,second,441750,Hyundai Fluidic Verna,kaggle_market,4.42
Maruti Suzuki,Swift,2014,12,106000,Diesel,Manual,second,446500,Maruti Suzuki Swift,kaggle_market,4.46
Tata,Nano,2016,10,39000,Petrol,Automatic,first,227999,Tata Nano,kaggle_market,2.28
Maruti Suzuki,Swift,2015,11,102000,Diesel,Manual,second,389500,Maruti Suzuki Swift,kaggle_market,3.9
Mini,Cooper Convertible,2019,7,25000,Petrol,Automatic,second,3657500,Mini Cooper Convertible,kaggle_market,36.58
Hyundai,Grand I10,2016,10,25000,Petrol,Automatic,first,470250,Hyundai Grand I10,kaggle_market,4.7
Hyundai,Elantra,2015,11,53500,Diesel,Manual,first,665000,Hyundai Elantra,kaggle_market,6.65
Maruti Suzuki,Ertiga,2019,7,73000,Diesel,Manual,first,1035500,Maruti Suzuki Ertiga,kaggle_market,10.36
Mitsubishi,Outlander,2009,17,64800,Petrol,Automatic,second,521740,Mitsubishi Outlander,kaggle_market,5.22
Bmw,3 Series,2013,13,75000,Diesel,Automatic,second,759050,Bmw 3 Series,kaggle_market,7.59
Maruti Suzuki,Swift,2009,17,169000,Diesel,Manual,second,280250,Maruti Suzuki Swift,kaggle_market,2.8
Mg,Hector,2021,5,36000,Petrol,Automatic,first,1520000,Mg Hector,kaggle_market,15.2
Maruti Suzuki,Ciaz,2015,11,74000,Diesel,Manual,first,470250,Maruti Suzuki Ciaz,kaggle_market,4.7
Maruti Suzuki,Wagon-R-1-0,2016,10,44000,Petrol,Automatic,second,356250,Maruti Suzuki Wagon-R-1-0,kaggle_market,3.56
Volkswagen,Polo,2013,13,163000,Diesel,Manual,first,294500,Volkswagen Polo,kaggle_market,2.94
Maruti Suzuki,Ertiga,2016,10,50000,Diesel,Manual,first,665000,Maruti Suzuki Ertiga,kaggle_market,6.65
Ford,Ecosport,2017,9,48082,Petrol,Automatic,first,631750,Ford Ecosport,kaggle_market,6.32
Tata,Harrier,2022,4,31000,Diesel,Automatic,first,1947500,Tata Harrier,kaggle_market,19.48
Mercedes-Benz,Gle Class,2018,8,60000,Diesel,Automatic,second,4275000,Mercedes-Benz Gle Class,kaggle_market,42.75
Maruti Suzuki,Swift-Dzire,2018,8,43000,Petrol,Automatic,first,494000,Maruti Suzuki Swift-Dzire,kaggle_market,4.94
Hyundai,Grand I10 Nios,2022,4,18400,Petrol,Automatic,first,807500,Hyundai Grand I10 Nios,kaggle_market,8.07
Tata,Tigor,2022,4,4600,Petrol,Automatic,second,641250,Tata Tigor,kaggle_market,6.41
Maruti Suzuki,Vitara Brezza,2018,8,72000,Diesel,Automatic,first,726750,Maruti Suzuki Vitara Brezza,kaggle_market,7.27
Honda,Civic,2019,7,45000,Petrol,Automatic,first,1472500,Honda Civic,kaggle_market,14.72
Mahindra,Xuv500,2017,9,90000,Diesel,Manual,first,945250,Mahindra Xuv500,kaggle_market,9.45
Maruti Suzuki,Vitara-Brezza,2018,8,117000,Diesel,Automatic,second,745750,Maruti Suzuki Vitara-Brezza,kaggle_market,7.46
Bmw,3 Series Gran Limousine,2012,14,51000,Diesel,Automatic,second,616550,Bmw 3 Series Gran Limousine,kaggle_market,6.17
Mercedes-Benz,Gls,2017,9,53000,Diesel,Automatic,first,4916355,Mercedes-Benz Gls,kaggle_market,49.16
Maruti Suzuki,Swift,2018,8,66000,Petrol,Automatic,second,546250,Maruti Suzuki Swift,kaggle_market,5.46
Volkswagen,Jetta,2014,12,89000,Diesel,Automatic,first,712500,Volkswagen Jetta,kaggle_market,7.12
Chevrolet,Beat,2014,12,67000,Diesel,Manual,second,137750,Chevrolet Beat,kaggle_market,1.38
Audi,Q5,2018,8,57000,Petrol,Automatic,first,2755000,Audi Q5,kaggle_market,27.55
Mercedes-Benz,C-Class,2017,9,60000,Diesel,Automatic,first,2992500,Mercedes-Benz C-Class,kaggle_market,29.92
Toyota,Innova,2010,16,101412,Diesel,Manual,second,375250,Toyota Innova,kaggle_market,3.75
Honda,City,2015,11,68530,Petrol,Manual,first,451250,Honda City,kaggle_market,4.51
Tata,Harrier,2019,7,73000,Diesel,Manual,first,1091550,Tata Harrier,kaggle_market,10.92
Maruti Suzuki,Wagon-R,2018,8,62000,Petrol,Manual,second,377150,Maruti Suzuki Wagon-R,kaggle_market,3.77
Honda,Amaze,2015,11,40500,Petrol,Manual,second,394250,Honda Amaze,kaggle_market,3.94
Maruti Suzuki,800,2014,12,48000,Petrol,Automatic,second,171000,Maruti Suzuki 800,kaggle_market,1.71
Hyundai,Verna,2018,8,70111,Diesel,Manual,first,973750,Hyundai Verna,kaggle_market,9.74
Hyundai,Eon,2017,9,68000,Petrol,Manual,second,251750,Hyundai Eon,kaggle_market,2.52
Tata,Nano,2015,11,34000,Petrol,Manual,first,66500,Tata Nano,kaggle_market,0.66
Honda,City,2014,12,170000,Diesel,Manual,second,636500,Honda City,kaggle_market,6.36
Volkswagen,Ventotest,2012,14,47000,Diesel,Manual,first,283100,Volkswagen Ventotest,kaggle_market,2.83
Chevrolet,Cruze,2016,10,65000,Diesel,Automatic,second,498750,Chevrolet Cruze,kaggle_market,4.99
Kia,Carnival,2020,6,61000,Diesel,Automatic,first,2850000,Kia Carnival,kaggle_market,28.5
Hyundai,Grand I10,2014,12,51000,Petrol,Manual,second,356250,Hyundai Grand I10,kaggle_market,3.56
Hyundai,Venue,2022,4,3000,Petrol,Manual,first,1102000,Hyundai Venue,kaggle_market,11.02
Hyundai,Creta,2020,6,70000,Petrol,Automatic,second,1097250,Hyundai Creta,kaggle_market,10.97
Honda,Brio,2013,13,76000,Petrol,Manual,second,175750,Honda Brio,kaggle_market,1.76
Maruti Suzuki,Baleno,2020,6,52450,Petrol,Manual,first,579500,Maruti Suzuki Baleno,kaggle_market,5.8
Mahindra,Xuv500,2014,12,100000,Diesel,Manual,second,446500,Mahindra Xuv500,kaggle_market,4.46
Maruti Suzuki,Ciaz,2015,11,83000,Diesel,Manual,second,403750,Maruti Suzuki Ciaz,kaggle_market,4.04
Hyundai,I10,2010,16,64000,Petrol,Manual,first,237499,Hyundai I10,kaggle_market,2.37
Maruti Suzuki,Wagon-R,2017,9,95000,Petrol,Manual,second,266000,Maruti Suzuki Wagon-R,kaggle_market,2.66
Maruti Suzuki,Swift,2015,11,52000,Petrol,Manual,first,327750,Maruti Suzuki Swift,kaggle_market,3.28
Ford,Figo,2011,15,68000,Petrol,Manual,first,141550,Ford Figo,kaggle_market,1.42
Honda,Jazz,2016,10,90500,Diesel,Manual,second,460750,Honda Jazz,kaggle_market,4.61
Jeep,Compass,2018,8,86000,Diesel,Manual,second,806550,Jeep Compass,kaggle_market,8.07
Toyota,Etios,2013,13,85000,Diesel,Manual,first,261250,Toyota Etios,kaggle_market,2.61
Maruti Suzuki,Swift,2021,5,38000,Petrol,Manual,first,679250,Maruti Suzuki Swift,kaggle_market,6.79
Renault,Triber,2022,4,35000,Petrol,Automatic,first,698250,Renault Triber,kaggle_market,6.98
Maruti Suzuki,Vitara-Brezza,2017,9,72000,Diesel,Manual,first,560500,Maruti Suzuki Vitara-Brezza,kaggle_market,5.6
Mahindra,Xuv500,2014,12,78000,Diesel,Manual,second,679250,Mahindra Xuv500,kaggle_market,6.79
Maruti Suzuki,Alto-K10,2016,10,41000,Petrol,Automatic,second,242250,Maruti Suzuki Alto-K10,kaggle_market,2.42
Fiat,Punto,2012,14,69500,Diesel,Manual,first,189999,Fiat Punto,kaggle_market,1.9
Hyundai,Fluidic Verna,2020,6,50400,Petrol,Manual,second,916750,Hyundai Fluidic Verna,kaggle_market,9.17
Toyota,Fortuner,2018,8,100000,Diesel,Manual,second,2565000,Toyota Fortuner,kaggle_market,25.65
Honda,City,2014,12,9876,Diesel,Manual,first,380000,Honda City,kaggle_market,3.8
Maruti Suzuki,Swift Dzire,2012,14,58000,Petrol,Automatic,second,380000,Maruti Suzuki Swift Dzire,kaggle_market,3.8
Jaguar,Xf,2018,8,28650,Petrol,Automatic,second,2707500,Jaguar Xf,kaggle_market,27.08
Renault,Triber,2020,6,26700,Petrol,Automatic,first,593749,Renault Triber,kaggle_market,5.94
Audi,A4,2015,11,41000,Diesel,Automatic,second,983250,Audi A4,kaggle_market,9.83
Kia,Seltos,2022,4,20890,Petrol,Automatic,second,1372750,Kia Seltos,kaggle_market,13.73
Mercedes-Benz,Gla Class,2019,7,14700,Diesel,Automatic,first,3301250,Mercedes-Benz Gla Class,kaggle_market,33.01
Hyundai,I20,2015,11,54000,Petrol,Manual,first,356250,Hyundai I20,kaggle_market,3.56
Maruti Suzuki,Ertiga,2016,10,199600,Diesel,Manual,second,736250,Maruti Suzuki Ertiga,kaggle_market,7.36
Mercedes-Benz,E-Class,2015,11,34000,Diesel,Automatic,first,1391750,Mercedes-Benz E-Class,kaggle_market,13.92
Mahindra,Thar,2021,5,26000,Petrol,Automatic,second,1415500,Mahindra Thar,kaggle_market,14.16
Mahindra,Thar,2013,13,16872,Diesel,Manual,second,902500,Mahindra Thar,kaggle_market,9.02
Hyundai,I10,2017,9,70000,Diesel,Automatic,second,427500,Hyundai I10,kaggle_market,4.28
Mercedes-Benz,E-Class,2024,2,8000,Petrol,Automatic,first,5866250,Mercedes-Benz E-Class,kaggle_market,58.66
Maruti Suzuki,Ignis,2022,4,33506,Petrol,Manual,first,516800,Maruti Suzuki Ignis,kaggle_market,5.17
Hyundai,Eon,2018,8,48000,Petrol,Manual,second,251750,Hyundai Eon,kaggle_market,2.52
Maruti Suzuki,Ertiga,2013,13,83000,Diesel,Manual,second,674500,Maruti Suzuki Ertiga,kaggle_market,6.74
Hyundai,Venue,2020,6,30000,Petrol,Automatic,first,845500,Hyundai Venue,kaggle_market,8.46
Skoda,Rapid,2019,7,72000,Diesel,Automatic,second,950000,Skoda Rapid,kaggle_market,9.5
Audi,Q7,2016,10,63000,Diesel,Automatic,first,3657500,Audi Q7,kaggle_market,36.58
Honda,City Zx,2006,20,92000,Petrol,Manual,second,123500,Honda City Zx,kaggle_market,1.24
Kia,Carnival,2021,5,47000,Diesel,Automatic,first,2840500,Kia Carnival,kaggle_market,28.4
Maruti Suzuki,Vitara Brezza,2019,7,35000,Diesel,Automatic,second,641250,Maruti Suzuki Vitara Brezza,kaggle_market,6.41
Hyundai,I10,2009,17,58496,Petrol,Manual,second,76000,Hyundai I10,kaggle_market,0.76
Renault,Triber,2020,6,26000,Petrol,Automatic,first,593750,Renault Triber,kaggle_market,5.94
Hyundai,I10,2014,12,29000,Petrol,Manual,second,247000,Hyundai I10,kaggle_market,2.47
Hyundai,I10,2010,16,74000,Petrol,Manual,second,94050,Hyundai I10,kaggle_market,0.94
Audi,A6,2014,12,113000,Diesel,Automatic,first,1163750,Audi A6,kaggle_market,11.64
Audi,A6,2014,12,68000,Diesel,Automatic,second,712499,Audi A6,kaggle_market,7.12
Hyundai,Eon,2014,12,63000,Petrol,Manual,first,190950,Hyundai Eon,kaggle_market,1.91
Toyota,Innova Crysta,2018,8,77000,Diesel,Automatic,first,1567500,Toyota Innova Crysta,kaggle_market,15.68
Maruti Suzuki,Swift-Dzire,2018,8,73000,Petrol,Manual,first,607050,Maruti Suzuki Swift-Dzire,kaggle_market,6.07
Bmw,2 Series,2022,4,2000,Petrol,Automatic,first,3576750,Bmw 2 Series,kaggle_market,35.77
Mahindra,Thar,2021,5,34000,Petrol,Automatic,first,1258750,Mahindra Thar,kaggle_market,12.59
Toyota,Innova Crysta,2017,9,46000,Diesel,Automatic,second,2185000,Toyota Innova Crysta,kaggle_market,21.85
Hyundai,I10,2009,17,69000,Petrol,Automatic,second,273600,Hyundai I10,kaggle_market,2.74
Maruti Suzuki,Eeco,2014,12,81388,Petrol,Manual,first,261250,Maruti Suzuki Eeco,kaggle_market,2.61
Hyundai,Eon,2014,12,41500,Petrol,Manual,first,236550,Hyundai Eon,kaggle_market,2.37
Honda,City,2022,4,27000,Petrol,Manual,first,1043100,Honda City,kaggle_market,10.43
Mercedes-Benz,C-Class,2019,7,70000,Diesel,Automatic,first,3277500,Mercedes-Benz C-Class,kaggle_market,32.78
Honda,Jazz,2015,11,53000,Petrol,Automatic,second,427499,Honda Jazz,kaggle_market,4.27
Hyundai,Verna,2012,14,53750,Petrol,Automatic,second,308750,Hyundai Verna,kaggle_market,3.09
Toyota,Innova Crysta,2017,9,171000,Diesel,Manual,first,1401250,Toyota Innova Crysta,kaggle_market,14.01
Hyundai,Grand I10 Nios,2020,6,100000,Petrol,Manual,first,521550,Hyundai Grand I10 Nios,kaggle_market,5.22
Maruti Suzuki,Wagon-R,2017,9,79000,Petrol,Automatic,first,418000,Maruti Suzuki Wagon-R,kaggle_market,4.18
Maruti Suzuki,S-Cross,2018,8,106000,Diesel,Manual,second,783750,Maruti Suzuki S-Cross,kaggle_market,7.84
Hyundai,I10,2012,14,67000,Petrol,Automatic,second,283100,Hyundai I10,kaggle_market,2.83
Toyota,Glanza,2019,7,64000,Petrol,Manual,first,654550,Toyota Glanza,kaggle_market,6.55
Maruti Suzuki,Vitara Brezza,2016,10,8788,Diesel,Automatic,first,475000,Maruti Suzuki Vitara Brezza,kaggle_market,4.75
Hyundai,Creta,2016,10,108000,Diesel,Manual,first,878750,Hyundai Creta,kaggle_market,8.79
Maruti Suzuki,800,2012,14,110000,Petrol,Manual,second,114000,Maruti Suzuki 800,kaggle_market,1.14
Mahindra,Thar,2022,4,27000,Petrol,Automatic,second,1225500,Mahindra Thar,kaggle_market,12.26
Honda,City,2016,10,33950,Petrol,Automatic,first,617500,Honda City,kaggle_market,6.18
Tata,Nexon,2019,7,67231,Diesel,Manual,first,512146,Tata Nexon,kaggle_market,5.12
Honda,Wr-V,2018,8,55000,Petrol,Manual,first,617500,Honda Wr-V,kaggle_market,6.18
Tata,Altroz,2020,6,74000,Petrol,Manual,first,551000,Tata Altroz,kaggle_market,5.51
Maruti Suzuki,Wagon R,2011,15,110858,Petrol,Manual,first,199500,Maruti Suzuki Wagon R,kaggle_market,2.0
Mahindra,Scorpio N,2022,4,29000,Diesel,Automatic,first,2042499,Mahindra Scorpio N,kaggle_market,20.42
Nissan,Patrol,2019,7,35000,Petrol,Manual,first,209000,Nissan Patrol,kaggle_market,2.09
Mercedes-Benz,B Class,2014,12,41000,Petrol,Automatic,second,988000,Mercedes-Benz B Class,kaggle_market,9.88
Mg,Astor,2022,4,47200,Petrol,Automatic,first,1130500,Mg Astor,kaggle_market,11.3
Maruti Suzuki,Vitara-Brezza,2019,7,75000,Diesel,Automatic,first,688750,Maruti Suzuki Vitara-Brezza,kaggle_market,6.89
Maruti Suzuki,Celerio,2018,8,82000,Petrol,Automatic,first,403750,Maruti Suzuki Celerio,kaggle_market,4.04
Mahindra,Tuv 300,2015,11,53000,Diesel,Manual,second,403750,Mahindra Tuv 300,kaggle_market,4.04
Toyota,Corolla Altis,2015,11,74000,Petrol,Automatic,second,616550,Toyota Corolla Altis,kaggle_market,6.17
Maruti Suzuki,Swift,2012,14,158000,Diesel,Manual,second,299250,Maruti Suzuki Swift,kaggle_market,2.99
Skoda,Rapid,2013,13,150000,Diesel,Manual,second,403750,Skoda Rapid,kaggle_market,4.04
Toyota,Fortuner,2017,9,190000,Diesel,Manual,second,2280000,Toyota Fortuner,kaggle_market,22.8
Maruti Suzuki,Ciaz,2020,6,19000,Petrol,Automatic,second,878750,Maruti Suzuki Ciaz,kaggle_market,8.79
Maruti Suzuki,Maruti-Suzuki-Brezza,2021,5,18000,Petrol,Manual,first,703000,Maruti Suzuki Maruti-Suzuki-Brezza,kaggle_market,7.03
Ford,Ecosport,2015,11,72000,Diesel,Automatic,second,427500,Ford Ecosport,kaggle_market,4.28
Maruti Suzuki,Ritz,2011,15,65500,Petrol,Manual,second,180500,Maruti Suzuki Ritz,kaggle_market,1.8
Toyota,Glanza,2022,4,9000,Petrol,Manual,first,736250,Toyota Glanza,kaggle_market,7.36
Chevrolet,Sail,2013,13,27000,Petrol,Manual,first,166250,Chevrolet Sail,kaggle_market,1.66
Bmw,X4,2021,5,20000,Petrol,Automatic,first,5700000,Bmw X4,kaggle_market,57.0
Maruti Suzuki,Swift-Dzire-Tour,2018,8,120000,Diesel,Manual,second,474050,Maruti Suzuki Swift-Dzire-Tour,kaggle_market,4.74
Hyundai,Grand I10,2015,11,68500,Diesel,Manual,first,327750,Hyundai Grand I10,kaggle_market,3.28
Mg,Hector Plus,2024,2,15000,Petrol,Automatic,first,2066250,Mg Hector Plus,kaggle_market,20.66
Ford,Figo Aspire,2016,10,37000,Petrol,Automatic,first,413250,Ford Figo Aspire,kaggle_market,4.13
Hyundai,I10,2011,15,51000,Petrol,Automatic,second,133000,Hyundai I10,kaggle_market,1.33
Bmw,3 Series,2012,14,53000,Diesel,Automatic,second,698250,Bmw 3 Series,kaggle_market,6.98
Mercedes-Benz,M-Class,2013,13,68000,Diesel,Automatic,second,1852500,Mercedes-Benz M-Class,kaggle_market,18.52
Kia,Seltos,2022,4,25000,Petrol,Automatic,first,1448750,Kia Seltos,kaggle_market,14.49
Toyota,Innova Crysta,2017,9,97000,Diesel,Manual,second,1045000,Toyota Innova Crysta,kaggle_market,10.45
Mahindra,Xuv500,2017,9,59000,Diesel,Manual,first,1425000,Mahindra Xuv500,kaggle_market,14.25
Hyundai,Grand I10,2015,11,57000,Petrol,Manual,second,361000,Hyundai Grand I10,kaggle_market,3.61
Hyundai,Creta,2019,7,64000,Petrol,Automatic,first,988000,Hyundai Creta,kaggle_market,9.88
Maruti Suzuki,A-Star,2009,17,82000,Petrol,Manual,second,123500,Maruti Suzuki A-Star,kaggle_market,1.24
Renault,Kwid,2017,9,65000,Petrol,Automatic,second,304000,Renault Kwid,kaggle_market,3.04
Land Rover,Discovery,2017,9,72000,Diesel,Automatic,first,2041550,Land Rover Discovery,kaggle_market,20.42
Toyota,Fortuner,2018,8,11000,Diesel,Manual,first,2940250,Toyota Fortuner,kaggle_market,29.4
Skoda,Superb,2011,15,90000,Petrol,Automatic,second,380000,Skoda Superb,kaggle_market,3.8
Mahindra,Marazzo,2020,6,168000,Diesel,Manual,second,665000,Mahindra Marazzo,kaggle_market,6.65
Maruti Suzuki,Swift,2019,7,58900,Petrol,Automatic,first,470250,Maruti Suzuki Swift,kaggle_market,4.7
Maruti Suzuki,Swift,2022,4,52000,Petrol,Automatic,first,612750,Maruti Suzuki Swift,kaggle_market,6.13
Mercedes-Benz,C-Class,2014,12,86000,Diesel,Automatic,second,850250,Mercedes-Benz C-Class,kaggle_market,8.5
Honda,City,2021,5,43000,Petrol,Automatic,first,988000,Honda City,kaggle_market,9.88
Skoda,Rapid,2021,5,34000,Petrol,Automatic,first,798000,Skoda Rapid,kaggle_market,7.98
Hyundai,I20,2015,11,87000,Diesel,Manual,first,427500,Hyundai I20,kaggle_market,4.28
Maruti Suzuki,Baleno,2015,11,81000,Diesel,Manual,second,541500,Maruti Suzuki Baleno,kaggle_market,5.42
Honda,Wrv,2017,9,47000,Petrol,Automatic,second,546252,Honda Wrv,kaggle_market,5.46
Mg,Hector Plus,2023,3,15744,Petrol,Automatic,first,1519999,Mg Hector Plus,kaggle_market,15.2
Honda,City,2014,12,78000,Diesel,Manual,first,565250,Honda City,kaggle_market,5.65
Maruti Suzuki,Wagon-R,2019,7,25000,Petrol,Automatic,second,498750,Maruti Suzuki Wagon-R,kaggle_market,4.99
Hyundai,Verna,2018,8,74000,Petrol,Automatic,first,836000,Hyundai Verna,kaggle_market,8.36
Hyundai,Santro,2007,19,75000,Petrol,Manual,second,156750,Hyundai Santro,kaggle_market,1.57
Toyota,Yaris,2018,8,61000,Petrol,Automatic,second,551000,Toyota Yaris,kaggle_market,5.51
Honda,Amaze,2014,12,62000,Petrol,Automatic,first,332500,Honda Amaze,kaggle_market,3.32
Renault,Duster,2017,9,130000,Diesel,Manual,first,560500,Renault Duster,kaggle_market,5.6
Toyota,Fortuner,2018,8,130000,Diesel,Automatic,second,2706550,Toyota Fortuner,kaggle_market,27.07
Mercedes-Benz,Glc,2017,9,151000,Diesel,Automatic,second,2707500,Mercedes-Benz Glc,kaggle_market,27.08
Mahindra,Xuv500,2018,8,95000,Diesel,Manual,second,1216000,Mahindra Xuv500,kaggle_market,12.16
Audi,Q5,2011,15,103000,Diesel,Automatic,second,808450,Audi Q5,kaggle_market,8.08
Hyundai,I20,2012,14,149175,Diesel,Manual,second,299250,Hyundai I20,kaggle_market,2.99
Toyota,Corolla Altis,2011,15,52000,Petrol,Manual,second,325850,Toyota Corolla Altis,kaggle_market,3.26
Hyundai,Creta,2020,6,70000,Diesel,Manual,first,1424050,Hyundai Creta,kaggle_market,14.24
Mercedes-Benz,E-Class,2009,17,21000,Diesel,Automatic,second,451250,Mercedes-Benz E-Class,kaggle_market,4.51
Renault,Lodgy,2016,10,119000,Diesel,Manual,first,532000,Renault Lodgy,kaggle_market,5.32
Mercedes-Benz,M-Class,2014,12,135000,Diesel,Automatic,first,1562750,Mercedes-Benz M-Class,kaggle_market,15.63
Tata,Nexon,2018,8,52000,Petrol,Automatic,first,612750,Tata Nexon,kaggle_market,6.13
Toyota,Fortuner,2020,6,54000,Diesel,Automatic,first,3230000,Toyota Fortuner,kaggle_market,32.3
Maruti Suzuki,Swift,2015,11,74566,Diesel,Manual,second,327750,Maruti Suzuki Swift,kaggle_market,3.28
Mahindra,Thar,2022,4,32500,Diesel,Automatic,first,1686250,Mahindra Thar,kaggle_market,16.86
Maruti Suzuki,Swift,2022,4,60000,Petrol,Manual,second,522500,Maruti Suzuki Swift,kaggle_market,5.22
Tata,Harrier,2020,6,29000,Diesel,Manual,first,1021250,Tata Harrier,kaggle_market,10.21
Skoda,Kushaq,2023,3,17694,Petrol,Automatic,first,1757500,Skoda Kushaq,kaggle_market,17.58
Maruti Suzuki,Xl6,2021,5,25524,Petrol,Automatic,first,1091550,Maruti Suzuki Xl6,kaggle_market,10.92
Honda,City,2016,10,91000,Diesel,Manual,first,522500,Honda City,kaggle_market,5.22
Maruti Suzuki,Maruti-Suzuki-Dzire,2013,13,70000,Petrol,Manual,second,280250,Maruti Suzuki Maruti-Suzuki-Dzire,kaggle_market,2.8
Renault,Duster,2014,12,85000,Diesel,Manual,first,270750,Renault Duster,kaggle_market,2.71
Maruti Suzuki,Zen-Estilo,2004,22,170000,Diesel,Manual,second,104500,Maruti Suzuki Zen-Estilo,kaggle_market,1.04
Mercedes-Benz,Gle Class,2024,2,4000,Diesel,Automatic,first,9690000,Mercedes-Benz Gle Class,kaggle_market,96.9
Mg,Hector,2023,3,42000,Diesel,Manual,first,1923750,Mg Hector,kaggle_market,19.24
Maruti Suzuki,800,2008,18,56000,Petrol,Manual,second,142500,Maruti Suzuki 800,kaggle_market,1.42
Maruti Suzuki,Alto-800,2022,4,25000,Petrol,Manual,second,327750,Maruti Suzuki Alto-800,kaggle_market,3.28
Maruti Suzuki,Wagon-R,2007,19,118000,Petrol,Manual,second,142500,Maruti Suzuki Wagon-R,kaggle_market,1.42
Mahindra,Scorpio,2016,10,82000,Diesel,Manual,first,736250,Mahindra Scorpio,kaggle_market,7.36
Skoda,Superb,2016,10,60000,Petrol,Automatic,second,1567500,Skoda Superb,kaggle_market,15.68
Honda,Crv,2013,13,57000,Petrol,Automatic,second,679250,Honda Crv,kaggle_market,6.79
Honda,Amaze,2013,13,45000,Petrol,Manual,first,375250,Honda Amaze,kaggle_market,3.75
Honda,Amaze,2022,4,16000,Petrol,Manual,first,631750,Honda Amaze,kaggle_market,6.32
Toyota,Fortuner,2021,5,36000,Diesel,Automatic,first,3562500,Toyota Fortuner,kaggle_market,35.62
Maruti Suzuki,Celerio,2018,8,55000,Petrol,Automatic,first,372400,Maruti Suzuki Celerio,kaggle_market,3.72
Toyota,Innova Crysta,2016,10,174000,Diesel,Automatic,second,1472500,Toyota Innova Crysta,kaggle_market,14.72
Ford,Figo Aspire,2019,7,60000,Diesel,Manual,first,445550,Ford Figo Aspire,kaggle_market,4.46
Tata,Sumo Grande Mk Ii,2013,13,42000,Diesel,Manual,second,261250,Tata Sumo Grande Mk Ii,kaggle_market,2.61
Hyundai,Grand I10,2018,8,28000,Petrol,Automatic,second,498750,Hyundai Grand I10,kaggle_market,4.99
Maruti Suzuki,Alto-800,2021,5,13000,Petrol,Manual,second,418000,Maruti Suzuki Alto-800,kaggle_market,4.18
Renault,Kwid,2016,10,77000,Petrol,Manual,first,242250,Renault Kwid,kaggle_market,2.42
Hyundai,Creta,2021,5,45000,Diesel,Automatic,first,1614050,Hyundai Creta,kaggle_market,16.14
Jeep,Compass,2018,8,53213,Diesel,Manual,second,817000,Jeep Compass,kaggle_market,8.17
Hyundai,I20,2011,15,53000,Petrol,Manual,second,218500,Hyundai I20,kaggle_market,2.18
Maruti Suzuki,Wagon R,2018,8,64000,Petrol,Automatic,first,428450,Maruti Suzuki Wagon R,kaggle_market,4.28
Honda,City,2016,10,80000,Diesel,Manual,first,551000,Honda City,kaggle_market,5.51
Mercedes-Benz,V-Class,2019,7,20000,Diesel,Automatic,first,5985000,Mercedes-Benz V-Class,kaggle_market,59.85
Maruti Suzuki,Celerio,2017,9,61000,Petrol,Automatic,second,432250,Maruti Suzuki Celerio,kaggle_market,4.32
Volvo,S80,2015,11,75000,Diesel,Automatic,first,1282500,Volvo S80,kaggle_market,12.82
Maruti Suzuki,Swift-Dzire,2018,8,33251,Petrol,Automatic,second,522500,Maruti Suzuki Swift-Dzire,kaggle_market,5.22
Maruti Suzuki,Alto-800,2014,12,86000,Petrol,Manual,first,285000,Maruti Suzuki Alto-800,kaggle_market,2.85
Honda,Brio,2013,13,54000,Petrol,Manual,first,318250,Honda Brio,kaggle_market,3.18
Maruti Suzuki,Swift,2016,10,158000,Diesel,Manual,second,427500,Maruti Suzuki Swift,kaggle_market,4.28
Maruti Suzuki,Ertiga,2013,13,70000,Diesel,Manual,second,551000,Maruti Suzuki Ertiga,kaggle_market,5.51
Honda,Amaze,2021,5,78000,Diesel,Automatic,second,1021250,Honda Amaze,kaggle_market,10.21
Mahindra,Verito,2013,13,112000,Diesel,Manual,second,342000,Mahindra Verito,kaggle_market,3.42
Hyundai,Creta,2019,7,29569,Petrol,Automatic,first,1045000,Hyundai Creta,kaggle_market,10.45
Honda,Brio,2012,14,92500,Petrol,Automatic,first,190000,Honda Brio,kaggle_market,1.9
Toyota,Fortuner,2012,14,220000,Diesel,Automatic,second,1182750,Toyota Fortuner,kaggle_market,11.83
Hyundai,I10,2008,18,90000,Petrol,Manual,first,189999,Hyundai I10,kaggle_market,1.9
Mahindra,Thar,2024,2,8000,Diesel,Manual,first,1472500,Mahindra Thar,kaggle_market,14.72
Nissan,Terrano,2017,9,80000,Diesel,Automatic,second,707750,Nissan Terrano,kaggle_market,7.08
Mercedes-Benz,Gl-Class,2018,8,72000,Diesel,Automatic,second,4560000,Mercedes-Benz Gl-Class,kaggle_market,45.6
Maruti Suzuki,Grand Vitara,2023,3,8400,Petrol,Manual,first,1377500,Maruti Suzuki Grand Vitara,kaggle_market,13.78
Honda,City Zx,2008,18,145000,Petrol,Manual,second,152000,Honda City Zx,kaggle_market,1.52
Volkswagen,Polo,2020,6,87244,Petrol,Manual,first,688750,Volkswagen Polo,kaggle_market,6.89
Renault,Kwid,2016,10,88000,Petrol,Automatic,second,171000,Renault Kwid,kaggle_market,1.71
Volvo,Xc 90,2009,17,94000,Diesel,Automatic,second,1187500,Volvo Xc 90,kaggle_market,11.88
Maruti Suzuki,Celerio X,2018,8,38000,Petrol,Automatic,second,380000,Maruti Suzuki Celerio X,kaggle_market,3.8
Maruti Suzuki,Vitara-Brezza,2017,9,69500,Diesel,Manual,second,489249,Maruti Suzuki Vitara-Brezza,kaggle_market,4.89
Mahindra,Xuv500,2016,10,24000,Diesel,Manual,second,593750,Mahindra Xuv500,kaggle_market,5.94
Honda,City,2022,4,10000,Petrol,Automatic,first,1234050,Honda City,kaggle_market,12.34
Tata,Nexon,2020,6,55000,Petrol,Automatic,first,660250,Tata Nexon,kaggle_market,6.6
Toyota,Innova,2012,14,151000,Diesel,Manual,first,850250,Toyota Innova,kaggle_market,8.5
Toyota,Fortuner,2015,11,73500,Diesel,Manual,second,1320500,Toyota Fortuner,kaggle_market,13.2
Kia,Sonet,2020,6,20200,Petrol,Automatic,first,950000,Kia Sonet,kaggle_market,9.5
Toyota,Innova Crysta,2018,8,162000,Diesel,Automatic,second,1781250,Toyota Innova Crysta,kaggle_market,17.81
Volkswagen,Polo,2021,5,73000,Petrol,Automatic,first,846450,Volkswagen Polo,kaggle_market,8.46
Hyundai,Eon,2017,9,56000,Petrol,Manual,first,264100,Hyundai Eon,kaggle_market,2.64
Maruti Suzuki,Eeco,2023,3,35000,Petrol,Manual,second,570000,Maruti Suzuki Eeco,kaggle_market,5.7
Ford,Figo Aspire,2016,10,113546,Petrol,Automatic,second,370499,Ford Figo Aspire,kaggle_market,3.7
Kia,Seltos,2021,5,9020,Petrol,Manual,first,1235000,Kia Seltos,kaggle_market,12.35
Maruti Suzuki,Celerio,2015,11,20460,Petrol,Automatic,second,451250,Maruti Suzuki Celerio,kaggle_market,4.51
Volkswagen,Polo,2011,15,130000,Diesel,Manual,second,237500,Volkswagen Polo,kaggle_market,2.38
Mahindra,Xuv500,2015,11,67000,Diesel,Manual,first,617500,Mahindra Xuv500,kaggle_market,6.18
Hyundai,Verna,2018,8,51000,Petrol,Manual,second,660250,Hyundai Verna,kaggle_market,6.6
Mercedes-Benz,Gle,2022,4,24000,Petrol,Automatic,first,9025000,Mercedes-Benz Gle,kaggle_market,90.25
Bmw,3 Series Gt,2019,7,44000,Diesel,Automatic,first,2850000,Bmw 3 Series Gt,kaggle_market,28.5
Honda,City,2014,12,99920,Petrol,Automatic,second,437000,Honda City,kaggle_market,4.37
Mercedes-Benz,Cla,2015,11,69000,Petrol,Automatic,second,1424050,Mercedes-Benz Cla,kaggle_market,14.24
Maruti Suzuki,Vitara-Brezza,2020,6,62302,Petrol,Manual,first,692550,Maruti Suzuki Vitara-Brezza,kaggle_market,6.93
Mahindra,Bolero Power Plus,2011,15,165786,Diesel,Manual,second,261250,Mahindra Bolero Power Plus,kaggle_market,2.61
Honda,Jazz,2015,11,62000,Petrol,Automatic,second,465500,Honda Jazz,kaggle_market,4.66
Audi,A4,2012,14,77000,Petrol,Automatic,first,662150,Audi A4,kaggle_market,6.62
Jeep,Compass,2018,8,68000,Petrol,Automatic,first,997499,Jeep Compass,kaggle_market,9.97
Kia,Sonet,2021,5,84000,Petrol,Automatic,first,831250,Kia Sonet,kaggle_market,8.31
Volkswagen,Polo Gti,2015,11,56000,Petrol,Automatic,first,494000,Volkswagen Polo Gti,kaggle_market,4.94
Mahindra,Thar,2018,8,106000,Diesel,Manual,first,750500,Mahindra Thar,kaggle_market,7.5
Tata,Tigor,2019,7,67321,Petrol,Manual,first,369646,Tata Tigor,kaggle_market,3.7
Renault,Kwid,2021,5,73146,Petrol,Manual,first,285000,Renault Kwid,kaggle_market,2.85
Maruti Suzuki,Swift-Dzire,2010,16,92000,Diesel,Manual,first,304000,Maruti Suzuki Swift-Dzire,kaggle_market,3.04
Toyota,Fortuner,2015,11,68000,Diesel,Automatic,first,2161250,Toyota Fortuner,kaggle_market,21.61
Bmw,5 Series,2011,15,100000,Diesel,Automatic,first,1282500,Bmw 5 Series,kaggle_market,12.82
Hyundai,Verna,2021,5,55000,Petrol,Manual,first,992750,Hyundai Verna,kaggle_market,9.93
Kia,Seltos,2021,5,47000,Petrol,Automatic,first,1401250,Kia Seltos,kaggle_market,14.01
Renault,Kiger,2022,4,10000,Petrol,Automatic,first,660250,Renault Kiger,kaggle_market,6.6
Maruti Suzuki,Swift-Dzire,2012,14,69000,Petrol,Manual,second,346750,Maruti Suzuki Swift-Dzire,kaggle_market,3.47
Maruti Suzuki,Swift,2016,10,102000,Petrol,Manual,second,365750,Maruti Suzuki Swift,kaggle_market,3.66
Maruti Suzuki,Ertiga,2018,8,65000,Petrol,Automatic,second,641250,Maruti Suzuki Ertiga,kaggle_market,6.41
Ford,Fiesta,2009,17,68000,Diesel,Manual,second,213750,Ford Fiesta,kaggle_market,2.14
Skoda,Slavia,2022,4,4950,Petrol,Automatic,first,1586500,Skoda Slavia,kaggle_market,15.86
Honda,City Zx,2007,19,56000,Petrol,Manual,second,94999,Honda City Zx,kaggle_market,0.95
Mahindra,Scorpio Classic,2020,6,80000,Diesel,Manual,second,1258750,Mahindra Scorpio Classic,kaggle_market,12.59
Renault,Triber,2020,6,17000,Petrol,Manual,first,517750,Renault Triber,kaggle_market,5.18
Toyota,Camry,2013,13,95000,Petrol,Automatic,first,712500,Toyota Camry,kaggle_market,7.12
Mahindra,Xuv700,2022,4,39000,Petrol,Automatic,first,1852500,Mahindra Xuv700,kaggle_market,18.52
Hyundai,Creta,2019,7,68000,Petrol,Automatic,second,1116250,Hyundai Creta,kaggle_market,11.16
Kia,Sonet,2020,6,35000,Petrol,Manual,first,902500,Kia Sonet,kaggle_market,9.02
Toyota,Etios,2019,7,178000,Diesel,Manual,second,807500,Toyota Etios,kaggle_market,8.07
Maruti Suzuki,Swift-Dzire,2021,5,81000,Petrol,Manual,first,584250,Maruti Suzuki Swift-Dzire,kaggle_market,5.84
Maruti Suzuki,Vitara Brezza,2020,6,48000,Petrol,Manual,first,840750,Maruti Suzuki Vitara Brezza,kaggle_market,8.41
Toyota,Etios,2017,9,150000,Diesel,Manual,second,665000,Toyota Etios,kaggle_market,6.65
Maruti Suzuki,Alto-800,2022,4,21000,Petrol,Manual,first,375250,Maruti Suzuki Alto-800,kaggle_market,3.75
Volkswagen,Polo,2017,9,19000,Petrol,Manual,first,508250,Volkswagen Polo,kaggle_market,5.08
Honda,City,2016,10,74000,Petrol,Automatic,second,560500,Honda City,kaggle_market,5.6
Hyundai,Verna,2008,18,125000,Diesel,Manual,first,156750,Hyundai Verna,kaggle_market,1.57
Hyundai,Creta,2017,9,60000,Petrol,Automatic,first,807500,Hyundai Creta,kaggle_market,8.07
Maruti Suzuki,Swift-Dzire,2015,11,68000,Diesel,Manual,first,522500,Maruti Suzuki Swift-Dzire,kaggle_market,5.22
Force,Motors Fm Trax Cruiser,2024,2,18000,Diesel,Manual,first,1378450,Force Motors Fm Trax Cruiser,kaggle_market,13.78
Maruti Suzuki,Baleno,2021,5,50000,Petrol,Manual,first,717250,Maruti Suzuki Baleno,kaggle_market,7.17
Hyundai,Creta,2017,9,82000,Petrol,Automatic,first,788500,Hyundai Creta,kaggle_market,7.88
Maruti Suzuki,Alto 800,2015,11,65000,Petrol,Manual,second,213750,Maruti Suzuki Alto 800,kaggle_market,2.14
Kia,Seltos,2021,5,39000,Petrol,Automatic,first,1330000,Kia Seltos,kaggle_market,13.3
Maruti Suzuki,Ertiga,2018,8,130000,Diesel,Manual,first,807500,Maruti Suzuki Ertiga,kaggle_market,8.07
Jeep,Meridian,2023,3,19780,Diesel,Automatic,first,2945000,Jeep Meridian,kaggle_market,29.45
Honda,Civic,2019,7,35000,Petrol,Automatic,second,1139050,Honda Civic,kaggle_market,11.39
Tata,Nexon,2019,7,89000,Diesel,Automatic,first,446500,Tata Nexon,kaggle_market,4.46
Mercedes-Benz,E-Class,2013,13,78000,Petrol,Automatic,first,992750,Mercedes-Benz E-Class,kaggle_market,9.93
Maruti Suzuki,Estilo,2007,19,74900,Petrol,Manual,first,90250,Maruti Suzuki Estilo,kaggle_market,0.9
Mahindra,Xuv300,2019,7,21000,Diesel,Manual,second,850250,Mahindra Xuv300,kaggle_market,8.5
Mini,Cooper S,2017,9,42000,Petrol,Automatic,second,3182500,Mini Cooper S,kaggle_market,31.82
Hyundai,Xcent,2020,6,15000,Petrol,Manual,first,479750,Hyundai Xcent,kaggle_market,4.8
Mahindra,Scorpio,2017,9,86000,Diesel,Manual,second,665000,Mahindra Scorpio,kaggle_market,6.65
Maruti Suzuki,Swift-Dzire,2015,11,86000,Diesel,Manual,first,318250,Maruti Suzuki Swift-Dzire,kaggle_market,3.18
Land Rover,Range Rover Evoque,2020,6,11264,Diesel,Automatic,first,5505250,Land Rover Range Rover Evoque,kaggle_market,55.05
Honda,City,2013,13,130000,Petrol,Manual,second,374775,Honda City,kaggle_market,3.75
Renault,Kwid,2016,10,50588,Petrol,Manual,second,308750,Renault Kwid,kaggle_market,3.09
Honda,City,2016,10,79000,Petrol,Automatic,second,641250,Honda City,kaggle_market,6.41
Maruti Suzuki,Swift,2015,11,94200,Diesel,Manual,second,470250,Maruti Suzuki Swift,kaggle_market,4.7
Toyota,Innova Crysta,2016,10,160000,Diesel,Automatic,first,1306250,Toyota Innova Crysta,kaggle_market,13.06
Maruti Suzuki,Xl6,2019,7,40000,Petrol,Automatic,first,1068750,Maruti Suzuki Xl6,kaggle_market,10.69
Mercedes-Benz,Glc,2020,6,38000,Diesel,Automatic,second,4465000,Mercedes-Benz Glc,kaggle_market,44.65
Tata,Nexon,2023,3,7800,Petrol,Automatic,first,850250,Tata Nexon,kaggle_market,8.5
Maruti Suzuki,Celerio,2015,11,114000,Petrol,Automatic,second,375250,Maruti Suzuki Celerio,kaggle_market,3.75
Hyundai,Santro Xing,2010,16,100000,Petrol,Manual,second,119700,Hyundai Santro Xing,kaggle_market,1.2
Tata,Indigo Ecs,2014,12,114109,Diesel,Manual,second,171000,Tata Indigo Ecs,kaggle_market,1.71
Honda,Amaze,2016,10,64000,Petrol,Manual,second,394250,Honda Amaze,kaggle_market,3.94
Hyundai,Creta,2017,9,66000,Petrol,Manual,second,641250,Hyundai Creta,kaggle_market,6.41
Toyota,Innova,2011,15,150000,Diesel,Manual,second,380000,Toyota Innova,kaggle_market,3.8
Bmw,5 Series,2018,8,50000,Diesel,Automatic,first,3705000,Bmw 5 Series,kaggle_market,37.05
Maruti Suzuki,Ritz,2014,12,54000,Petrol,Manual,second,365750,Maruti Suzuki Ritz,kaggle_market,3.66
Maruti Suzuki,Vitara-Brezza,2020,6,64000,Diesel,Manual,first,831250,Maruti Suzuki Vitara-Brezza,kaggle_market,8.31
Toyota,Innova Crysta,2016,10,185865,Diesel,Automatic,first,1415500,Toyota Innova Crysta,kaggle_market,14.16
Maruti Suzuki,Swift,2012,14,82000,Diesel,Manual,second,213750,Maruti Suzuki Swift,kaggle_market,2.14
Kia,Sonet,2024,2,800,Petrol,Manual,first,161500,Kia Sonet,kaggle_market,1.62
Renault,Kwid,2017,9,62000,Petrol,Automatic,first,379999,Renault Kwid,kaggle_market,3.8
Toyota,Innova,2010,16,220734,Diesel,Manual,second,547200,Toyota Innova,kaggle_market,5.47
Maruti Suzuki,Swift-Dzire,2014,12,70000,Diesel,Manual,second,427500,Maruti Suzuki Swift-Dzire,kaggle_market,4.28
Land Rover,Range Rover Evoque,2013,13,80500,Diesel,Automatic,second,1510500,Land Rover Range Rover Evoque,kaggle_market,15.1
Hyundai,I20 Active,2016,10,50000,Petrol,Manual,first,513000,Hyundai I20 Active,kaggle_market,5.13
Hyundai,I20,2017,9,30000,Petrol,Manual,second,475000,Hyundai I20,kaggle_market,4.75
Toyota,Innova Crysta,2017,9,161000,Diesel,Automatic,first,1567500,Toyota Innova Crysta,kaggle_market,15.68
Maruti Suzuki,Alto-K10,2018,8,72000,Petrol,Automatic,first,351500,Maruti Suzuki Alto-K10,kaggle_market,3.52
Mercedes-Benz,Gle Class,2017,9,49000,Petrol,Automatic,first,4655000,Mercedes-Benz Gle Class,kaggle_market,46.55
Maruti Suzuki,Swift-Dzire,2015,11,72000,Diesel,Manual,second,612750,Maruti Suzuki Swift-Dzire,kaggle_market,6.13
Mercedes-Benz,E-Class,2009,17,100000,Diesel,Automatic,second,593750,Mercedes-Benz E-Class,kaggle_market,5.94
Hyundai,Fluidic Verna,2013,13,90000,Petrol,Manual,second,446500,Hyundai Fluidic Verna,kaggle_market,4.46
Hyundai,Xcent,2015,11,56000,Petrol,Manual,first,346750,Hyundai Xcent,kaggle_market,3.47
Hyundai,I10,2012,14,51000,Petrol,Manual,second,156750,Hyundai I10,kaggle_market,1.57
Mahindra,Xuv500,2015,11,55000,Diesel,Manual,first,750500,Mahindra Xuv500,kaggle_market,7.5
Audi,Q5,2019,7,24000,Diesel,Automatic,second,3301250,Audi Q5,kaggle_market,33.01
Maruti Suzuki,Brezza,2017,9,67000,Diesel,Manual,second,665000,Maruti Suzuki Brezza,kaggle_market,6.65
Toyota,Etios,2013,13,70000,Petrol,Manual,second,247000,Toyota Etios,kaggle_market,2.47
Maruti Suzuki,Wagon-R-1-0,2009,17,80000,Petrol,Manual,second,104500,Maruti Suzuki Wagon-R-1-0,kaggle_market,1.04
Maruti Suzuki,Swift,2011,15,28082,Petrol,Manual,first,242250,Maruti Suzuki Swift,kaggle_market,2.42
Porsche,Cayenne,2018,8,70000,Diesel,Automatic,first,4417500,Porsche Cayenne,kaggle_market,44.18
Tata,Hexa,2018,8,88000,Diesel,Manual,first,759999,Tata Hexa,kaggle_market,7.6
Maruti Suzuki,Eeco,2018,8,68321,Petrol,Manual,first,318346,Maruti Suzuki Eeco,kaggle_market,3.18
Ford,Ecosport,2017,9,55000,Petrol,Manual,second,617500,Ford Ecosport,kaggle_market,6.18
Hyundai,Creta,2019,7,51000,Diesel,Manual,first,854050,Hyundai Creta,kaggle_market,8.54
Bmw,X5,2019,7,17500,Diesel,Automatic,first,4275000,Bmw X5,kaggle_market,42.75
Maruti Suzuki,Swift-Dzire,2015,11,84000,Petrol,Manual,second,403750,Maruti Suzuki Swift-Dzire,kaggle_market,4.04
Nissan,Sunny,2011,15,70000,Petrol,Manual,second,166250,Nissan Sunny,kaggle_market,1.66
Toyota,Innova Crysta,2019,7,39000,Diesel,Automatic,second,2422500,Toyota Innova Crysta,kaggle_market,24.22
Bmw,7 Series,2016,10,74000,Diesel,Automatic,second,5225000,Bmw 7 Series,kaggle_market,52.25
Maruti Suzuki,Swift,2016,10,61000,Petrol,Manual,first,341050,Maruti Suzuki Swift,kaggle_market,3.41
Maruti Suzuki,Baleno,2017,9,80160,Diesel,Manual,second,445550,Maruti Suzuki Baleno,kaggle_market,4.46
Ford,Ecosport,2018,8,75000,Diesel,Manual,first,584250,Ford Ecosport,kaggle_market,5.84
Land Rover,Range Rover Evoque,2021,5,41788,Diesel,Automatic,second,4738600,Land Rover Range Rover Evoque,kaggle_market,47.39
Maruti Suzuki,Maruti-Suzuki-Dzire,2020,6,78000,Petrol,Manual,first,579500,Maruti Suzuki Maruti-Suzuki-Dzire,kaggle_market,5.8
Tata,Sumo Gold,2013,13,100000,Diesel,Automatic,second,351500,Tata Sumo Gold,kaggle_market,3.52
Hyundai,Eon,2017,9,32500,Petrol,Manual,second,223250,Hyundai Eon,kaggle_market,2.23
Maruti Suzuki,Vitara-Brezza,2018,8,92000,Diesel,Manual,first,758100,Maruti Suzuki Vitara-Brezza,kaggle_market,7.58
Honda,Amaze,2014,12,80000,Diesel,Manual,first,370500,Honda Amaze,kaggle_market,3.7
Hyundai,Creta,2016,10,78800,Diesel,Automatic,second,759999,Hyundai Creta,kaggle_market,7.6
Toyota,Etios Liva,2012,14,93000,Diesel,Manual,second,418000,Toyota Etios Liva,kaggle_market,4.18
Toyota,Etios,2012,14,171985,Diesel,Manual,second,380000,Toyota Etios,kaggle_market,3.8
Maruti Suzuki,Wagon R,2017,9,74000,Petrol,Automatic,first,426550,Maruti Suzuki Wagon R,kaggle_market,4.27
Toyota,Innova Crysta,2017,9,69000,Diesel,Automatic,first,1724250,Toyota Innova Crysta,kaggle_market,17.24
Volkswagen,Ventotest,2012,14,70000,Petrol,Manual,second,237500,Volkswagen Ventotest,kaggle_market,2.38
Mahindra,Thar,2021,5,16700,Diesel,Automatic,first,1662500,Mahindra Thar,kaggle_market,16.62
Maruti Suzuki,Dzire,2018,8,25000,Petrol,Automatic,second,598500,Maruti Suzuki Dzire,kaggle_market,5.98
Renault,Pulse,2012,14,88300,Diesel,Manual,first,356250,Renault Pulse,kaggle_market,3.56
Land Rover,Range Rover Velar,2018,8,51000,Petrol,Automatic,first,4737650,Land Rover Range Rover Velar,kaggle_market,47.38
Toyota,Innova Crysta,2018,8,70000,Diesel,Manual,second,1757500,Toyota Innova Crysta,kaggle_market,17.58
Maruti Suzuki,Ritz,2015,11,82000,Petrol,Manual,second,308750,Maruti Suzuki Ritz,kaggle_market,3.09
Maruti Suzuki,Ciaz,2016,10,230,Diesel,Manual,first,437000,Maruti Suzuki Ciaz,kaggle_market,4.37
Chevrolet,Optrasrv,2006,20,117000,Petrol,Automatic,second,137750,Chevrolet Optrasrv,kaggle_market,1.38
Skoda,Rapid,2012,14,96000,Diesel,Manual,first,323000,Skoda Rapid,kaggle_market,3.23
Kia,Seltos,2020,6,50000,Diesel,Manual,first,1135250,Kia Seltos,kaggle_market,11.35
Hyundai,Venue,2021,5,40000,Petrol,Manual,first,726750,Hyundai Venue,kaggle_market,7.27
Toyota,Innova,2014,12,195000,Diesel,Manual,second,969000,Toyota Innova,kaggle_market,9.69
Mahindra,Scorpio Classic,2023,3,28000,Diesel,Manual,first,1662500,Mahindra Scorpio Classic,kaggle_market,16.62
Bmw,X6,2015,11,87000,Diesel,Automatic,second,4275000,Bmw X6,kaggle_market,42.75
Skoda,Rapid,2018,8,135000,Diesel,Manual,first,617500,Skoda Rapid,kaggle_market,6.18
Toyota,Innova Crysta,2018,8,52000,Diesel,Automatic,first,2085250,Toyota Innova Crysta,kaggle_market,20.85
Maruti Suzuki,Swift,2014,12,96000,Petrol,Manual,second,361000,Maruti Suzuki Swift,kaggle_market,3.61
Maruti Suzuki,Swift,2020,6,20000,Petrol,Manual,first,521550,Maruti Suzuki Swift,kaggle_market,5.22
Maruti Suzuki,Celerio,2015,11,83000,Petrol,Automatic,second,308750,Maruti Suzuki Celerio,kaggle_market,3.09
Mercedes-Benz,S-Class,2011,15,42000,Petrol,Automatic,second,2850000,Mercedes-Benz S-Class,kaggle_market,28.5
Honda,City,2011,15,77000,Petrol,Automatic,second,398999,Honda City,kaggle_market,3.99
Hyundai,Elite I20,2017,9,98000,Diesel,Manual,first,560500,Hyundai Elite I20,kaggle_market,5.6
Volkswagen,Vento,2016,10,80000,Diesel,Automatic,first,553850,Volkswagen Vento,kaggle_market,5.54
Hyundai,Venue,2022,4,32000,Petrol,Manual,first,926250,Hyundai Venue,kaggle_market,9.26
Hyundai,Santa Fe,2015,11,90000,Diesel,Automatic,second,593750,Hyundai Santa Fe,kaggle_market,5.94
Toyota,Fortuner,2014,12,215000,Diesel,Automatic,second,1021250,Toyota Fortuner,kaggle_market,10.21
Maruti Suzuki,Ertiga,2016,10,100000,Diesel,Manual,second,755250,Maruti Suzuki Ertiga,kaggle_market,7.55
Mahindra,Xuv500,2012,14,100000,Diesel,Manual,second,403750,Mahindra Xuv500,kaggle_market,4.04
Toyota,Innova Crysta,2021,5,111000,Diesel,Automatic,first,2303750,Toyota Innova Crysta,kaggle_market,23.04
Honda,Jazz,2017,9,64100,Petrol,Automatic,first,466450,Honda Jazz,kaggle_market,4.66
Bmw,5 Series,2018,8,20000,Diesel,Automatic,first,3980500,Bmw 5 Series,kaggle_market,39.8
Maruti Suzuki,Wagon-R,2015,11,105000,Petrol,Manual,first,280250,Maruti Suzuki Wagon-R,kaggle_market,2.8
Mini,Cooper 5 Door,2014,12,24000,Diesel,Automatic,first,1610250,Mini Cooper 5 Door,kaggle_market,16.1
Audi,A4,2013,13,42000,Diesel,Automatic,first,750500,Audi A4,kaggle_market,7.5
Maruti Suzuki,Omni,2019,7,27000,Petrol,Manual,second,361000,Maruti Suzuki Omni,kaggle_market,3.61
Maruti Suzuki,Ciaz,2016,10,49000,Petrol,Automatic,first,593750,Maruti Suzuki Ciaz,kaggle_market,5.94
Renault,Duster,2015,11,52000,Diesel,Manual,first,403750,Renault Duster,kaggle_market,4.04
Maruti Suzuki,Ertiga,2017,9,133000,Diesel,Manual,second,731500,Maruti Suzuki Ertiga,kaggle_market,7.32
Maruti Suzuki,Ertiga,2016,10,65000,Diesel,Manual,first,627000,Maruti Suzuki Ertiga,kaggle_market,6.27
Jeep,Compass,2020,6,48000,Diesel,Automatic,first,1653000,Jeep Compass,kaggle_market,16.53
Nissan,Magnite,2021,5,62000,Petrol,Manual,first,513000,Nissan Magnite,kaggle_market,5.13
Hyundai,Creta,2018,8,80000,Diesel,Manual,first,855000,Hyundai Creta,kaggle_market,8.55
Honda,Wrv,2023,3,10000,Petrol,Manual,first,883500,Honda Wrv,kaggle_market,8.84
Hyundai,Elite I20,2019,7,61000,Petrol,Manual,first,688750,Hyundai Elite I20,kaggle_market,6.89
Maruti Suzuki,Baleno,2022,4,27000,Petrol,Manual,first,912000,Maruti Suzuki Baleno,kaggle_market,9.12
Skoda,Superb,2016,10,80000,Diesel,Automatic,first,1543750,Skoda Superb,kaggle_market,15.44
Ford,Figo,2012,14,108000,Diesel,Manual,second,161500,Ford Figo,kaggle_market,1.62
Hyundai,Venue,2019,7,65000,Diesel,Manual,first,807500,Hyundai Venue,kaggle_market,8.07
Tata,Indigo Ecs,2015,11,80000,Diesel,Manual,second,114000,Tata Indigo Ecs,kaggle_market,1.14
Maruti Suzuki,Wagon-R,2014,12,77000,Petrol,Manual,second,237499,Maruti Suzuki Wagon-R,kaggle_market,2.37
Mahindra,Kuv 100,2017,9,66000,Petrol,Manual,first,327750,Mahindra Kuv 100,kaggle_market,3.28
Maruti Suzuki,Wagon-R,2006,20,90000,Petrol,Manual,second,95000,Maruti Suzuki Wagon-R,kaggle_market,0.95
Hyundai,I20,2016,10,73000,Petrol,Manual,first,631750,Hyundai I20,kaggle_market,6.32
Honda,Amaze,2022,4,25000,Petrol,Manual,first,726750,Honda Amaze,kaggle_market,7.27
Maruti Suzuki,Baleno,2020,6,31000,Petrol,Manual,first,655500,Maruti Suzuki Baleno,kaggle_market,6.56
Maruti Suzuki,Wagon-R,2018,8,48231,Petrol,Automatic,first,365846,Maruti Suzuki Wagon-R,kaggle_market,3.66
Maruti Suzuki,Alto-K10,2015,11,76000,Petrol,Automatic,first,266000,Maruti Suzuki Alto-K10,kaggle_market,2.66
Honda,City,2011,15,75464,Petrol,Automatic,second,356250,Honda City,kaggle_market,3.56
Bmw,3 Series,2016,10,85000,Diesel,Automatic,second,1567500,Bmw 3 Series,kaggle_market,15.68
Chevrolet,Beat,2010,16,85000,Petrol,Manual,second,171000,Chevrolet Beat,kaggle_market,1.71
Mercedes-Benz,Gl-Class,2011,15,94990,Diesel,Automatic,second,1415500,Mercedes-Benz Gl-Class,kaggle_market,14.16
Maruti Suzuki,Baleno,2018,8,54000,Diesel,Manual,first,722000,Maruti Suzuki Baleno,kaggle_market,7.22
Volkswagen,Polo,2013,13,85000,Diesel,Manual,second,394250,Volkswagen Polo,kaggle_market,3.94
Hyundai,Alcazar,2021,5,23000,Petrol,Automatic,second,1519999,Hyundai Alcazar,kaggle_market,15.2
Hyundai,Creta,2022,4,16000,Petrol,Manual,first,1043100,Hyundai Creta,kaggle_market,10.43
Volkswagen,Polo,2018,8,88000,Petrol,Manual,second,617500,Volkswagen Polo,kaggle_market,6.18
Toyota,Etios Liva,2019,7,130000,Diesel,Manual,first,726750,Toyota Etios Liva,kaggle_market,7.27
Mahindra,Kuv100 Nxt,2017,9,48000,Petrol,Automatic,second,285000,Mahindra Kuv100 Nxt,kaggle_market,2.85
Maruti Suzuki,Swift-Dzire,2020,6,34000,Petrol,Manual,second,503500,Maruti Suzuki Swift-Dzire,kaggle_market,5.04
Hyundai,I20,2011,15,78000,Petrol,Manual,second,294500,Hyundai I20,kaggle_market,2.94
Toyota,Innova Crysta,2018,8,72000,Diesel,Automatic,second,1757500,Toyota Innova Crysta,kaggle_market,17.58
Honda,City,2014,12,133000,Diesel,Manual,second,650750,Honda City,kaggle_market,6.51
Mg,Gloster,2022,4,39000,Diesel,Automatic,first,3125500,Mg Gloster,kaggle_market,31.26
Maruti Suzuki,Wagon-R,2011,15,140000,Petrol,Manual,second,237500,Maruti Suzuki Wagon-R,kaggle_market,2.38
Hyundai,I20,2010,16,92000,Diesel,Manual,second,256500,Hyundai I20,kaggle_market,2.56
Bmw,5 Series,2018,8,64000,Petrol,Automatic,second,3087500,Bmw 5 Series,kaggle_market,30.88
Volkswagen,Polo,2019,7,63000,Petrol,Automatic,first,850250,Volkswagen Polo,kaggle_market,8.5
Nissan,Terrano,2017,9,84000,Diesel,Automatic,second,717250,Nissan Terrano,kaggle_market,7.17
Mercedes-Benz,C-Class,2011,15,75000,Diesel,Automatic,second,755250,Mercedes-Benz C-Class,kaggle_market,7.55
Ford,Figo,2011,15,115000,Diesel,Manual,second,213750,Ford Figo,kaggle_market,2.14
Toyota,Etios,2017,9,170000,Diesel,Manual,first,451250,Toyota Etios,kaggle_market,4.51
Honda,Amaze,2019,7,44000,Petrol,Manual,first,522500,Honda Amaze,kaggle_market,5.22
Bmw,5 Series,2018,8,52000,Diesel,Automatic,second,3657500,Bmw 5 Series,kaggle_market,36.58
Hyundai,Alcazar,2021,5,58000,Diesel,Automatic,first,1885750,Hyundai Alcazar,kaggle_market,18.86
Mg,Hector,2019,7,72000,Petrol,Automatic,first,973750,Mg Hector,kaggle_market,9.74
Mercedes-Benz,Gla,2019,7,51000,Petrol,Automatic,second,2318000,Mercedes-Benz Gla,kaggle_market,23.18
Volvo,S60 Cross Country,2016,10,56000,Diesel,Automatic,second,1638750,Volvo S60 Cross Country,kaggle_market,16.39
Maruti Suzuki,Swift-Dzire,2011,15,70000,Petrol,Manual,second,158650,Maruti Suzuki Swift-Dzire,kaggle_market,1.59
Hyundai,Creta,2018,8,23000,Petrol,Automatic,first,935855,Hyundai Creta,kaggle_market,9.36
Hyundai,Verna,2013,13,103000,Petrol,Manual,second,304000,Hyundai Verna,kaggle_market,3.04
Maruti Suzuki,Swift,2013,13,135600,Diesel,Manual,second,403750,Maruti Suzuki Swift,kaggle_market,4.04
Tata,Nexon,2019,7,49000,Petrol,Manual,first,617500,Tata Nexon,kaggle_market,6.18
Skoda,Superb,2015,11,48500,Petrol,Automatic,second,675450,Skoda Superb,kaggle_market,6.75
Hyundai,I10,2012,14,54699,Petrol,Manual,second,189050,Hyundai I10,kaggle_market,1.89
Volkswagen,Polo,2015,11,46000,Petrol,Manual,first,451250,Volkswagen Polo,kaggle_market,4.51
Mahindra,Scorpio,2019,7,85000,Diesel,Manual,second,1206500,Mahindra Scorpio,kaggle_market,12.06
Hyundai,Fluidic Verna,2024,2,170000,Diesel,Automatic,second,3847500,Hyundai Fluidic Verna,kaggle_market,38.48
Ford,Ecosport,2021,5,75000,Diesel,Manual,first,821750,Ford Ecosport,kaggle_market,8.22
Toyota,Innova Crysta,2020,6,61000,Diesel,Automatic,second,1971250,Toyota Innova Crysta,kaggle_market,19.71
Toyota,Fortuner,2021,5,78000,Diesel,Automatic,first,3468450,Toyota Fortuner,kaggle_market,34.68
Bmw,3 Series Gt,2017,9,95000,Diesel,Automatic,first,1757500,Bmw 3 Series Gt,kaggle_market,17.58
Toyota,Innova Crysta,2019,7,70000,Diesel,Automatic,first,1610250,Toyota Innova Crysta,kaggle_market,16.1
Toyota,Innova Crysta,2021,5,67000,Diesel,Automatic,first,1781250,Toyota Innova Crysta,kaggle_market,17.81
Hyundai,Eon,2012,14,42000,Petrol,Manual,second,204250,Hyundai Eon,kaggle_market,2.04
Mahindra,Marazzo,2019,7,110000,Diesel,Manual,first,446500,Mahindra Marazzo,kaggle_market,4.46
Maruti Suzuki,Omni,2015,11,80000,Petrol,Manual,second,242250,Maruti Suzuki Omni,kaggle_market,2.42
Skoda,Laura,2009,17,108000,Diesel,Manual,second,188100,Skoda Laura,kaggle_market,1.88
Maruti Suzuki,Wagon-R,2004,22,85000,Petrol,Manual,second,96900,Maruti Suzuki Wagon-R,kaggle_market,0.97
Volkswagen,Ventotest,2012,14,73000,Petrol,Automatic,second,427500,Volkswagen Ventotest,kaggle_market,4.28
Mercedes-Benz,E-Class,2013,13,80500,Diesel,Automatic,second,1235000,Mercedes-Benz E-Class,kaggle_market,12.35
Mahindra,Bolero,2017,9,69000,Diesel,Automatic,second,741000,Mahindra Bolero,kaggle_market,7.41
Mahindra,Xuv500,2019,7,25000,Diesel,Manual,first,1591250,Mahindra Xuv500,kaggle_market,15.91
Hyundai,Creta,2022,4,42000,Diesel,Manual,first,1320500,Hyundai Creta,kaggle_market,13.2
Hyundai,Creta,2019,7,47000,Diesel,Automatic,second,1182750,Hyundai Creta,kaggle_market,11.83
Hyundai,Aura,2021,5,25000,Petrol,Manual,second,546250,Hyundai Aura,kaggle_market,5.46
Hyundai,I20,2018,8,38900,Petrol,Manual,first,470250,Hyundai I20,kaggle_market,4.7
Bmw,7 Series,2018,8,33700,Petrol,Automatic,first,6650000,Bmw 7 Series,kaggle_market,66.5
Volkswagen,Polo,2015,11,125000,Diesel,Manual,first,617500,Volkswagen Polo,kaggle_market,6.18
Toyota,Urban Cruiser Hyryder,2023,3,8000,Petrol,Automatic,first,1795500,Toyota Urban Cruiser Hyryder,kaggle_market,17.95
Hyundai,Verna,2014,12,86123,Diesel,Manual,second,375250,Hyundai Verna,kaggle_market,3.75
Volkswagen,Polo,2013,13,61000,Petrol,Automatic,first,384750,Volkswagen Polo,kaggle_market,3.85
Maruti Suzuki,Maruti-Suzuki-Brezza,2017,9,78000,Diesel,Manual,second,750500,Maruti Suzuki Maruti-Suzuki-Brezza,kaggle_market,7.5
Hyundai,I20,2011,15,85000,Petrol,Manual,second,180500,Hyundai I20,kaggle_market,1.8
Tata,Safari Storme,2014,12,180000,Diesel,Manual,first,332500,Tata Safari Storme,kaggle_market,3.32
Honda,City Zx,2020,6,27000,Petrol,Manual,first,1092500,Honda City Zx,kaggle_market,10.92
Maruti Suzuki,Ertiga,2022,4,22000,Petrol,Manual,second,912000,Maruti Suzuki Ertiga,kaggle_market,9.12
Hyundai,I20 Active,2015,11,62000,Diesel,Manual,second,332500,Hyundai I20 Active,kaggle_market,3.32
Toyota,Fortuner,2024,2,24000,Diesel,Manual,first,4322500,Toyota Fortuner,kaggle_market,43.22
Toyota,Innova,2012,14,150000,Diesel,Manual,second,484500,Toyota Innova,kaggle_market,4.84
Bmw,X1,2017,9,56000,Diesel,Automatic,second,2565000,Bmw X1,kaggle_market,25.65
Maruti Suzuki,S-Cross,2019,7,169700,Diesel,Manual,first,726750,Maruti Suzuki S-Cross,kaggle_market,7.27
Toyota,Fortuner,2016,10,176000,Diesel,Manual,second,1567500,Toyota Fortuner,kaggle_market,15.68
Maruti Suzuki,Celerio,2022,4,20000,Diesel,Automatic,first,593750,Maruti Suzuki Celerio,kaggle_market,5.94
Honda,Jazz,2015,11,114000,Diesel,Manual,second,494000,Honda Jazz,kaggle_market,4.94
Hyundai,Xcent,2015,11,114000,Diesel,Manual,first,380000,Hyundai Xcent,kaggle_market,3.8
Renault,Duster,2017,9,80000,Diesel,Manual,second,593750,Renault Duster,kaggle_market,5.94
Honda,Civic,2007,19,103000,Petrol,Automatic,second,275500,Honda Civic,kaggle_market,2.76
Tata,Tiago,2018,8,52000,Petrol,Automatic,first,470250,Tata Tiago,kaggle_market,4.7
Toyota,Urban Cruiser Hyryder,2023,3,24000,Petrol,Automatic,first,1800250,Toyota Urban Cruiser Hyryder,kaggle_market,18.0
Maruti Suzuki,Eeco,2021,5,19000,Petrol,Automatic,second,380000,Maruti Suzuki Eeco,kaggle_market,3.8
Hyundai,Verna,2020,6,95000,Diesel,Manual,first,950000,Hyundai Verna,kaggle_market,9.5
Toyota,Innova,2014,12,111000,Diesel,Manual,second,945250,Toyota Innova,kaggle_market,9.45
Maruti Suzuki,Wagon-R-1-0,2016,10,59000,Petrol,Automatic,first,394250,Maruti Suzuki Wagon-R-1-0,kaggle_market,3.94
Audi,Q3,2015,11,110000,Diesel,Automatic,first,1567500,Audi Q3,kaggle_market,15.68
Kia,Sonet,2020,6,47000,Petrol,Automatic,first,1106750,Kia Sonet,kaggle_market,11.07
Jeep,Compass,2019,7,52000,Petrol,Automatic,second,1235000,Jeep Compass,kaggle_market,12.35
Toyota,Fortuner,2017,9,112000,Diesel,Automatic,first,2137500,Toyota Fortuner,kaggle_market,21.38
Volkswagen,Ameo,2018,8,52000,Petrol,Manual,second,570000,Volkswagen Ameo,kaggle_market,5.7
Mahindra,Scorpio-N,2023,3,20000,Diesel,Automatic,first,2422500,Mahindra Scorpio-N,kaggle_market,24.22
Maruti Suzuki,Baleno,2016,10,45000,Petrol,Manual,second,517750,Maruti Suzuki Baleno,kaggle_market,5.18
Tata,Harrier,2019,7,48000,Diesel,Manual,first,992750,Tata Harrier,kaggle_market,9.93
Chevrolet,Spark,2009,17,99999,Petrol,Automatic,second,66500,Chevrolet Spark,kaggle_market,0.66
Mahindra,Bolero,2015,11,92000,Diesel,Manual,second,394250,Mahindra Bolero,kaggle_market,3.94
Maruti Suzuki,Vitara-Brezza,2019,7,78000,Diesel,Manual,first,888250,Maruti Suzuki Vitara-Brezza,kaggle_market,8.88
Tata,Nano,2009,17,23000,Petrol,Manual,second,57000,Tata Nano,kaggle_market,0.57
Hyundai,Creta,2019,7,21000,Petrol,Manual,first,826500,Hyundai Creta,kaggle_market,8.26
Hyundai,Grand I10,2016,10,170000,Diesel,Manual,second,389500,Hyundai Grand I10,kaggle_market,3.9
Audi,Q7,2018,8,69000,Diesel,Automatic,second,4607500,Audi Q7,kaggle_market,46.08
Mg,Hector,2021,5,39652,Diesel,Manual,first,1239750,Mg Hector,kaggle_market,12.4
Tata,Nexon,2022,4,13000,Petrol,Manual,first,854050,Tata Nexon,kaggle_market,8.54
Maruti Suzuki,Alto-800,2023,3,6200,Petrol,Manual,first,380000,Maruti Suzuki Alto-800,kaggle_market,3.8
Toyota,Fortuner,2019,7,180000,Diesel,Manual,first,2831000,Toyota Fortuner,kaggle_market,28.31
Mahindra,Xuv 300,2019,7,40000,Diesel,Manual,first,973750,Mahindra Xuv 300,kaggle_market,9.74
Tata,Indigo Ecs,2014,12,112000,Diesel,Automatic,second,95000,Tata Indigo Ecs,kaggle_market,0.95
Maruti Suzuki,Baleno,2018,8,65000,Petrol,Manual,second,498750,Maruti Suzuki Baleno,kaggle_market,4.99
Maruti Suzuki,Swift-Dzire,2018,8,45617,Petrol,Automatic,first,688750,Maruti Suzuki Swift-Dzire,kaggle_market,6.89
Bmw,X6,2015,11,49000,Petrol,Automatic,second,6840000,Bmw X6,kaggle_market,68.4
Mercedes-Benz,E-Class,2014,12,75000,Diesel,Automatic,second,1110550,Mercedes-Benz E-Class,kaggle_market,11.11
Nissan,Terrano,2014,12,95000,Diesel,Manual,second,427500,Nissan Terrano,kaggle_market,4.28
Maruti Suzuki,Swift-Dzire,2010,16,165000,Diesel,Manual,first,256500,Maruti Suzuki Swift-Dzire,kaggle_market,2.56
Maruti Suzuki,Celerio,2014,12,37000,Petrol,Automatic,second,320150,Maruti Suzuki Celerio,kaggle_market,3.2
Mg,Hector Plus,2023,3,27000,Petrol,Automatic,first,1733750,Mg Hector Plus,kaggle_market,17.34
Honda,Crv,2015,11,90000,Petrol,Automatic,second,755250,Honda Crv,kaggle_market,7.55
Renault,Triber,2019,7,43000,Petrol,Manual,first,536750,Renault Triber,kaggle_market,5.37
Maruti Suzuki,Eeco,2013,13,27000,Petrol,Manual,second,284050,Maruti Suzuki Eeco,kaggle_market,2.84
Maruti Suzuki,Ertiga,2015,11,110000,Diesel,Manual,first,631750,Maruti Suzuki Ertiga,kaggle_market,6.32
Honda,Brio,2015,11,36000,Petrol,Automatic,second,356250,Honda Brio,kaggle_market,3.56
Bmw,3 Series,2011,15,39000,Diesel,Automatic,second,1235000,Bmw 3 Series,kaggle_market,12.35
Volkswagen,Polo,2019,7,15000,Petrol,Manual,first,546250,Volkswagen Polo,kaggle_market,5.46
Hyundai,Venue,2021,5,28000,Diesel,Manual,first,997500,Hyundai Venue,kaggle_market,9.98
Toyota,Fortuner,2011,15,125000,Diesel,Manual,second,617500,Toyota Fortuner,kaggle_market,6.18
Maruti Suzuki,Jimny,2024,2,11000,Petrol,Automatic,first,1130500,Maruti Suzuki Jimny,kaggle_market,11.3
Land Rover,Range Rover Velar,2020,6,46000,Petrol,Automatic,second,7125000,Land Rover Range Rover Velar,kaggle_market,71.25
Chevrolet,Trailblazer,2015,11,116000,Diesel,Automatic,second,646000,Chevrolet Trailblazer,kaggle_market,6.46
Mahindra,Quanto,2013,13,75000,Diesel,Manual,first,242250,Mahindra Quanto,kaggle_market,2.42
Honda,Amaze,2013,13,110000,Petrol,Manual,first,332499,Honda Amaze,kaggle_market,3.32
Hyundai,Eon,2014,12,60000,Petrol,Manual,second,261250,Hyundai Eon,kaggle_market,2.61
Ford,Endeavour,2021,5,59000,Diesel,Automatic,first,3135000,Ford Endeavour,kaggle_market,31.35
Mahindra,Scorpio,2015,11,90000,Diesel,Manual,second,807500,Mahindra Scorpio,kaggle_market,8.07
Hyundai,New I20,2023,3,7200,Petrol,Manual,first,855000,Hyundai New I20,kaggle_market,8.55
Bmw,X3,2019,7,80000,Diesel,Automatic,second,2612500,Bmw X3,kaggle_market,26.12
Tata,Sumo Victa,2011,15,285000,Diesel,Automatic,second,266000,Tata Sumo Victa,kaggle_market,2.66
Mercedes-Benz,C-Class,2020,6,29000,Diesel,Automatic,first,2422500,Mercedes-Benz C-Class,kaggle_market,24.22
Maruti Suzuki,Alto K10,2017,9,27000,Petrol,Automatic,second,361000,Maruti Suzuki Alto K10,kaggle_market,3.61
Maruti Suzuki,Baleno,2018,8,30000,Petrol,Manual,second,664050,Maruti Suzuki Baleno,kaggle_market,6.64
Jaguar,Xj,2015,11,80250,Petrol,Automatic,second,2042500,Jaguar Xj,kaggle_market,20.42
Honda,Wrv,2017,9,79000,Diesel,Manual,first,802750,Honda Wrv,kaggle_market,8.03
Kia,Seltos,2022,4,30000,Diesel,Automatic,first,1776500,Kia Seltos,kaggle_market,17.76
Mahindra,Thar,2021,5,41000,Diesel,Automatic,first,1396500,Mahindra Thar,kaggle_market,13.96
Volkswagen,Polo,2010,16,90000,Petrol,Manual,first,237500,Volkswagen Polo,kaggle_market,2.38
Hyundai,Eon,2013,13,78000,Petrol,Manual,second,150100,Hyundai Eon,kaggle_market,1.5
Maruti Suzuki,Vitara-Brezza,2020,6,50000,Diesel,Manual,first,997500,Maruti Suzuki Vitara-Brezza,kaggle_market,9.98
Maruti Suzuki,Swift,2014,12,80000,Diesel,Manual,second,390450,Maruti Suzuki Swift,kaggle_market,3.9
Hyundai,Alcazar,2022,4,37000,Diesel,Automatic,first,1724250,Hyundai Alcazar,kaggle_market,17.24
Ford,Figo Aspire,2017,9,61101,Petrol,Manual,second,375250,Ford Figo Aspire,kaggle_market,3.75
Mahindra,Xuv500,2015,11,74000,Diesel,Manual,first,707750,Mahindra Xuv500,kaggle_market,7.08
Bmw,X7,2023,3,37000,Diesel,Automatic,first,9500000,Bmw X7,kaggle_market,95.0
Mahindra,Xuv500,2015,11,83000,Diesel,Manual,first,926250,Mahindra Xuv500,kaggle_market,9.26
Maruti Suzuki,Alto-800,2016,10,45000,Petrol,Manual,first,341050,Maruti Suzuki Alto-800,kaggle_market,3.41
Volvo,Xc60,2018,8,110000,Diesel,Automatic,first,831250,Volvo Xc60,kaggle_market,8.31
Maruti Suzuki,Vitara-Brezza,2017,9,71000,Diesel,Manual,first,598500,Maruti Suzuki Vitara-Brezza,kaggle_market,5.98
Mg,Gloster,2022,4,84000,Diesel,Automatic,first,3230000,Mg Gloster,kaggle_market,32.3
Maruti Suzuki,Alto-K10,2017,9,43400,Petrol,Automatic,first,261250,Maruti Suzuki Alto-K10,kaggle_market,2.61
Honda,City,2017,9,66000,Diesel,Manual,first,655500,Honda City,kaggle_market,6.56
Toyota,Innova Crysta,2020,6,61500,Diesel,Automatic,first,2802500,Toyota Innova Crysta,kaggle_market,28.02
Hyundai,Elite I20,2019,7,51000,Petrol,Automatic,first,655500,Hyundai Elite I20,kaggle_market,6.56
Skoda,Superb,2015,11,142000,Diesel,Automatic,first,807500,Skoda Superb,kaggle_market,8.07
Hyundai,Santro Xing,2006,20,58645,Petrol,Manual,second,93100,Hyundai Santro Xing,kaggle_market,0.93
Hyundai,Verna,2017,9,80000,Diesel,Manual,first,527250,Hyundai Verna,kaggle_market,5.27
Mahindra,Bolero,2012,14,79000,Diesel,Manual,second,603250,Mahindra Bolero,kaggle_market,6.03
Maruti Suzuki,Swift,2019,7,49805,Petrol,Manual,first,517750,Maruti Suzuki Swift,kaggle_market,5.18
Skoda,Octavia,2016,10,80000,Diesel,Automatic,first,878750,Skoda Octavia,kaggle_market,8.79
Audi,A6,2017,9,52000,Petrol,Automatic,first,2066250,Audi A6,kaggle_market,20.66
Fiat,Punto,2012,14,123600,Diesel,Manual,second,152000,Fiat Punto,kaggle_market,1.52
Tata,Indica Vista,2012,14,125000,Diesel,Manual,first,77900,Tata Indica Vista,kaggle_market,0.78
Honda,Amaze,2013,13,55513,Petrol,Manual,first,313500,Honda Amaze,kaggle_market,3.14
Maruti Suzuki,Swift,2014,12,104000,Diesel,Manual,second,441750,Maruti Suzuki Swift,kaggle_market,4.42
Volkswagen,Ventotest,2012,14,73000,Petrol,Automatic,second,280250,Volkswagen Ventotest,kaggle_market,2.8
Hyundai,I20 N Line,2023,3,14800,Petrol,Automatic,first,997500,Hyundai I20 N Line,kaggle_market,9.98
Mg,Astor,2022,4,16000,Petrol,Automatic,first,1068750,Mg Astor,kaggle_market,10.69
Bmw,3 Series Gt,2015,11,61000,Diesel,Automatic,second,1140000,Bmw 3 Series Gt,kaggle_market,11.4
Bmw,3 Series Gt,2017,9,68303,Diesel,Automatic,second,1995000,Bmw 3 Series Gt,kaggle_market,19.95
Toyota,Fortuner,2016,10,75000,Diesel,Manual,first,1330000,Toyota Fortuner,kaggle_market,13.3
Maruti Suzuki,Swift-Dzire,2020,6,53000,Petrol,Automatic,first,622250,Maruti Suzuki Swift-Dzire,kaggle_market,6.22
Skoda,Superb,2015,11,68000,Petrol,Manual,second,536750,Skoda Superb,kaggle_market,5.37
Maruti Suzuki,Vitara-Brezza,2017,9,84000,Diesel,Manual,first,826500,Maruti Suzuki Vitara-Brezza,kaggle_market,8.26
Maruti Suzuki,Swift,2021,5,34000,Petrol,Manual,second,636500,Maruti Suzuki Swift,kaggle_market,6.36
Volvo,S60 Cross Country,2018,8,100000,Diesel,Automatic,first,1520000,Volvo S60 Cross Country,kaggle_market,15.2
Maruti Suzuki,Baleno,2020,6,40000,Petrol,Manual,first,660250,Maruti Suzuki Baleno,kaggle_market,6.6
Hyundai,I10,2010,16,75000,Petrol,Manual,second,114000,Hyundai I10,kaggle_market,1.14
Bmw,5 Series,2013,13,82000,Diesel,Automatic,second,1230250,Bmw 5 Series,kaggle_market,12.3
Bmw,5 Series,2015,11,68000,Diesel,Automatic,second,1353750,Bmw 5 Series,kaggle_market,13.54
Mahindra,Marazzo,2018,8,39000,Diesel,Manual,second,712500,Mahindra Marazzo,kaggle_market,7.12
Mg,Hector,2019,7,49067,Petrol,Automatic,first,1401250,Mg Hector,kaggle_market,14.01
Maruti Suzuki,Ertiga,2013,13,57899,Petrol,Manual,second,408499,Maruti Suzuki Ertiga,kaggle_market,4.08
Mercedes-Benz,E-Class,2012,14,73000,Diesel,Automatic,second,940500,Mercedes-Benz E-Class,kaggle_market,9.4
Maruti Suzuki,Vitara-Brezza,2018,8,25000,Diesel,Automatic,first,698250,Maruti Suzuki Vitara-Brezza,kaggle_market,6.98
Tata,Nexon,2021,5,25945,Petrol,Automatic,first,992750,Tata Nexon,kaggle_market,9.93
Hyundai,I10,2010,16,38278,Petrol,Automatic,first,228000,Hyundai I10,kaggle_market,2.28
Maruti Suzuki,Swift,2017,9,91000,Diesel,Manual,first,536750,Maruti Suzuki Swift,kaggle_market,5.37
Mercedes-Benz,E-Class,2018,8,38000,Diesel,Automatic,second,3562500,Mercedes-Benz E-Class,kaggle_market,35.62
Chevrolet,Cruze,2012,14,45000,Diesel,Automatic,second,534850,Chevrolet Cruze,kaggle_market,5.35
Maruti Suzuki,Baleno,2022,4,54000,Petrol,Manual,first,688750,Maruti Suzuki Baleno,kaggle_market,6.89
Volvo,Xc 90,2016,10,102000,Diesel,Automatic,first,3609050,Volvo Xc 90,kaggle_market,36.09
Toyota,Glanza,2022,4,51321,Petrol,Manual,first,593846,Toyota Glanza,kaggle_market,5.94
Tata,Xenon Xt,2017,9,45000,Diesel,Manual,second,484500,Tata Xenon Xt,kaggle_market,4.84
Maruti Suzuki,Celerio,2018,8,45000,Petrol,Automatic,second,451250,Maruti Suzuki Celerio,kaggle_market,4.51
Maruti Suzuki,Ciaz,2014,12,51957,Petrol,Manual,second,475000,Maruti Suzuki Ciaz,kaggle_market,4.75
Ford,Ecosport,2014,12,75000,Diesel,Manual,first,422750,Ford Ecosport,kaggle_market,4.23
Maruti Suzuki,Swift,2020,6,37540,Petrol,Automatic,first,608000,Maruti Suzuki Swift,kaggle_market,6.08
Toyota,Fortuner,2016,10,160000,Diesel,Manual,second,1496250,Toyota Fortuner,kaggle_market,14.96
Bmw,5 Series,2011,15,85000,Diesel,Automatic,second,617500,Bmw 5 Series,kaggle_market,6.18
Renault,Kwid,2018,8,42000,Petrol,Manual,first,342000,Renault Kwid,kaggle_market,3.42
Tata,Nano,2013,13,20000,Petrol,Manual,first,80750,Tata Nano,kaggle_market,0.81
Ford,Ecosport,2015,11,52000,Petrol,Manual,first,498750,Ford Ecosport,kaggle_market,4.99
Maruti Suzuki,Celerio,2015,11,113000,Petrol,Automatic,second,323000,Maruti Suzuki Celerio,kaggle_market,3.23
Bmw,3 Series Gt,2016,10,75000,Diesel,Automatic,second,1709050,Bmw 3 Series Gt,kaggle_market,17.09
Mitsubishi,Lancer,1999,27,225000,Diesel,Manual,second,85500,Mitsubishi Lancer,kaggle_market,0.86
Maruti Suzuki,Alto,2011,15,42000,Petrol,Manual,second,142500,Maruti Suzuki Alto,kaggle_market,1.42
Toyota,Fortuner,2019,7,93000,Diesel,Automatic,first,2398750,Toyota Fortuner,kaggle_market,23.99
Hyundai,Verna,2014,12,71000,Diesel,Manual,second,332500,Hyundai Verna,kaggle_market,3.32
Mercedes-Benz,Gl-Class,2014,12,52300,Diesel,Automatic,second,2802500,Mercedes-Benz Gl-Class,kaggle_market,28.02
Mercedes-Benz,E-Class,2012,14,74000,Diesel,Automatic,first,843600,Mercedes-Benz E-Class,kaggle_market,8.44
Maruti Suzuki,Swift,2018,8,22000,Petrol,Manual,second,560500,Maruti Suzuki Swift,kaggle_market,5.6
Mercedes-Benz,Gla,2016,10,121000,Diesel,Automatic,second,1283450,Mercedes-Benz Gla,kaggle_market,12.83
Skoda,Slavia,2024,2,3000,Petrol,Automatic,first,1567500,Skoda Slavia,kaggle_market,15.68
Bmw,X1,2012,14,62000,Petrol,Automatic,second,569050,Bmw X1,kaggle_market,5.69
Toyota,Land Cruiser Prado,2014,12,180000,Diesel,Automatic,second,4512500,Toyota Land Cruiser Prado,kaggle_market,45.12
Mg,Hector,2020,6,80000,Petrol,Automatic,first,1187500,Mg Hector,kaggle_market,11.88
Bmw,X1,2017,9,83000,Diesel,Automatic,first,1805000,Bmw X1,kaggle_market,18.05
Hyundai,I10,2013,13,56000,Petrol,Manual,second,275500,Hyundai I10,kaggle_market,2.76
Bmw,5 Series,2011,15,65000,Diesel,Automatic,second,498750,Bmw 5 Series,kaggle_market,4.99
Maruti Suzuki,Swift,2011,15,60000,Petrol,Manual,second,180500,Maruti Suzuki Swift,kaggle_market,1.8
Skoda,Laura,2011,15,71225,Petrol,Manual,second,515850,Skoda Laura,kaggle_market,5.16
Hyundai,Verna,2012,14,68000,Petrol,Manual,second,327750,Hyundai Verna,kaggle_market,3.28
Jeep,Compass,2017,9,78600,Diesel,Manual,first,1092500,Jeep Compass,kaggle_market,10.92
Hyundai,Aura,2020,6,53000,Petrol,Manual,first,617500,Hyundai Aura,kaggle_market,6.18
Maruti Suzuki,Alto-800,2021,5,18000,Petrol,Manual,first,358150,Maruti Suzuki Alto-800,kaggle_market,3.58
Tata,Bolt,2017,9,48000,Petrol,Automatic,second,209000,Tata Bolt,kaggle_market,2.09
Bmw,3 Series Gt,2015,11,55000,Diesel,Automatic,second,2375000,Bmw 3 Series Gt,kaggle_market,23.75
Honda,City,2018,8,70000,Petrol,Manual,second,565250,Honda City,kaggle_market,5.65
Ford,Figo,2014,12,89500,Diesel,Manual,second,123499,Ford Figo,kaggle_market,1.23
Honda,City,2011,15,53000,Petrol,Automatic,first,432250,Honda City,kaggle_market,4.32
Hyundai,Grand I10,2017,9,39000,Petrol,Automatic,second,437000,Hyundai Grand I10,kaggle_market,4.37
Toyota,Etios,2015,11,168000,Diesel,Manual,second,403750,Toyota Etios,kaggle_market,4.04
Hyundai,I20,2024,2,1500,Petrol,Manual,first,878750,Hyundai I20,kaggle_market,8.79
Honda,City,2018,8,76000,Petrol,Automatic,second,807500,Honda City,kaggle_market,8.07
Honda,Wrv,2017,9,70000,Diesel,Manual,first,617500,Honda Wrv,kaggle_market,6.18
Maruti Suzuki,Alto-K10,2012,14,32000,Petrol,Manual,second,213750,Maruti Suzuki Alto-K10,kaggle_market,2.14
Toyota,Etios,2018,8,146000,Diesel,Manual,second,565250,Toyota Etios,kaggle_market,5.65
Hyundai,I10,2013,13,90000,Petrol,Manual,first,189050,Hyundai I10,kaggle_market,1.89
Volkswagen,Polo,2018,8,50000,Petrol,Manual,first,375250,Volkswagen Polo,kaggle_market,3.75
Hyundai,Elantra,2016,10,85000,Petrol,Automatic,first,912000,Hyundai Elantra,kaggle_market,9.12
Tata,Nexon,2019,7,36788,Petrol,Automatic,second,741000,Tata Nexon,kaggle_market,7.41
Hyundai,Grand I10,2017,9,79000,Diesel,Manual,second,266000,Hyundai Grand I10,kaggle_market,2.66
Maruti Suzuki,Ciaz,2015,11,79000,Diesel,Manual,first,570000,Maruti Suzuki Ciaz,kaggle_market,5.7
Skoda,Superb,2018,8,62000,Diesel,Automatic,first,1757500,Skoda Superb,kaggle_market,17.58
Maruti Suzuki,Swift,2019,7,53000,Petrol,Manual,first,475000,Maruti Suzuki Swift,kaggle_market,4.75
Toyota,Innova Crysta,2018,8,79000,Diesel,Automatic,first,1638750,Toyota Innova Crysta,kaggle_market,16.39
Audi,A4,2020,6,38000,Petrol,Automatic,first,2707500,Audi A4,kaggle_market,27.08
Toyota,Innova Crysta,2021,5,43000,Diesel,Automatic,first,1995000,Toyota Innova Crysta,kaggle_market,19.95
Honda,City Zx,2020,6,49000,Petrol,Automatic,second,1192250,Honda City Zx,kaggle_market,11.92
Kia,Seltos,2020,6,52000,Petrol,Automatic,first,1163750,Kia Seltos,kaggle_market,11.64
Mahindra,Xuv 300,2022,4,44000,Diesel,Manual,first,769500,Mahindra Xuv 300,kaggle_market,7.7
Mercedes-Benz,M-Class,2012,14,175000,Diesel,Automatic,second,1234050,Mercedes-Benz M-Class,kaggle_market,12.34
Maruti Suzuki,800,2006,20,26500,Petrol,Manual,second,118750,Maruti Suzuki 800,kaggle_market,1.19
Mahindra,Scorpio,2018,8,67000,Diesel,Manual,first,1168500,Mahindra Scorpio,kaggle_market,11.68
Hyundai,I20,2015,11,54500,Diesel,Manual,second,465500,Hyundai I20,kaggle_market,4.66
Maruti Suzuki,Swift-Dzire,2010,16,121000,Diesel,Manual,first,365750,Maruti Suzuki Swift-Dzire,kaggle_market,3.66
Hyundai,Venue,2019,7,68216,Petrol,Manual,second,617500,Hyundai Venue,kaggle_market,6.18
Nissan,Terrano,2015,11,78000,Diesel,Manual,first,261250,Nissan Terrano,kaggle_market,2.61
Maruti Suzuki,Swift,2014,12,72000,Petrol,Manual,second,370500,Maruti Suzuki Swift,kaggle_market,3.7
Ford,Figo,2010,16,48000,Petrol,Manual,second,133000,Ford Figo,kaggle_market,1.33
Renault,Kwid,2016,10,77000,Petrol,Automatic,second,185250,Renault Kwid,kaggle_market,1.85
Toyota,Fortuner,2018,8,158000,Diesel,Automatic,first,2755000,Toyota Fortuner,kaggle_market,27.55
Tata,Safari,2022,4,42000,Diesel,Manual,first,1681500,Tata Safari,kaggle_market,16.82
Hyundai,I10,2010,16,78000,Petrol,Manual,second,251750,Hyundai I10,kaggle_market,2.52
Volkswagen,Ameo,2018,8,68533,Petrol,Manual,first,489820,Volkswagen Ameo,kaggle_market,4.9
Renault,Duster,2018,8,83000,Diesel,Automatic,second,902500,Renault Duster,kaggle_market,9.02
Tata,Indigo Ecs,2014,12,190555,Diesel,Manual,second,209000,Tata Indigo Ecs,kaggle_market,2.09
Tata,Zest,2018,8,150000,Diesel,Manual,second,389500,Tata Zest,kaggle_market,3.9
Skoda,Superb,2017,9,138000,Diesel,Automatic,second,1805000,Skoda Superb,kaggle_market,18.05
Toyota,Etios Liva,2015,11,250000,Diesel,Manual,first,475000,Toyota Etios Liva,kaggle_market,4.75
Maruti Suzuki,Swift-Dzire,2015,11,59200,Petrol,Manual,second,422750,Maruti Suzuki Swift-Dzire,kaggle_market,4.23
Volkswagen,Taigun,2022,4,55000,Petrol,Automatic,second,1353750,Volkswagen Taigun,kaggle_market,13.54
Honda,City,2015,11,53370,Petrol,Automatic,first,589950,Honda City,kaggle_market,5.9
Skoda,Octavia,2016,10,92000,Petrol,Automatic,second,760000,Skoda Octavia,kaggle_market,7.6
Kia,Sonet,2021,5,61000,Petrol,Automatic,second,755250,Kia Sonet,kaggle_market,7.55
Tata,Nano,2015,11,23000,Petrol,Automatic,second,261250,Tata Nano,kaggle_market,2.61
Maruti Suzuki,Wagon-R,2009,17,150000,Petrol,Manual,second,142500,Maruti Suzuki Wagon-R,kaggle_market,1.42
Toyota,Innova Crysta,2019,7,65000,Diesel,Automatic,first,2560250,Toyota Innova Crysta,kaggle_market,25.6
Maruti Suzuki,Wagon-R-1-0,2016,10,77000,Petrol,Automatic,second,332500,Maruti Suzuki Wagon-R-1-0,kaggle_market,3.32
Maruti Suzuki,Swift-Dzire,2010,16,100000,Diesel,Manual,second,152000,Maruti Suzuki Swift-Dzire,kaggle_market,1.52
Maruti Suzuki,Swift,2018,8,80000,Diesel,Automatic,second,617500,Maruti Suzuki Swift,kaggle_market,6.18
Ford,Ecosport,2018,8,72000,Diesel,Manual,first,831250,Ford Ecosport,kaggle_market,8.31
Skoda,Kodiaq,2018,8,92000,Diesel,Automatic,second,2797855,Skoda Kodiaq,kaggle_market,27.98
Audi,A6,2021,5,22000,Petrol,Automatic,first,4203750,Audi A6,kaggle_market,42.04
Maruti Suzuki,Ciaz,2014,12,86265,Diesel,Manual,second,370500,Maruti Suzuki Ciaz,kaggle_market,3.7
Mahindra,Xuv500,2014,12,170000,Diesel,Manual,second,365750,Mahindra Xuv500,kaggle_market,3.66
Maruti Suzuki,Celerio,2016,10,42114,Petrol,Automatic,first,375250,Maruti Suzuki Celerio,kaggle_market,3.75
Hyundai,Grand I10 Nios,2021,5,51000,Petrol,Manual,first,617500,Hyundai Grand I10 Nios,kaggle_market,6.18
Mg,Hector,2021,5,48000,Petrol,Automatic,second,1306250,Mg Hector,kaggle_market,13.06
Hyundai,I20,2023,3,13000,Petrol,Automatic,first,926250,Hyundai I20,kaggle_market,9.26
Maruti Suzuki,Swift,2017,9,57000,Petrol,Manual,second,379525,Maruti Suzuki Swift,kaggle_market,3.8
Maruti Suzuki,Alto-K10,2011,15,67000,Petrol,Manual,second,147250,Maruti Suzuki Alto-K10,kaggle_market,1.47
Ford,Ecosport,2017,9,123000,Diesel,Manual,first,641250,Ford Ecosport,kaggle_market,6.41
Maruti Suzuki,Eeco,2022,4,40000,Petrol,Manual,second,498750,Maruti Suzuki Eeco,kaggle_market,4.99
Mini,Cooper Convertible,2019,7,24000,Petrol,Automatic,first,4275000,Mini Cooper Convertible,kaggle_market,42.75
Mahindra,Bolero,2010,16,90000,Diesel,Manual,second,152000,Mahindra Bolero,kaggle_market,1.52
Skoda,Slavia,2022,4,72000,Petrol,Manual,first,1129550,Skoda Slavia,kaggle_market,11.3
Mahindra,Scorpio,2020,6,72586,Diesel,Manual,first,1368000,Mahindra Scorpio,kaggle_market,13.68
Toyota,Innova,2013,13,200000,Diesel,Manual,second,579500,Toyota Innova,kaggle_market,5.8
Maruti Suzuki,Baleno,2019,7,46000,Petrol,Automatic,first,616550,Maruti Suzuki Baleno,kaggle_market,6.17
Mercedes-Benz,C-Class,2018,8,65000,Diesel,Automatic,second,2398855,Mercedes-Benz C-Class,kaggle_market,23.99
Skoda,Superb,2014,12,92000,Petrol,Automatic,second,437000,Skoda Superb,kaggle_market,4.37
Hyundai,New I20,2015,11,62000,Petrol,Manual,second,342000,Hyundai New I20,kaggle_market,3.42
Land Rover,Discovery Sport,2016,10,76000,Diesel,Automatic,second,1957000,Land Rover Discovery Sport,kaggle_market,19.57
Mahindra,Xuv500,2017,9,114000,Diesel,Manual,second,626050,Mahindra Xuv500,kaggle_market,6.26
Maruti Suzuki,Wagon-R,2021,5,21000,Petrol,Manual,first,536750,Maruti Suzuki Wagon-R,kaggle_market,5.37
Mercedes-Benz,Gla,2024,2,4700,Petrol,Automatic,first,4322500,Mercedes-Benz Gla,kaggle_market,43.22
Maruti Suzuki,Swift,2020,6,63110,Petrol,Automatic,first,565250,Maruti Suzuki Swift,kaggle_market,5.65
Maruti Suzuki,Wagon R,2011,15,88000,Petrol,Manual,first,256500,Maruti Suzuki Wagon R,kaggle_market,2.56
Toyota,Fortuner,2022,4,22310,Diesel,Automatic,first,4180000,Toyota Fortuner,kaggle_market,41.8
Maruti Suzuki,Swift,2018,8,60000,Petrol,Automatic,second,487350,Maruti Suzuki Swift,kaggle_market,4.87
Maruti Suzuki,Swift,2017,9,120000,Petrol,Manual,first,465500,Maruti Suzuki Swift,kaggle_market,4.66
Toyota,Fortuner,2019,7,64000,Diesel,Automatic,first,2921250,Toyota Fortuner,kaggle_market,29.21
Honda,Amaze,2017,9,75600,Petrol,Manual,first,465500,Honda Amaze,kaggle_market,4.66
Maruti Suzuki,S-Cross,2017,9,75000,Diesel,Manual,first,565250,Maruti Suzuki S-Cross,kaggle_market,5.65
Maruti Suzuki,Ertiga,2016,10,92000,Petrol,Manual,first,660250,Maruti Suzuki Ertiga,kaggle_market,6.6
Maruti Suzuki,Baleno,2018,8,34184,Petrol,Automatic,second,688750,Maruti Suzuki Baleno,kaggle_market,6.89
Tata,Nexon,2019,7,66800,Petrol,Manual,second,617500,Tata Nexon,kaggle_market,6.18
Toyota,Fortuner,2017,9,83000,Diesel,Automatic,first,2517500,Toyota Fortuner,kaggle_market,25.18
Renault,Duster,2016,10,80000,Diesel,Automatic,second,403750,Renault Duster,kaggle_market,4.04
Hyundai,Creta,2019,7,78000,Diesel,Manual,second,774250,Hyundai Creta,kaggle_market,7.74
Chevrolet,Beat,2010,16,77000,Petrol,Manual,second,189050,Chevrolet Beat,kaggle_market,1.89
Bmw,X3,2019,7,63000,Diesel,Automatic,first,3943555,Bmw X3,kaggle_market,39.44
Mahindra,Xuv500,2014,12,74000,Diesel,Manual,second,532000,Mahindra Xuv500,kaggle_market,5.32
Hyundai,Verna,2017,9,47000,Diesel,Automatic,first,850250,Hyundai Verna,kaggle_market,8.5
Mahindra,Xuv500,2013,13,75000,Diesel,Manual,first,389500,Mahindra Xuv500,kaggle_market,3.9
Nissan,Magnite,2023,3,30000,Petrol,Manual,first,532000,Nissan Magnite,kaggle_market,5.32
Maruti Suzuki,Wagon-R,2018,8,19300,Petrol,Manual,first,437950,Maruti Suzuki Wagon-R,kaggle_market,4.38
Mahindra,Thar,2020,6,65000,Petrol,Automatic,first,1244500,Mahindra Thar,kaggle_market,12.44
Tata,Altroz,2021,5,62000,Petrol,Manual,first,485450,Tata Altroz,kaggle_market,4.85
Maruti Suzuki,Baleno,2023,3,13000,Petrol,Automatic,first,878750,Maruti Suzuki Baleno,kaggle_market,8.79
Mercedes-Benz,Cla,2017,9,36250,Petrol,Automatic,second,1567500,Mercedes-Benz Cla,kaggle_market,15.68
Maruti Suzuki,Ertiga,2017,9,100000,Diesel,Manual,second,688750,Maruti Suzuki Ertiga,kaggle_market,6.89
Maruti Suzuki,Wagon-R,2013,13,66000,Petrol,Manual,first,294500,Maruti Suzuki Wagon-R,kaggle_market,2.94
Bmw,X1,2019,7,98000,Diesel,Automatic,first,1733750,Bmw X1,kaggle_market,17.34
Renault,Duster,2016,10,61500,Diesel,Automatic,first,650750,Renault Duster,kaggle_market,6.51
Jeep,Compass,2018,8,38000,Petrol,Automatic,first,1040250,Jeep Compass,kaggle_market,10.4
Mercedes-Benz,Gl-Class,2013,13,92000,Diesel,Automatic,second,2270500,Mercedes-Benz Gl-Class,kaggle_market,22.7
Renault,Kwid,2017,9,65563,Petrol,Automatic,second,308750,Renault Kwid,kaggle_market,3.09
Tata,Harrier,2022,4,17800,Diesel,Automatic,first,1899999,Tata Harrier,kaggle_market,19.0
Hyundai,Creta,2018,8,82500,Diesel,Automatic,first,755250,Hyundai Creta,kaggle_market,7.55
Hyundai,I10,2012,14,56874,Petrol,Automatic,second,256500,Hyundai I10,kaggle_market,2.56
Nissan,Terrano,2014,12,50000,Diesel,Manual,first,546250,Nissan Terrano,kaggle_market,5.46
Bmw,X3,2016,10,120000,Diesel,Automatic,first,1804999,Bmw X3,kaggle_market,18.05
Hyundai,I10,2017,9,78000,Diesel,Manual,second,332500,Hyundai I10,kaggle_market,3.32
Ford,Ecosport,2015,11,80000,Diesel,Manual,second,513000,Ford Ecosport,kaggle_market,5.13
Hyundai,Grand I10,2016,10,114399,Diesel,Manual,second,460750,Hyundai Grand I10,kaggle_market,4.61
Maruti Suzuki,A-Star,2013,13,78000,Petrol,Automatic,second,280250,Maruti Suzuki A-Star,kaggle_market,2.8
Kia,Seltos,2020,6,30000,Diesel,Automatic,first,1424050,Kia Seltos,kaggle_market,14.24
Toyota,Vellfire,2021,5,42000,Petrol,Automatic,first,8075000,Toyota Vellfire,kaggle_market,80.75
Honda,City,2017,9,18110,Petrol,Automatic,second,546250,Honda City,kaggle_market,5.46
Nissan,Micra,2017,9,86000,Petrol,Automatic,second,161500,Nissan Micra,kaggle_market,1.62
Renault,Kwid,2017,9,70000,Petrol,Automatic,first,332500,Renault Kwid,kaggle_market,3.32
Honda,City,2015,11,81000,Diesel,Manual,first,513000,Honda City,kaggle_market,5.13
Tata,Tiago,2020,6,44118,Petrol,Manual,first,446500,Tata Tiago,kaggle_market,4.46
Maruti Suzuki,Celerio,2016,10,45000,Petrol,Automatic,second,304000,Maruti Suzuki Celerio,kaggle_market,3.04
Volkswagen,Polo,2018,8,131000,Petrol,Automatic,second,650750,Volkswagen Polo,kaggle_market,6.51
Toyota,Fortuner,2018,8,69000,Diesel,Automatic,first,2394000,Toyota Fortuner,kaggle_market,23.94
Mercedes-Benz,S-Class,2014,12,80000,Diesel,Automatic,second,4750000,Mercedes-Benz S-Class,kaggle_market,47.5
Tata,Tiago,2017,9,73555,Petrol,Manual,second,280777,Tata Tiago,kaggle_market,2.81
Hyundai,Creta,2021,5,60000,Diesel,Manual,second,1178000,Hyundai Creta,kaggle_market,11.78
Honda,City,2009,17,88000,Petrol,Manual,second,256499,Honda City,kaggle_market,2.56
Toyota,Innova,2010,16,71000,Diesel,Manual,second,736250,Toyota Innova,kaggle_market,7.36
Maruti Suzuki,Alto-K10,2013,13,70000,Petrol,Automatic,first,171000,Maruti Suzuki Alto-K10,kaggle_market,1.71
Maruti Suzuki,Ritz,2012,14,86239,Petrol,Manual,second,228000,Maruti Suzuki Ritz,kaggle_market,2.28
Honda,Amaze,2019,7,52000,Petrol,Manual,first,612750,Honda Amaze,kaggle_market,6.13
Maruti Suzuki,Zen Estilo,2013,13,70000,Petrol,Manual,first,166250,Maruti Suzuki Zen Estilo,kaggle_market,1.66
Maruti Suzuki,Wagon-R,2019,7,65000,Petrol,Automatic,first,427500,Maruti Suzuki Wagon-R,kaggle_market,4.28
Hyundai,Verna,2020,6,55000,Petrol,Automatic,second,845500,Hyundai Verna,kaggle_market,8.46
Hyundai,Santro Xing,2011,15,75000,Petrol,Manual,first,123500,Hyundai Santro Xing,kaggle_market,1.24
Maruti Suzuki,Swift-Dzire,2019,7,50000,Petrol,Manual,first,441750,Maruti Suzuki Swift-Dzire,kaggle_market,4.42
Maruti Suzuki,Omni,2011,15,106000,Petrol,Manual,second,94999,Maruti Suzuki Omni,kaggle_market,0.95
Honda,Brio,2012,14,80000,Petrol,Manual,first,308750,Honda Brio,kaggle_market,3.09
Mini,Cooper Clubman,2017,9,22000,Petrol,Automatic,second,2731250,Mini Cooper Clubman,kaggle_market,27.31
Audi,Q3,2016,10,47000,Diesel,Automatic,second,1424050,Audi Q3,kaggle_market,14.24
Maruti Suzuki,Ertiga,2023,3,52895,Petrol,Manual,first,1073500,Maruti Suzuki Ertiga,kaggle_market,10.74
Skoda,Kushaq,2022,4,30000,Petrol,Automatic,first,1377500,Skoda Kushaq,kaggle_market,13.78
Maruti Suzuki,S-Cross,2018,8,70013,Diesel,Manual,first,641250,Maruti Suzuki S-Cross,kaggle_market,6.41
Volkswagen,Beetle,2010,16,34000,Petrol,Automatic,second,1376550,Volkswagen Beetle,kaggle_market,13.77
Kia,Seltos,2020,6,46000,Petrol,Manual,first,1016500,Kia Seltos,kaggle_market,10.16
Maruti Suzuki,Alto,2006,20,65789,Petrol,Manual,first,66499,Maruti Suzuki Alto,kaggle_market,0.66
Mahindra,Thar,2015,11,29000,Diesel,Manual,second,636500,Mahindra Thar,kaggle_market,6.36
Toyota,Fortuner,2013,13,105000,Diesel,Automatic,second,1605500,Toyota Fortuner,kaggle_market,16.06
Mercedes-Benz,Glc,2020,6,47000,Diesel,Automatic,first,4655000,Mercedes-Benz Glc,kaggle_market,46.55
Volkswagen,Polo,2020,6,45000,Petrol,Manual,first,650750,Volkswagen Polo,kaggle_market,6.51
Mercedes-Benz,E-Class,2015,11,69000,Diesel,Automatic,second,1496250,Mercedes-Benz E-Class,kaggle_market,14.96
Tata,Nexon,2022,4,44000,Petrol,Automatic,first,769500,Tata Nexon,kaggle_market,7.7
Tata,Nexon,2018,8,14000,Petrol,Manual,second,712500,Tata Nexon,kaggle_market,7.12
Mercedes-Benz,E-Class,2011,15,133000,Diesel,Automatic,second,1425000,Mercedes-Benz E-Class,kaggle_market,14.25
Maruti Suzuki,Swift-Dzire,2011,15,68000,Petrol,Manual,first,174800,Maruti Suzuki Swift-Dzire,kaggle_market,1.75
Bmw,3 Series Gran Limousine,2015,11,61000,Diesel,Automatic,second,1425000,Bmw 3 Series Gran Limousine,kaggle_market,14.25
Kia,Seltos,2021,5,97000,Petrol,Manual,first,1187500,Kia Seltos,kaggle_market,11.88
Renault,Kwid,2017,9,65858,Petrol,Manual,second,142500,Renault Kwid,kaggle_market,1.42
Toyota,Fortuner,2013,13,119000,Diesel,Automatic,first,1376550,Toyota Fortuner,kaggle_market,13.77
Maruti Suzuki,Eeco,2014,12,98000,Petrol,Manual,second,247000,Maruti Suzuki Eeco,kaggle_market,2.47
Honda,City,2014,12,65000,Petrol,Manual,first,474999,Honda City,kaggle_market,4.75
Mercedes-Benz,Gle Class,2017,9,59000,Petrol,Automatic,second,4165750,Mercedes-Benz Gle Class,kaggle_market,41.66
Maruti Suzuki,Vitara-Brezza,2017,9,120000,Diesel,Manual,first,598500,Maruti Suzuki Vitara-Brezza,kaggle_market,5.98
Maruti Suzuki,Wagon-R,2016,10,65000,Petrol,Manual,second,294500,Maruti Suzuki Wagon-R,kaggle_market,2.94
Bmw,6 Series,2019,7,39000,Petrol,Automatic,first,4360500,Bmw 6 Series,kaggle_market,43.6
Hyundai,Verna,2019,7,145000,Diesel,Manual,first,802750,Hyundai Verna,kaggle_market,8.03
Maruti Suzuki,Swift,2019,7,50000,Petrol,Automatic,second,495055,Maruti Suzuki Swift,kaggle_market,4.95
Bmw,X1,2021,5,35061,Diesel,Automatic,first,3086550,Bmw X1,kaggle_market,30.87
Tata,Hexa,2017,9,89000,Diesel,Automatic,second,901550,Tata Hexa,kaggle_market,9.02
Toyota,Fortuner,2018,8,75000,Diesel,Manual,second,2446250,Toyota Fortuner,kaggle_market,24.46
Mercedes-Benz,A-Class Limousine,2023,3,3000,Diesel,Automatic,first,3800000,Mercedes-Benz A-Class Limousine,kaggle_market,38.0
Maruti Suzuki,Brezza,2018,8,59000,Diesel,Manual,second,783750,Maruti Suzuki Brezza,kaggle_market,7.84
Maruti Suzuki,Swift-Dzire,2012,14,97000,Diesel,Manual,second,375250,Maruti Suzuki Swift-Dzire,kaggle_market,3.75
Audi,A6,2015,11,108000,Diesel,Automatic,second,1501000,Audi A6,kaggle_market,15.01
Mahindra,Xuv700,2022,4,28581,Petrol,Automatic,first,2422500,Mahindra Xuv700,kaggle_market,24.22
Toyota,Fortuner,2013,13,169000,Diesel,Automatic,first,1230250,Toyota Fortuner,kaggle_market,12.3
Mahindra,Xuv500,2018,8,89000,Diesel,Automatic,second,1229300,Mahindra Xuv500,kaggle_market,12.29
Hyundai,Creta,2021,5,62000,Diesel,Manual,second,1320500,Hyundai Creta,kaggle_market,13.2
Volkswagen,Vento,2015,11,60000,Petrol,Automatic,first,430350,Volkswagen Vento,kaggle_market,4.3
Toyota,Etios Cross,2015,11,60000,Petrol,Manual,first,484500,Toyota Etios Cross,kaggle_market,4.84
Maruti Suzuki,Swift,2006,20,72000,Petrol,Manual,second,237500,Maruti Suzuki Swift,kaggle_market,2.38
Honda,Amaze,2014,12,53000,Petrol,Automatic,first,356250,Honda Amaze,kaggle_market,3.56
Jaguar,Xe,2018,8,75000,Diesel,Automatic,first,1852500,Jaguar Xe,kaggle_market,18.52
Hyundai,Santro,2009,17,70000,Petrol,Manual,second,94050,Hyundai Santro,kaggle_market,0.94
Mg,Astor,2024,2,36000,Petrol,Automatic,first,1472500,Mg Astor,kaggle_market,14.72
Nissan,Sunny,2012,14,77695,Diesel,Manual,second,251750,Nissan Sunny,kaggle_market,2.52
Hyundai,Grand I10,2017,9,47827,Petrol,Automatic,second,451250,Hyundai Grand I10,kaggle_market,4.51
Maruti Suzuki,Ertiga,2015,11,63000,Petrol,Manual,second,474050,Maruti Suzuki Ertiga,kaggle_market,4.74
Mercedes-Benz,Gls,2020,6,59000,Diesel,Automatic,second,7291250,Mercedes-Benz Gls,kaggle_market,72.91
Kia,Seltos,2019,7,61000,Petrol,Automatic,first,996550,Kia Seltos,kaggle_market,9.97
Maruti Suzuki,Swift,2017,9,65000,Petrol,Manual,first,399950,Maruti Suzuki Swift,kaggle_market,4.0
Maruti Suzuki,Baleno,2017,9,45000,Petrol,Manual,first,450300,Maruti Suzuki Baleno,kaggle_market,4.5
Mahindra,Bolero Neo,2022,4,45000,Diesel,Manual,first,940500,Mahindra Bolero Neo,kaggle_market,9.4
Audi,A4,2011,15,86000,Diesel,Automatic,second,546250,Audi A4,kaggle_market,5.46
Maruti Suzuki,Wagon R,2020,6,91000,Petrol,Manual,second,498749,Maruti Suzuki Wagon R,kaggle_market,4.99
Chevrolet,Beat,2017,9,70000,Petrol,Manual,second,171000,Chevrolet Beat,kaggle_market,1.71
Ford,Ecosport,2013,13,75000,Diesel,Manual,first,304000,Ford Ecosport,kaggle_market,3.04
Hyundai,I10,2010,16,32308,Petrol,Manual,first,199500,Hyundai I10,kaggle_market,2.0
Honda,City Zx,2008,18,71500,Petrol,Manual,second,103550,Honda City Zx,kaggle_market,1.04
Maruti Suzuki,Ciaz,2015,11,72000,Petrol,Automatic,first,508355,Maruti Suzuki Ciaz,kaggle_market,5.08
Hyundai,Eon,2012,14,94000,Petrol,Manual,second,142500,Hyundai Eon,kaggle_market,1.42
Kia,Seltos,2021,5,54000,Petrol,Manual,first,1130500,Kia Seltos,kaggle_market,11.3
Toyota,Innova Crysta,2016,10,142500,Diesel,Automatic,second,1501950,Toyota Innova Crysta,kaggle_market,15.02
Jeep,Compass,2017,9,57000,Diesel,Manual,first,845500,Jeep Compass,kaggle_market,8.46
Hyundai,Verna,2012,14,95000,Diesel,Manual,first,213750,Hyundai Verna,kaggle_market,2.14
Tata,Harrier,2020,6,116000,Diesel,Automatic,first,1306250,Tata Harrier,kaggle_market,13.06
Hyundai,Grand I10,2017,9,55000,Petrol,Automatic,second,375250,Hyundai Grand I10,kaggle_market,3.75
Maruti Suzuki,Swift-Dzire,2018,8,65000,Diesel,Manual,first,665000,Maruti Suzuki Swift-Dzire,kaggle_market,6.65
Ford,Fiesta,2011,15,120000,Diesel,Manual,second,213750,Ford Fiesta,kaggle_market,2.14
Land Rover,Range Rover Evoque,2011,15,120000,Diesel,Automatic,second,1496250,Land Rover Range Rover Evoque,kaggle_market,14.96
Maruti Suzuki,Celerio,2014,12,62000,Petrol,Automatic,second,313500,Maruti Suzuki Celerio,kaggle_market,3.14
Hyundai,I20,2015,11,58000,Petrol,Manual,first,444600,Hyundai I20,kaggle_market,4.45
Mahindra,Thar,2021,5,10000,Petrol,Automatic,second,1277750,Mahindra Thar,kaggle_market,12.78
Maruti Suzuki,Baleno,2016,10,63100,Petrol,Automatic,second,555750,Maruti Suzuki Baleno,kaggle_market,5.56
Mahindra,Xuv500,2016,10,85800,Diesel,Automatic,second,1116250,Mahindra Xuv500,kaggle_market,11.16
Volkswagen,Ventotest,2018,8,74000,Petrol,Automatic,second,512999,Volkswagen Ventotest,kaggle_market,5.13
Toyota,Innova Crysta,2017,9,174000,Diesel,Automatic,second,1885750,Toyota Innova Crysta,kaggle_market,18.86
Hyundai,Santa Fe,2014,12,72000,Diesel,Automatic,second,679250,Hyundai Santa Fe,kaggle_market,6.79
Honda,Amaze,2016,10,7500,Petrol,Manual,first,417999,Honda Amaze,kaggle_market,4.18
Toyota,Fortuner,2019,7,90000,Diesel,Manual,first,2612500,Toyota Fortuner,kaggle_market,26.12
Renault,Triber,2021,5,39000,Petrol,Automatic,first,617500,Renault Triber,kaggle_market,6.18
Mahindra,Thar,2021,5,48700,Petrol,Manual,first,1225500,Mahindra Thar,kaggle_market,12.26
Kia,Seltos,2019,7,103000,Diesel,Automatic,first,1163750,Kia Seltos,kaggle_market,11.64
Mercedes-Benz,Gle Coupe,2017,9,38700,Petrol,Automatic,second,5215500,Mercedes-Benz Gle Coupe,kaggle_market,52.16
Maruti Suzuki,S-Cross,2018,8,117000,Diesel,Manual,first,759050,Maruti Suzuki S-Cross,kaggle_market,7.59
Mahindra,Bolero,2015,11,119860,Diesel,Manual,second,722000,Mahindra Bolero,kaggle_market,7.22
Tata,Indica Vista,2013,13,64000,Diesel,Manual,second,128250,Tata Indica Vista,kaggle_market,1.28
Volkswagen,Ventotest,2015,11,96000,Diesel,Automatic,first,422750,Volkswagen Ventotest,kaggle_market,4.23
Tata,Tiago,2020,6,33000,Petrol,Automatic,second,470250,Tata Tiago,kaggle_market,4.7
Maruti Suzuki,Wagon-R,2016,10,34000,Petrol,Automatic,first,403750,Maruti Suzuki Wagon-R,kaggle_market,4.04
Honda,City,2017,9,59000,Petrol,Automatic,first,831250,Honda City,kaggle_market,8.31
Hyundai,I20 Active,2015,11,80000,Petrol,Manual,second,356249,Hyundai I20 Active,kaggle_market,3.56
Hyundai,Venue N Line,2023,3,9000,Petrol,Automatic,first,1225500,Hyundai Venue N Line,kaggle_market,12.26
Bmw,3 Series Gt,2016,10,60000,Diesel,Automatic,second,2446250,Bmw 3 Series Gt,kaggle_market,24.46
Mg,Hector,2019,7,23000,Petrol,Automatic,first,1135250,Mg Hector,kaggle_market,11.35
Hyundai,Verna,2011,15,60000,Petrol,Automatic,second,270750,Hyundai Verna,kaggle_market,2.71
Mercedes-Benz,Gls,2019,7,79000,Diesel,Automatic,second,5035000,Mercedes-Benz Gls,kaggle_market,50.35
Maruti Suzuki,S-Cross1,2018,8,140000,Diesel,Manual,second,617500,Maruti Suzuki S-Cross1,kaggle_market,6.18
Hyundai,I20,2013,13,59000,Petrol,Manual,second,246050,Hyundai I20,kaggle_market,2.46
Tata,Tiago,2018,8,64000,Petrol,Automatic,first,465500,Tata Tiago,kaggle_market,4.66
Hyundai,Creta,2020,6,38000,Diesel,Manual,first,1073500,Hyundai Creta,kaggle_market,10.74
Hyundai,Grand I10,2014,12,94000,Petrol,Automatic,second,441750,Hyundai Grand I10,kaggle_market,4.42
Hyundai,I10,2011,15,69000,Petrol,Manual,second,199500,Hyundai I10,kaggle_market,2.0
Hyundai,I20,2020,6,43000,Petrol,Manual,first,641250,Hyundai I20,kaggle_market,6.41
Renault,Kiger,2021,5,12000,Petrol,Automatic,first,831250,Renault Kiger,kaggle_market,8.31
Maruti Suzuki,Ciaz,2017,9,58234,Diesel,Manual,first,588999,Maruti Suzuki Ciaz,kaggle_market,5.89
Hyundai,Alcazar,2021,5,53000,Diesel,Automatic,first,1767000,Hyundai Alcazar,kaggle_market,17.67
Mercedes-Benz,C-Class,2017,9,42000,Petrol,Automatic,first,2531750,Mercedes-Benz C-Class,kaggle_market,25.32
Renault,Kwid,2018,8,110000,Petrol,Manual,second,270750,Renault Kwid,kaggle_market,2.71
Honda,Cr-V,2007,19,45000,Petrol,Automatic,first,474050,Honda Cr-V,kaggle_market,4.74
Hyundai,I20,2021,5,62000,Diesel,Manual,first,736250,Hyundai I20,kaggle_market,7.36
Hyundai,Grand I10,2014,12,55000,Petrol,Manual,second,299250,Hyundai Grand I10,kaggle_market,2.99
Hyundai,Elite I20,2016,10,42000,Diesel,Manual,first,688750,Hyundai Elite I20,kaggle_market,6.89
Maruti Suzuki,Ertiga,2012,14,100000,Diesel,Manual,first,508250,Maruti Suzuki Ertiga,kaggle_market,5.08
Maruti Suzuki,Ciaz,2019,7,81000,Petrol,Automatic,first,655500,Maruti Suzuki Ciaz,kaggle_market,6.56
Maruti Suzuki,Maruti-Suzuki-Brezza,2019,7,100000,Diesel,Manual,second,783750,Maruti Suzuki Maruti-Suzuki-Brezza,kaggle_market,7.84
Volkswagen,Taigun,2021,5,20000,Petrol,Automatic,first,1539000,Volkswagen Taigun,kaggle_market,15.39
Hyundai,Creta,2020,6,40000,Petrol,Manual,first,1106750,Hyundai Creta,kaggle_market,11.07
Hyundai,Creta,2017,9,83000,Diesel,Manual,first,722000,Hyundai Creta,kaggle_market,7.22
Mahindra,Xuv500,2017,9,118000,Diesel,Automatic,second,711550,Mahindra Xuv500,kaggle_market,7.12
Maruti Suzuki,Swift,2017,9,69300,Petrol,Manual,first,503500,Maruti Suzuki Swift,kaggle_market,5.04
Kia,Sonet,2022,4,13000,Diesel,Manual,first,1035500,Kia Sonet,kaggle_market,10.36
Mg,Astor,2023,3,8900,Petrol,Automatic,first,1258750,Mg Astor,kaggle_market,12.59
Ford,Figo,2011,15,140000,Diesel,Manual,first,113050,Ford Figo,kaggle_market,1.13
Toyota,Fortuner,2017,9,130000,Diesel,Automatic,first,2702750,Toyota Fortuner,kaggle_market,27.03
Toyota,Corolla Altis,2016,10,115000,Petrol,Automatic,second,688750,Toyota Corolla Altis,kaggle_market,6.89
Tata,Tata-Punch,2023,3,5800,Petrol,Automatic,first,797999,Tata Tata-Punch,kaggle_market,7.98
Land Rover,Discovery Sport,2019,7,64256,Diesel,Automatic,first,3087500,Land Rover Discovery Sport,kaggle_market,30.88
Toyota,Camry,2016,10,130000,Petrol,Automatic,second,1211250,Toyota Camry,kaggle_market,12.11
Mahindra,Xuv 300,2020,6,79000,Diesel,Manual,second,941450,Mahindra Xuv 300,kaggle_market,9.41
Hyundai,Xcent,2015,11,63300,Diesel,Manual,second,289750,Hyundai Xcent,kaggle_market,2.9
Hyundai,I20,2019,7,83300,Diesel,Manual,first,631750,Hyundai I20,kaggle_market,6.32
Maruti Suzuki,Ritz,2014,12,100000,Diesel,Manual,second,346750,Maruti Suzuki Ritz,kaggle_market,3.47
Maruti Suzuki,Wagon-R-1-0,2018,8,32000,Petrol,Automatic,second,465500,Maruti Suzuki Wagon-R-1-0,kaggle_market,4.66
Maruti Suzuki,Celerio,2017,9,62000,Petrol,Automatic,first,351500,Maruti Suzuki Celerio,kaggle_market,3.52
Mahindra,Xuv500,2017,9,59000,Diesel,Automatic,first,1211250,Mahindra Xuv500,kaggle_market,12.11
Toyota,Innova Crysta,2016,10,120000,Diesel,Automatic,second,1520000,Toyota Innova Crysta,kaggle_market,15.2
Nissan,Magnite,2023,3,15000,Petrol,Manual,first,617500,Nissan Magnite,kaggle_market,6.18
Maruti Suzuki,Swift-Dzire,2019,7,25000,Petrol,Automatic,first,655500,Maruti Suzuki Swift-Dzire,kaggle_market,6.56
Land Rover,Range Rover Sport,2018,8,99000,Diesel,Automatic,first,7125000,Land Rover Range Rover Sport,kaggle_market,71.25
Hyundai,Eon,2018,8,33000,Petrol,Manual,first,266000,Hyundai Eon,kaggle_market,2.66
Kia,Seltos,2019,7,78000,Diesel,Automatic,first,1182750,Kia Seltos,kaggle_market,11.83
Maruti Suzuki,Swift,2013,13,68554,Diesel,Manual,second,315400,Maruti Suzuki Swift,kaggle_market,3.15
Mercedes-Benz,C-Class,2022,4,220000,Diesel,Automatic,first,5605000,Mercedes-Benz C-Class,kaggle_market,56.05
Toyota,Innova Crysta,2016,10,56000,Diesel,Automatic,first,1472500,Toyota Innova Crysta,kaggle_market,14.72
Toyota,Innova,2012,14,250000,Diesel,Manual,second,641250,Toyota Innova,kaggle_market,6.41
Maruti Suzuki,Wagon-R-1-0,2019,7,42500,Petrol,Manual,second,342000,Maruti Suzuki Wagon-R-1-0,kaggle_market,3.42
Volkswagen,Polo,2017,9,20000,Petrol,Manual,first,541500,Volkswagen Polo,kaggle_market,5.42
Hyundai,Venue,2019,7,41973,Petrol,Automatic,second,712491,Hyundai Venue,kaggle_market,7.12
Mahindra,Bolero,2018,8,82000,Diesel,Manual,first,618450,Mahindra Bolero,kaggle_market,6.18
Maruti Suzuki,Wagon-R,2010,16,140849,Petrol,Manual,first,166250,Maruti Suzuki Wagon-R,kaggle_market,1.66
Maruti Suzuki,Ertiga,2014,12,141500,Diesel,Manual,first,631750,Maruti Suzuki Ertiga,kaggle_market,6.32
Mahindra,Xuv500,2014,12,80879,Diesel,Manual,second,475000,Mahindra Xuv500,kaggle_market,4.75
Renault,Duster,2013,13,104000,Diesel,Manual,first,275500,Renault Duster,kaggle_market,2.76
Hyundai,Venue,2023,3,6000,Petrol,Manual,first,845500,Hyundai Venue,kaggle_market,8.46
Bmw,5 Series,2018,8,88000,Diesel,Automatic,second,2755000,Bmw 5 Series,kaggle_market,27.55
Volkswagen,Passat,2010,16,78000,Petrol,Manual,second,284999,Volkswagen Passat,kaggle_market,2.85
Mercedes-Benz,C-Class,2017,9,42000,Petrol,Automatic,second,2161250,Mercedes-Benz C-Class,kaggle_market,21.61
Honda,City,2013,13,115000,Petrol,Manual,second,427500,Honda City,kaggle_market,4.28
Maruti Suzuki,Celerio,2019,7,45000,Petrol,Automatic,second,427500,Maruti Suzuki Celerio,kaggle_market,4.28
Maruti Suzuki,Maruti-Suzuki-Brezza,2017,9,116000,Diesel,Manual,first,712500,Maruti Suzuki Maruti-Suzuki-Brezza,kaggle_market,7.12
Toyota,Innova Crysta,2018,8,85000,Diesel,Manual,second,1349000,Toyota Innova Crysta,kaggle_market,13.49
Hyundai,Fluidic Verna,2018,8,76000,Diesel,Automatic,first,831250,Hyundai Fluidic Verna,kaggle_market,8.31
Bmw,5 Series,2019,7,38000,Diesel,Automatic,first,4655000,Bmw 5 Series,kaggle_market,46.55
Maruti Suzuki,Ertiga,2019,7,92000,Diesel,Manual,first,1017450,Maruti Suzuki Ertiga,kaggle_market,10.17
Honda,City,2013,13,43000,Petrol,Manual,first,261250,Honda City,kaggle_market,2.61
Honda,Amaze,2015,11,66000,Diesel,Manual,second,323000,Honda Amaze,kaggle_market,3.23
Isuzu,D-Max V-Cross,2018,8,95000,Diesel,Manual,first,1211250,Isuzu D-Max V-Cross,kaggle_market,12.11
Bmw,X1,2018,8,81000,Diesel,Automatic,second,1781250,Bmw X1,kaggle_market,17.81
Toyota,Fortuner,2015,11,85000,Diesel,Automatic,first,1415500,Toyota Fortuner,kaggle_market,14.16
Volkswagen,Virtus,2023,3,17000,Petrol,Automatic,first,1710000,Volkswagen Virtus,kaggle_market,17.1
Mahindra,Bolero,2022,4,13500,Diesel,Manual,first,821750,Mahindra Bolero,kaggle_market,8.22
Hyundai,Creta,2015,11,140000,Diesel,Automatic,first,802750,Hyundai Creta,kaggle_market,8.03
Kia,Carens,2022,4,11000,Petrol,Manual,first,1068750,Kia Carens,kaggle_market,10.69
Kia,Seltos,2021,5,26000,Petrol,Automatic,second,1211250,Kia Seltos,kaggle_market,12.11
Mahindra,Xylo,2018,8,69863,Diesel,Manual,first,650750,Mahindra Xylo,kaggle_market,6.51
Hyundai,Elite I20,2014,12,39000,Petrol,Manual,first,455999,Hyundai Elite I20,kaggle_market,4.56
Maruti Suzuki,Vitara-Brezza,2017,9,50000,Diesel,Manual,first,717250,Maruti Suzuki Vitara-Brezza,kaggle_market,7.17
Skoda,Rapid,2016,10,40000,Petrol,Manual,first,445550,Skoda Rapid,kaggle_market,4.46
Toyota,Urban Cruiser Hyryder,2023,3,9100,Petrol,Automatic,first,2014000,Toyota Urban Cruiser Hyryder,kaggle_market,20.14
Toyota,Innova Crysta,2020,6,45000,Diesel,Automatic,first,2089050,Toyota Innova Crysta,kaggle_market,20.89
Hyundai,Elite I20,2015,11,140000,Diesel,Manual,first,555750,Hyundai Elite I20,kaggle_market,5.56
Chevrolet,Beat,2011,15,57400,Petrol,Manual,second,94050,Chevrolet Beat,kaggle_market,0.94
Honda,City,2011,15,76000,Petrol,Automatic,second,280250,Honda City,kaggle_market,2.8
Volkswagen,Polo,2014,12,75000,Diesel,Manual,second,327750,Volkswagen Polo,kaggle_market,3.28
Tata,Safari,2023,3,41000,Diesel,Manual,first,1610250,Tata Safari,kaggle_market,16.1
Maruti Suzuki,800,2005,21,65000,Petrol,Manual,second,91200,Maruti Suzuki 800,kaggle_market,0.91
Nissan,Terrano,2014,12,90000,Diesel,Manual,first,399000,Nissan Terrano,kaggle_market,3.99
Tata,Indigo Ecs,2013,13,90000,Diesel,Automatic,second,61750,Tata Indigo Ecs,kaggle_market,0.62
Maruti Suzuki,Eeco,2022,4,8500,Petrol,Manual,second,522500,Maruti Suzuki Eeco,kaggle_market,5.22
Mini,Cooper Convertible,2018,8,28000,Petrol,Automatic,second,3894050,Mini Cooper Convertible,kaggle_market,38.94
Maruti Suzuki,Swift,2010,16,95000,Diesel,Manual,second,215650,Maruti Suzuki Swift,kaggle_market,2.16
Bmw,X1,2019,7,60000,Diesel,Automatic,second,2042500,Bmw X1,kaggle_market,20.42
Ford,Fiesta,2008,18,122000,Petrol,Manual,second,142500,Ford Fiesta,kaggle_market,1.42
Hyundai,Santro Xing,2011,15,114032,Petrol,Manual,second,118750,Hyundai Santro Xing,kaggle_market,1.19
Hyundai,Verna,2016,10,65426,Petrol,Automatic,second,541500,Hyundai Verna,kaggle_market,5.42
Honda,City Zx,2022,4,38000,Petrol,Automatic,second,1377500,Honda City Zx,kaggle_market,13.78
Mercedes-Benz,E-Class,2017,9,69000,Diesel,Automatic,first,2921250,Mercedes-Benz E-Class,kaggle_market,29.21
Hyundai,Creta,2019,7,24000,Petrol,Automatic,second,1116250,Hyundai Creta,kaggle_market,11.16
Mahindra,Thar,2023,3,26000,Diesel,Manual,first,1415500,Mahindra Thar,kaggle_market,14.16
Hyundai,Creta,2017,9,54000,Petrol,Automatic,first,893000,Hyundai Creta,kaggle_market,8.93
Hyundai,Fluidic Verna,2018,8,25000,Petrol,Manual,first,798000,Hyundai Fluidic Verna,kaggle_market,7.98
Maruti Suzuki,Wagon-R,2023,3,10000,Petrol,Manual,first,498750,Maruti Suzuki Wagon-R,kaggle_market,4.99
Hyundai,Eon,2017,9,56000,Petrol,Manual,first,263150,Hyundai Eon,kaggle_market,2.63
Maruti Suzuki,Xl6,2019,7,57000,Petrol,Automatic,second,1092500,Maruti Suzuki Xl6,kaggle_market,10.92
Maruti Suzuki,Ciaz,2019,7,24000,Petrol,Automatic,second,812250,Maruti Suzuki Ciaz,kaggle_market,8.12
Renault,Kwid,2017,9,59000,Petrol,Manual,second,332500,Renault Kwid,kaggle_market,3.32
Porsche,Cayenne,2017,9,49650,Petrol,Automatic,second,5557500,Porsche Cayenne,kaggle_market,55.58
Mercedes-Benz,E-Class,2013,13,50000,Diesel,Automatic,second,1035500,Mercedes-Benz E-Class,kaggle_market,10.36
Hyundai,Venue,2019,7,82000,Diesel,Manual,first,973750,Hyundai Venue,kaggle_market,9.74
Hyundai,Verna,2017,9,70000,Diesel,Automatic,first,617500,Hyundai Verna,kaggle_market,6.18
Toyota,Etios,2011,15,39000,Petrol,Manual,first,403750,Toyota Etios,kaggle_market,4.04
Kia,Seltos,2020,6,16800,Petrol,Automatic,first,1463000,Kia Seltos,kaggle_market,14.63
Jaguar,F-Pace,2018,8,57900,Diesel,Automatic,second,3372500,Jaguar F-Pace,kaggle_market,33.72
Mercedes-Benz,E-Class,2017,9,35000,Diesel,Automatic,first,3610000,Mercedes-Benz E-Class,kaggle_market,36.1
Audi,Q3,2016,10,114000,Diesel,Automatic,second,1662500,Audi Q3,kaggle_market,16.62
Hyundai,I10,2010,16,91000,Petrol,Automatic,first,323000,Hyundai I10,kaggle_market,3.23
Hyundai,Creta,2017,9,85000,Petrol,Automatic,first,635550,Hyundai Creta,kaggle_market,6.36
Mercedes-Benz,C-Class,2016,10,47000,Diesel,Automatic,second,1899999,Mercedes-Benz C-Class,kaggle_market,19.0
Tata,Tiago,2017,9,39629,Petrol,Automatic,first,427500,Tata Tiago,kaggle_market,4.28
Audi,Q3,2018,8,56000,Diesel,Automatic,first,3277500,Audi Q3,kaggle_market,32.78
Maruti Suzuki,Wagon-R,2011,15,90000,Petrol,Manual,second,142500,Maruti Suzuki Wagon-R,kaggle_market,1.42
Maruti Suzuki,Vitara-Brezza,2016,10,70000,Diesel,Manual,second,437000,Maruti Suzuki Vitara-Brezza,kaggle_market,4.37
Mahindra,Bolero Neo,2023,3,5500,Diesel,Manual,first,997500,Mahindra Bolero Neo,kaggle_market,9.98
Maruti Suzuki,Maruti-Suzuki-Dzire,2018,8,58000,Petrol,Manual,second,546250,Maruti Suzuki Maruti-Suzuki-Dzire,kaggle_market,5.46
Maruti Suzuki,Baleno,2023,3,40600,Petrol,Manual,first,717250,Maruti Suzuki Baleno,kaggle_market,7.17
Hyundai,Verna,2012,14,198,Petrol,Manual,second,180500,Hyundai Verna,kaggle_market,1.8
Toyota,Corolla Altis,2014,12,70000,Petrol,Automatic,second,560500,Toyota Corolla Altis,kaggle_market,5.6
Audi,A4,2018,8,63000,Petrol,Automatic,second,2232500,Audi A4,kaggle_market,22.32
Honda,City,2012,14,52000,Petrol,Manual,second,270750,Honda City,kaggle_market,2.71
Tata,Sumo Victa,2013,13,85000,Diesel,Manual,second,151050,Tata Sumo Victa,kaggle_market,1.51
Toyota,Innova,2013,13,120000,Diesel,Manual,first,997500,Toyota Innova,kaggle_market,9.98
Honda,City,2018,8,38000,Petrol,Manual,first,693500,Honda City,kaggle_market,6.94
Mercedes-Benz,C-Class,2015,11,90000,Diesel,Automatic,second,1415500,Mercedes-Benz C-Class,kaggle_market,14.16
Renault,Triber,2020,6,42000,Petrol,Manual,first,498750,Renault Triber,kaggle_market,4.99
Tata,Indica Ev2,2015,11,13527,Diesel,Manual,second,95000,Tata Indica Ev2,kaggle_market,0.95
Mercedes-Benz,Glc Class,2021,5,15650,Petrol,Automatic,first,4845000,Mercedes-Benz Glc Class,kaggle_market,48.45
Ford,Figo,2012,14,149500,Diesel,Manual,second,161500,Ford Figo,kaggle_market,1.62
Hyundai,Xcent,2014,12,90000,Diesel,Manual,second,422750,Hyundai Xcent,kaggle_market,4.23
Kia,Carnival,2020,6,60000,Diesel,Manual,first,3087500,Kia Carnival,kaggle_market,30.88
Bmw,X1,2012,14,33000,Diesel,Automatic,first,427500,Bmw X1,kaggle_market,4.28
Fiat,Grand Punto,2010,16,65000,Diesel,Manual,first,166250,Fiat Grand Punto,kaggle_market,1.66
Hyundai,I20,2009,17,68000,Petrol,Manual,second,209950,Hyundai I20,kaggle_market,2.1
Audi,A6,2012,14,48000,Diesel,Automatic,first,893950,Audi A6,kaggle_market,8.94
Maruti Suzuki,Swift,2019,7,70000,Petrol,Automatic,first,641250,Maruti Suzuki Swift,kaggle_market,6.41
Hyundai,Verna,2020,6,50400,Petrol,Manual,second,916750,Hyundai Verna,kaggle_market,9.17
Toyota,Innova,2015,11,93200,Diesel,Manual,first,816999,Toyota Innova,kaggle_market,8.17
Honda,Jazz,2016,10,44000,Petrol,Manual,second,465500,Honda Jazz,kaggle_market,4.66
Mercedes-Benz,S-Class,2007,19,77000,Petrol,Automatic,second,664999,Mercedes-Benz S-Class,kaggle_market,6.65
Maruti Suzuki,Baleno,2018,8,68000,Diesel,Manual,first,465500,Maruti Suzuki Baleno,kaggle_market,4.66
Volkswagen,Polo,2016,10,115000,Diesel,Manual,first,608000,Volkswagen Polo,kaggle_market,6.08
Maruti Suzuki,Ritz,2010,16,152000,Petrol,Manual,first,152000,Maruti Suzuki Ritz,kaggle_market,1.52
Hyundai,Eon,2012,14,50400,Petrol,Manual,first,156750,Hyundai Eon,kaggle_market,1.57
Bmw,5 Series,2013,13,60000,Diesel,Automatic,second,1325250,Bmw 5 Series,kaggle_market,13.25
Toyota,Fortuner,2017,9,112000,Diesel,Automatic,first,2802500,Toyota Fortuner,kaggle_market,28.02
Renault,Lodgy,2015,11,70000,Diesel,Manual,first,498750,Renault Lodgy,kaggle_market,4.99
Honda,Jazz,2016,10,34000,Petrol,Manual,first,403750,Honda Jazz,kaggle_market,4.04
Mercedes-Benz,Gls,2018,8,59950,Diesel,Automatic,first,5900450,Mercedes-Benz Gls,kaggle_market,59.0
Volvo,S60,2016,10,115000,Diesel,Automatic,first,1700500,Volvo S60,kaggle_market,17.0
Audi,A6,2014,12,99000,Diesel,Automatic,first,806550,Audi A6,kaggle_market,8.07
Bmw,5 Series,2014,12,70000,Diesel,Automatic,second,1472500,Bmw 5 Series,kaggle_market,14.72
Maruti Suzuki,Alto-K10,2011,15,71500,Petrol,Automatic,second,166250,Maruti Suzuki Alto-K10,kaggle_market,1.66
Hyundai,Aura,2021,5,38000,Petrol,Manual,second,460750,Hyundai Aura,kaggle_market,4.61
Datsun,Go,2019,7,34000,Petrol,Manual,first,285000,Datsun Go,kaggle_market,2.85
Bmw,X1,2016,10,69000,Diesel,Automatic,second,1448855,Bmw X1,kaggle_market,14.49
Honda,Wrv,2018,8,85000,Diesel,Manual,second,570000,Honda Wrv,kaggle_market,5.7
Honda,Civic,2007,19,10645,Petrol,Manual,second,171000,Honda Civic,kaggle_market,1.71
Mahindra,Xuv700,2022,4,31000,Petrol,Automatic,first,1610250,Mahindra Xuv700,kaggle_market,16.1
Maruti Suzuki,Esteem,2001,25,87000,Petrol,Manual,second,68400,Maruti Suzuki Esteem,kaggle_market,0.68
Ford,Figo,2015,11,120000,Diesel,Manual,second,304000,Ford Figo,kaggle_market,3.04
Maruti Suzuki,Swift,2020,6,33000,Petrol,Manual,first,593750,Maruti Suzuki Swift,kaggle_market,5.94
Mahindra,Thar,2020,6,45000,Diesel,Automatic,second,1311000,Mahindra Thar,kaggle_market,13.11
Fiat,Punto,2010,16,117500,Diesel,Manual,second,142405,Fiat Punto,kaggle_market,1.42
Mahindra,Xuv500,2015,11,17000,Diesel,Manual,second,712500,Mahindra Xuv500,kaggle_market,7.12
Honda,City,2016,10,37000,Petrol,Automatic,first,655500,Honda City,kaggle_market,6.56
Toyota,Innova Crysta,2021,5,72000,Diesel,Manual,first,2498500,Toyota Innova Crysta,kaggle_market,24.98
Toyota,Etios,2017,9,115,Diesel,Manual,second,403750,Toyota Etios,kaggle_market,4.04
Maruti Suzuki,Wagon R,2022,4,12000,Petrol,Manual,first,522500,Maruti Suzuki Wagon R,kaggle_market,5.22
Mercedes-Benz,C-Class,2011,15,64321,Diesel,Automatic,second,926250,Mercedes-Benz C-Class,kaggle_market,9.26
Kia,Seltos,2022,4,30000,Petrol,Automatic,first,1258750,Kia Seltos,kaggle_market,12.59
Mercedes-Benz,Cla,2019,7,63000,Diesel,Automatic,second,2042500,Mercedes-Benz Cla,kaggle_market,20.42
Hyundai,I20,2012,14,78695,Diesel,Manual,second,270750,Hyundai I20,kaggle_market,2.71
Hyundai,I20,2013,13,85000,Diesel,Manual,second,313500,Hyundai I20,kaggle_market,3.14
Kia,Seltos,2020,6,35231,Petrol,Manual,first,806646,Kia Seltos,kaggle_market,8.07
Bmw,5 Series,2013,13,68000,Diesel,Automatic,second,1448855,Bmw 5 Series,kaggle_market,14.49
Honda,Jazz,2018,8,59000,Petrol,Automatic,second,589000,Honda Jazz,kaggle_market,5.89
Audi,A6,2012,14,72000,Diesel,Automatic,first,926250,Audi A6,kaggle_market,9.26
Land Rover,Range Rover Evoque,2013,13,69000,Diesel,Automatic,second,2280000,Land Rover Range Rover Evoque,kaggle_market,22.8
Hyundai,Verna,2018,8,57000,Petrol,Automatic,first,808450,Hyundai Verna,kaggle_market,8.08
Volkswagen,Polo,2022,4,27000,Petrol,Manual,second,806550,Volkswagen Polo,kaggle_market,8.07
Honda,City,2014,12,70000,Petrol,Automatic,second,498750,Honda City,kaggle_market,4.99
Hyundai,Creta,2017,9,67000,Diesel,Automatic,first,854999,Hyundai Creta,kaggle_market,8.55
Hyundai,I20,2017,9,125000,Diesel,Manual,second,578550,Hyundai I20,kaggle_market,5.79
Toyota,Innova Crysta,2019,7,68000,Diesel,Automatic,second,1657750,Toyota Innova Crysta,kaggle_market,16.58
Tata,Safari Storme,2017,9,77000,Diesel,Manual,first,688750,Tata Safari Storme,kaggle_market,6.89
Skoda,Fabia,2011,15,95000,Petrol,Manual,first,166250,Skoda Fabia,kaggle_market,1.66
Toyota,Innova,2012,14,70000,Diesel,Manual,first,712500,Toyota Innova,kaggle_market,7.12
Mahindra,Xylo,2018,8,42000,Diesel,Manual,second,826500,Mahindra Xylo,kaggle_market,8.26
Renault,Duster,2019,7,51000,Petrol,Automatic,second,522500,Renault Duster,kaggle_market,5.22
Toyota,Innova Crysta,2022,4,6100,Diesel,Manual,first,2085250,Toyota Innova Crysta,kaggle_market,20.85
Kia,Seltos,2019,7,19000,Petrol,Manual,first,1111500,Kia Seltos,kaggle_market,11.12
Renault,Kwid,2019,7,89000,Petrol,Manual,first,251750,Renault Kwid,kaggle_market,2.52
Fiat,Linea,2014,12,154000,Petrol,Manual,second,251750,Fiat Linea,kaggle_market,2.52
Mahindra,Xuv500,2017,9,125000,Diesel,Automatic,first,1045000,Mahindra Xuv500,kaggle_market,10.45
Maruti Suzuki,A-Star,2010,16,78000,Petrol,Manual,second,223249,Maruti Suzuki A-Star,kaggle_market,2.23
Hyundai,Santro,2020,6,32000,Petrol,Automatic,second,437000,Hyundai Santro,kaggle_market,4.37
Maruti Suzuki,Alto-800,2013,13,80000,Petrol,Manual,second,128250,Maruti Suzuki Alto-800,kaggle_market,1.28
Toyota,Fortuner,2014,12,70000,Diesel,Automatic,first,1800250,Toyota Fortuner,kaggle_market,18.0
Mercedes-Benz,E-Class,2019,7,40000,Diesel,Automatic,first,5225000,Mercedes-Benz E-Class,kaggle_market,52.25
Mahindra,Scorpio Classic,2019,7,97000,Diesel,Manual,first,1235000,Mahindra Scorpio Classic,kaggle_market,12.35
Honda,Jazz,2018,8,32000,Petrol,Manual,first,441750,Honda Jazz,kaggle_market,4.42
Mercedes-Benz,Glc,2019,7,39000,Diesel,Automatic,second,3562500,Mercedes-Benz Glc,kaggle_market,35.62
Maruti Suzuki,Vitara-Brezza,2019,7,105919,Diesel,Manual,first,845500,Maruti Suzuki Vitara-Brezza,kaggle_market,8.46
Maruti Suzuki,Ritz,2015,11,64000,Petrol,Manual,second,280250,Maruti Suzuki Ritz,kaggle_market,2.8
Maruti Suzuki,Celerio,2019,7,82000,Petrol,Automatic,first,465500,Maruti Suzuki Celerio,kaggle_market,4.66
Skoda,Rapid,2021,5,40000,Petrol,Automatic,second,855000,Skoda Rapid,kaggle_market,8.55
Maruti Suzuki,Wagon-R,2016,10,39000,Petrol,Automatic,second,422750,Maruti Suzuki Wagon-R,kaggle_market,4.23
Hyundai,Verna,2018,8,90000,Diesel,Manual,first,949050,Hyundai Verna,kaggle_market,9.49
Maruti Suzuki,Fronx,2024,2,4500,Petrol,Automatic,first,807500,Maruti Suzuki Fronx,kaggle_market,8.07
Kia,Seltos,2023,3,10000,Diesel,Automatic,first,1928500,Kia Seltos,kaggle_market,19.28
Toyota,Fortuner,2021,5,40000,Diesel,Automatic,first,3847500,Toyota Fortuner,kaggle_market,38.48
Nissan,Sunny,2012,14,114000,Diesel,Manual,second,318250,Nissan Sunny,kaggle_market,3.18
Tata,Nexon,2020,6,30500,Petrol,Automatic,second,855000,Tata Nexon,kaggle_market,8.55
Maruti Suzuki,Swift,2016,10,63653,Diesel,Manual,second,584250,Maruti Suzuki Swift,kaggle_market,5.84
Volkswagen,Polo,2016,10,67500,Petrol,Automatic,second,561450,Volkswagen Polo,kaggle_market,5.61
Hyundai,I20,2021,5,14000,Petrol,Automatic,first,755250,Hyundai I20,kaggle_market,7.55
Hyundai,I20,2018,8,63000,Petrol,Manual,first,565250,Hyundai I20,kaggle_market,5.65
Mini,Cooper 3 Door,2021,5,19500,Petrol,Automatic,first,4940000,Mini Cooper 3 Door,kaggle_market,49.4
Mahindra,Tuv,2015,11,58000,Diesel,Manual,first,437000,Mahindra Tuv,kaggle_market,4.37
Mahindra,Xuv700,2022,4,79000,Diesel,Automatic,first,2232500,Mahindra Xuv700,kaggle_market,22.32
Audi,Q3,2014,12,92000,Diesel,Automatic,second,755250,Audi Q3,kaggle_market,7.55
Maruti Suzuki,Baleno,2016,10,55000,Petrol,Automatic,second,422750,Maruti Suzuki Baleno,kaggle_market,4.23
Bmw,5 Series,2017,9,95000,Diesel,Automatic,first,1985500,Bmw 5 Series,kaggle_market,19.86
Hyundai,I10,2008,18,70000,Petrol,Automatic,second,104500,Hyundai I10,kaggle_market,1.04
Tata,Harrier,2020,6,46000,Diesel,Automatic,second,1648250,Tata Harrier,kaggle_market,16.48
Hyundai,Creta,2019,7,94000,Diesel,Automatic,first,998450,Hyundai Creta,kaggle_market,9.98
Honda,City,2017,9,70000,Petrol,Automatic,first,783750,Honda City,kaggle_market,7.84
Hyundai,Venue,2021,5,50000,Diesel,Manual,first,831250,Hyundai Venue,kaggle_market,8.31
Datsun,Go,2019,7,70000,Petrol,Automatic,second,180500,Datsun Go,kaggle_market,1.8
Hyundai,Creta,2021,5,85000,Diesel,Manual,first,1159950,Hyundai Creta,kaggle_market,11.6
Hyundai,Grand I10 Nios,2020,6,27500,Petrol,Manual,second,513000,Hyundai Grand I10 Nios,kaggle_market,5.13
Tata,Harrier,2020,6,85000,Diesel,Automatic,second,1420250,Tata Harrier,kaggle_market,14.2
Honda,Accord,2012,14,45000,Petrol,Manual,first,403750,Honda Accord,kaggle_market,4.04
Maruti Suzuki,Ciaz,2015,11,76222,Diesel,Manual,first,541500,Maruti Suzuki Ciaz,kaggle_market,5.42
Honda,City,2016,10,85000,Petrol,Automatic,second,617499,Honda City,kaggle_market,6.17
Honda,Civic,2010,16,86000,Petrol,Automatic,second,226100,Honda Civic,kaggle_market,2.26
Maruti Suzuki,Alto-K10,2018,8,64000,Petrol,Automatic,first,313500,Maruti Suzuki Alto-K10,kaggle_market,3.14
Maruti Suzuki,Ritz,2011,15,110067,Diesel,Manual,first,180500,Maruti Suzuki Ritz,kaggle_market,1.8
Hyundai,Verna,2014,12,73000,Petrol,Manual,second,441750,Hyundai Verna,kaggle_market,4.42
Mahindra,Bolero,2016,10,113000,Diesel,Manual,second,702050,Mahindra Bolero,kaggle_market,7.02
Hyundai,Creta,2021,5,29997,Petrol,Manual,first,1235000,Hyundai Creta,kaggle_market,12.35
Maruti Suzuki,Swift-Dzire,2014,12,43000,Petrol,Automatic,second,375250,Maruti Suzuki Swift-Dzire,kaggle_market,3.75
Maruti Suzuki,Ciaz,2019,7,51000,Petrol,Automatic,second,688750,Maruti Suzuki Ciaz,kaggle_market,6.89
Toyota,Fortuner,2018,8,67000,Diesel,Manual,second,2731250,Toyota Fortuner,kaggle_market,27.31
Maruti Suzuki,Swift,2018,8,32321,Petrol,Manual,first,464646,Maruti Suzuki Swift,kaggle_market,4.65
Maruti Suzuki,Baleno,2022,4,30000,Petrol,Manual,first,783750,Maruti Suzuki Baleno,kaggle_market,7.84
Maruti Suzuki,Wagon-R,2007,19,75000,Petrol,Manual,second,128250,Maruti Suzuki Wagon-R,kaggle_market,1.28
Toyota,Fortuner,2014,12,159000,Diesel,Automatic,second,1282500,Toyota Fortuner,kaggle_market,12.82
Honda,City,2009,17,110000,Petrol,Automatic,second,356250,Honda City,kaggle_market,3.56
Volkswagen,Polo,2014,12,92100,Petrol,Automatic,first,498750,Volkswagen Polo,kaggle_market,4.99
Hyundai,Venue,2023,3,12000,Petrol,Automatic,first,1135250,Hyundai Venue,kaggle_market,11.35
Mahindra,Bolero,2011,15,127000,Diesel,Manual,second,498750,Mahindra Bolero,kaggle_market,4.99
Maruti Suzuki,Maruti-Suzuki-Dzire,2016,10,54615,Petrol,Manual,first,451250,Maruti Suzuki Maruti-Suzuki-Dzire,kaggle_market,4.51
Maruti Suzuki,Wagon-R,2009,17,62000,Petrol,Manual,second,118750,Maruti Suzuki Wagon-R,kaggle_market,1.19
Honda,City,2017,9,67555,Petrol,Automatic,first,660250,Honda City,kaggle_market,6.6
Mg,Hector Plus,2022,4,11001,Petrol,Automatic,first,1757501,Mg Hector Plus,kaggle_market,17.58
Hyundai,Creta,2019,7,47000,Diesel,Automatic,first,931000,Hyundai Creta,kaggle_market,9.31
Maruti Suzuki,Swift,2015,11,48000,Diesel,Manual,first,332500,Maruti Suzuki Swift,kaggle_market,3.32
Hyundai,Creta,2016,10,65000,Petrol,Manual,second,831250,Hyundai Creta,kaggle_market,8.31
Bmw,5 Series Gt,2009,17,123000,Diesel,Automatic,first,1040250,Bmw 5 Series Gt,kaggle_market,10.4
Ford,Figo,2011,15,122361,Diesel,Manual,second,228000,Ford Figo,kaggle_market,2.28
Mahindra,Scorpio,2020,6,74000,Diesel,Manual,first,1258750,Mahindra Scorpio,kaggle_market,12.59
Toyota,Innova Crysta,2017,9,86100,Diesel,Automatic,first,1520000,Toyota Innova Crysta,kaggle_market,15.2
Skoda,Rapid,2018,8,104000,Petrol,Automatic,first,783750,Skoda Rapid,kaggle_market,7.84
Maruti Suzuki,Alto-K10,2016,10,38000,Petrol,Automatic,second,318250,Maruti Suzuki Alto-K10,kaggle_market,3.18
Hyundai,Grand I10,2016,10,26000,Petrol,Automatic,second,380000,Hyundai Grand I10,kaggle_market,3.8
Toyota,Fortuner,2018,8,70000,Diesel,Automatic,first,2850000,Toyota Fortuner,kaggle_market,28.5
Hyundai,Elantra,2015,11,65000,Diesel,Automatic,first,522500,Hyundai Elantra,kaggle_market,5.22
Toyota,Corolla Altis,2011,15,52000,Petrol,Manual,second,261250,Toyota Corolla Altis,kaggle_market,2.61
Maruti Suzuki,Eeco,2022,4,26080,Petrol,Manual,first,541500,Maruti Suzuki Eeco,kaggle_market,5.42
Hyundai,Grand I10 Nios,2020,6,35000,Petrol,Automatic,second,593750,Hyundai Grand I10 Nios,kaggle_market,5.94
Maruti Suzuki,Vitara-Brezza,2018,8,183000,Diesel,Manual,first,808450,Maruti Suzuki Vitara-Brezza,kaggle_market,8.08
Jeep,Compass,2017,9,59000,Diesel,Manual,second,997500,Jeep Compass,kaggle_market,9.98
Toyota,Etios,2018,8,80000,Diesel,Manual,first,546250,Toyota Etios,kaggle_market,5.46
Jeep,Compass,2019,7,65000,Diesel,Manual,first,1376550,Jeep Compass,kaggle_market,13.77
Maruti Suzuki,Ertiga,2017,9,92000,Diesel,Manual,first,888250,Maruti Suzuki Ertiga,kaggle_market,8.88
Mercedes-Benz,Gla Class,2019,7,50000,Petrol,Automatic,second,2360750,Mercedes-Benz Gla Class,kaggle_market,23.61
Tata,Venture,2013,13,100000,Diesel,Manual,second,171000,Tata Venture,kaggle_market,1.71
Ford,Aspire,2018,8,47000,Diesel,Manual,first,437000,Ford Aspire,kaggle_market,4.37
Mahindra,Xuv500,2016,10,100000,Diesel,Manual,first,855000,Mahindra Xuv500,kaggle_market,8.55
Mercedes-Benz,Gla,2016,10,41000,Diesel,Automatic,second,2113750,Mercedes-Benz Gla,kaggle_market,21.14
Tata,Harrier,2022,4,21000,Diesel,Manual,first,1662500,Tata Harrier,kaggle_market,16.62
Hyundai,Verna,2012,14,83000,Petrol,Manual,second,270750,Hyundai Verna,kaggle_market,2.71
Honda,City,2022,4,13000,Petrol,Automatic,first,1116250,Honda City,kaggle_market,11.16
Toyota,Corolla,2004,22,76000,Petrol,Automatic,second,137750,Toyota Corolla,kaggle_market,1.38
Hyundai,Grand I10,2019,7,69000,Diesel,Manual,first,470250,Hyundai Grand I10,kaggle_market,4.7
Mercedes-Benz,C-Class,2012,14,76000,Petrol,Automatic,first,1068750,Mercedes-Benz C-Class,kaggle_market,10.69
Maruti Suzuki,Baleno,2019,7,65000,Petrol,Manual,first,546250,Maruti Suzuki Baleno,kaggle_market,5.46
Mini,Cooper Countryman,2015,11,76000,Diesel,Automatic,second,1757500,Mini Cooper Countryman,kaggle_market,17.58
Renault,Triber,2021,5,25152,Petrol,Manual,first,584250,Renault Triber,kaggle_market,5.84
Maruti Suzuki,Swift-Dzire,2017,9,110000,Diesel,Manual,first,674500,Maruti Suzuki Swift-Dzire,kaggle_market,6.74
Maruti Suzuki,Zen-Estilo,2010,16,25370,Petrol,Manual,first,137750,Maruti Suzuki Zen-Estilo,kaggle_market,1.38
Renault,Kwid,2017,9,100000,Petrol,Manual,second,180500,Renault Kwid,kaggle_market,1.8
Mahindra,Scorpio,2023,3,79000,Diesel,Manual,first,1605500,Mahindra Scorpio,kaggle_market,16.06
Maruti Suzuki,Swift-Dzire,2009,17,125000,Diesel,Manual,first,199500,Maruti Suzuki Swift-Dzire,kaggle_market,2.0
Kia,Carens,2024,2,2700,Petrol,Automatic,first,1662500,Kia Carens,kaggle_market,16.62
Hyundai,Creta,2016,10,71000,Diesel,Manual,first,565249,Hyundai Creta,kaggle_market,5.65
Mahindra,Xuv500,2016,10,115000,Diesel,Manual,second,641250,Mahindra Xuv500,kaggle_market,6.41
Bmw,5 Series,2013,13,67000,Diesel,Automatic,second,1225500,Bmw 5 Series,kaggle_market,12.26
Kia,Seltos,2021,5,70000,Diesel,Manual,first,1092500,Kia Seltos,kaggle_market,10.92
Mercedes-Benz,Cla,2016,10,58400,Diesel,Automatic,second,1445900,Mercedes-Benz Cla,kaggle_market,14.46
Toyota,Urban Cruiser,2022,4,11000,Petrol,Automatic,first,902500,Toyota Urban Cruiser,kaggle_market,9.02
Mahindra,Scorpio,2016,10,90000,Diesel,Manual,first,997500,Mahindra Scorpio,kaggle_market,9.98
Mahindra,Xylo,2015,11,78000,Diesel,Manual,second,251750,Mahindra Xylo,kaggle_market,2.52
Mahindra,Scorpio,2013,13,108000,Diesel,Manual,first,617500,Mahindra Scorpio,kaggle_market,6.18
Hyundai,Alcazar,1999,27,16000,Petrol,Manual,first,1515250,Hyundai Alcazar,kaggle_market,15.15
Chevrolet,Cruze,2015,11,57000,Diesel,Automatic,first,498750,Chevrolet Cruze,kaggle_market,4.99
Mahindra,Xuv500,2017,9,85000,Diesel,Automatic,second,731500,Mahindra Xuv500,kaggle_market,7.32
Maruti Suzuki,Vitara-Brezza,2018,8,90000,Diesel,Manual,second,451250,Maruti Suzuki Vitara-Brezza,kaggle_market,4.51
Honda,Brio,2017,9,42000,Petrol,Automatic,second,413250,Honda Brio,kaggle_market,4.13
Skoda,Kushaq,2023,3,16000,Petrol,Manual,second,1187500,Skoda Kushaq,kaggle_market,11.88
Hyundai,Creta,2022,4,27000,Petrol,Automatic,second,1353750,Hyundai Creta,kaggle_market,13.54
Porsche,Cayenne,2014,12,70000,Petrol,Automatic,second,6175000,Porsche Cayenne,kaggle_market,61.75
Honda,City,2012,14,80000,Petrol,Manual,second,342950,Honda City,kaggle_market,3.43
Mahindra,Scorpio N,2022,4,18900,Petrol,Automatic,first,1866750,Mahindra Scorpio N,kaggle_market,18.67
Hyundai,Alcazar,2023,3,16000,Diesel,Automatic,first,2137500,Hyundai Alcazar,kaggle_market,21.38
Maruti Suzuki,Swift-Dzire,2015,11,51700,Petrol,Manual,second,422750,Maruti Suzuki Swift-Dzire,kaggle_market,4.23
Jeep,Compass,2021,5,14000,Diesel,Automatic,first,2422500,Jeep Compass,kaggle_market,24.22
Maruti Suzuki,Maruti-Suzuki-Dzire,2014,12,90000,Diesel,Manual,first,560500,Maruti Suzuki Maruti-Suzuki-Dzire,kaggle_market,5.6
Ford,Figo,2011,15,78000,Diesel,Manual,second,147250,Ford Figo,kaggle_market,1.47
Mahindra,Tuv,2018,8,80000,Diesel,Manual,first,598500,Mahindra Tuv,kaggle_market,5.98
Maruti Suzuki,Swift,2019,7,26000,Petrol,Automatic,first,646000,Maruti Suzuki Swift,kaggle_market,6.46
Maruti Suzuki,Vitara-Brezza,2018,8,61000,Diesel,Manual,second,612750,Maruti Suzuki Vitara-Brezza,kaggle_market,6.13
Toyota,Fortuner,2014,12,75000,Diesel,Automatic,second,1045000,Toyota Fortuner,kaggle_market,10.45
Renault,Duster,2020,6,72000,Petrol,Automatic,first,769500,Renault Duster,kaggle_market,7.7
Kia,Seltos,2020,6,50693,Petrol,Automatic,first,1325250,Kia Seltos,kaggle_market,13.25
Kia,Sonet,2020,6,72000,Diesel,Manual,first,807500,Kia Sonet,kaggle_market,8.07
Maruti Suzuki,Swift-Dzire,2018,8,52000,Petrol,Manual,first,451250,Maruti Suzuki Swift-Dzire,kaggle_market,4.51
Maruti Suzuki,Vitara-Brezza,2017,9,94000,Diesel,Manual,second,673075,Maruti Suzuki Vitara-Brezza,kaggle_market,6.73
Toyota,Innova,2015,11,250000,Diesel,Manual,second,672397,Toyota Innova,kaggle_market,6.72
Mahindra,Scorpio,2018,8,80000,Diesel,Manual,first,1420250,Mahindra Scorpio,kaggle_market,14.2
Hyundai,Creta,2020,6,44000,Petrol,Automatic,first,1458250,Hyundai Creta,kaggle_market,14.58
Skoda,Rapid,2015,11,151000,Diesel,Automatic,second,475000,Skoda Rapid,kaggle_market,4.75
Tata,Hexa,2018,8,85000,Diesel,Automatic,second,736250,Tata Hexa,kaggle_market,7.36
Lexus,Ls,2011,15,45000,Petrol,Automatic,second,2470000,Lexus Ls,kaggle_market,24.7
Renault,Kiger,2022,4,49000,Petrol,Automatic,first,608000,Renault Kiger,kaggle_market,6.08
Hyundai,I20,2013,13,35000,Petrol,Manual,second,223250,Hyundai I20,kaggle_market,2.23
Fiat,Punto,2018,8,80000,Diesel,Manual,first,484500,Fiat Punto,kaggle_market,4.84
Kia,Seltos,2022,4,62000,Petrol,Manual,first,1377500,Kia Seltos,kaggle_market,13.78
Mg,Hector,2021,5,20530,Petrol,Automatic,first,1507650,Mg Hector,kaggle_market,15.08
Honda,Jazz,2017,9,65000,Diesel,Manual,second,332500,Honda Jazz,kaggle_market,3.32
Skoda,Octavia,2005,21,173500,Diesel,Manual,first,475000,Skoda Octavia,kaggle_market,4.75
Hyundai,Grand I10 Nios,2021,5,7200,Petrol,Automatic,second,688750,Hyundai Grand I10 Nios,kaggle_market,6.89
Hyundai,Creta Facelift,2021,5,119267,Diesel,Manual,first,997500,Hyundai Creta Facelift,kaggle_market,9.98
Maruti Suzuki,Sx4,2009,17,92000,Petrol,Automatic,second,125400,Maruti Suzuki Sx4,kaggle_market,1.25
Ford,Endeavour,2021,5,55000,Diesel,Automatic,first,2849050,Ford Endeavour,kaggle_market,28.49
Honda,Civic,2006,20,43519,Petrol,Automatic,first,223250,Honda Civic,kaggle_market,2.23
Volkswagen,Polo,2014,12,78000,Petrol,Manual,first,302100,Volkswagen Polo,kaggle_market,3.02
Hyundai,Fluidic Verna,2019,7,54000,Petrol,Manual,second,608000,Hyundai Fluidic Verna,kaggle_market,6.08
Hyundai,I10,2012,14,80444,Petrol,Automatic,first,308750,Hyundai I10,kaggle_market,3.09
Maruti Suzuki,Swift,2017,9,55000,Petrol,Manual,first,541500,Maruti Suzuki Swift,kaggle_market,5.42
Mahindra,Xuv300,2019,7,41000,Petrol,Manual,first,783750,Mahindra Xuv300,kaggle_market,7.84
Maruti Suzuki,Celerio,2015,11,28120,Petrol,Manual,first,380000,Maruti Suzuki Celerio,kaggle_market,3.8
Tata,Nexon,2022,4,13000,Petrol,Manual,first,1187500,Tata Nexon,kaggle_market,11.88
Maruti Suzuki,Swift-Dzire,2014,12,70000,Petrol,Manual,second,308750,Maruti Suzuki Swift-Dzire,kaggle_market,3.09
Audi,Q3,2017,9,65000,Diesel,Automatic,first,1496250,Audi Q3,kaggle_market,14.96
Nissan,Terrano,2015,11,95000,Diesel,Manual,first,475000,Nissan Terrano,kaggle_market,4.75
Ford,Mustang,2019,7,30000,Petrol,Automatic,second,7505000,Ford Mustang,kaggle_market,75.05
Mercedes-Benz,Gle Coupe,2019,7,30000,Petrol,Automatic,first,7600000,Mercedes-Benz Gle Coupe,kaggle_market,76.0
Toyota,Innova Crysta,2017,9,125888,Diesel,Manual,first,1211250,Toyota Innova Crysta,kaggle_market,12.11
Mercedes-Benz,Cla,2015,11,55000,Diesel,Automatic,first,1445055,Mercedes-Benz Cla,kaggle_market,14.45
Mahindra,Xuv500,2012,14,115000,Diesel,Manual,second,403750,Mahindra Xuv500,kaggle_market,4.04
Mini,Cooper S,2023,3,9500,Petrol,Automatic,first,4702500,Mini Cooper S,kaggle_market,47.02
Maruti Suzuki,Swift,2010,16,99860,Diesel,Manual,second,232750,Maruti Suzuki Swift,kaggle_market,2.33
Kia,Carnival,2020,6,45000,Diesel,Automatic,second,2422500,Kia Carnival,kaggle_market,24.22
Hyundai,Elantra,2015,11,78000,Diesel,Automatic,first,641250,Hyundai Elantra,kaggle_market,6.41
Mahindra,Xuv500,2019,7,44000,Diesel,Manual,first,1068750,Mahindra Xuv500,kaggle_market,10.69
Maruti Suzuki,Ertiga,2022,4,27000,Petrol,Manual,second,1016500,Maruti Suzuki Ertiga,kaggle_market,10.16
Maruti Suzuki,Vitara-Brezza,2019,7,71000,Diesel,Automatic,first,945250,Maruti Suzuki Vitara-Brezza,kaggle_market,9.45
Mahindra,Thar,2022,4,27000,Diesel,Automatic,first,1472500,Mahindra Thar,kaggle_market,14.72
Tata,Safari Storme,2015,11,93000,Diesel,Manual,second,527777,Tata Safari Storme,kaggle_market,5.28
Maruti Suzuki,Wagon-R,2008,18,42000,Petrol,Manual,second,95000,Maruti Suzuki Wagon-R,kaggle_market,0.95
Mahindra,Xylo,2013,13,55000,Diesel,Automatic,second,270750,Mahindra Xylo,kaggle_market,2.71
Chevrolet,Spark,2009,17,89566,Petrol,Manual,first,94050,Chevrolet Spark,kaggle_market,0.94
Maruti Suzuki,Celerio,2019,7,37710,Petrol,Automatic,first,513000,Maruti Suzuki Celerio,kaggle_market,5.13
Tata,Nano,2014,12,35000,Petrol,Manual,second,104500,Tata Nano,kaggle_market,1.04
Renault,Duster,2013,13,95000,Diesel,Manual,first,275500,Renault Duster,kaggle_market,2.76
Mahindra,Thar,2021,5,20000,Petrol,Automatic,second,1353750,Mahindra Thar,kaggle_market,13.54
Renault,Kwid,2017,9,55000,Petrol,Automatic,second,346750,Renault Kwid,kaggle_market,3.47
Renault,Kwid,2019,7,94000,Petrol,Automatic,first,370500,Renault Kwid,kaggle_market,3.7
Hyundai,Venue,2023,3,7500,Petrol,Automatic,first,1282500,Hyundai Venue,kaggle_market,12.82
Mg,Hector,2021,5,61000,Petrol,Automatic,first,940500,Mg Hector,kaggle_market,9.4
Hyundai,I20,2012,14,82000,Diesel,Manual,second,185250,Hyundai I20,kaggle_market,1.85
Renault,Triber,2021,5,80000,Petrol,Manual,first,527250,Renault Triber,kaggle_market,5.27
Chevrolet,Cruze,2013,13,75000,Diesel,Automatic,second,612750,Chevrolet Cruze,kaggle_market,6.13
Volkswagen,Tiguan All Space,2023,3,25000,Petrol,Automatic,first,3040000,Volkswagen Tiguan All Space,kaggle_market,30.4
Volkswagen,Polo,2016,10,78000,Petrol,Automatic,first,517750,Volkswagen Polo,kaggle_market,5.18
Mahindra,Bolero,2022,4,30800,Diesel,Manual,first,807500,Mahindra Bolero,kaggle_market,8.07
Maruti Suzuki,Grand Vitara,2023,3,50000,Petrol,Automatic,first,1852500,Maruti Suzuki Grand Vitara,kaggle_market,18.52
Lexus,Es,2022,4,24000,Petrol,Automatic,first,5700000,Lexus Es,kaggle_market,57.0
Hyundai,I20,2022,4,63110,Diesel,Manual,first,755250,Hyundai I20,kaggle_market,7.55
Maruti Suzuki,Vitara-Brezza,2017,9,93000,Diesel,Manual,first,427500,Maruti Suzuki Vitara-Brezza,kaggle_market,4.28
Honda,City,2021,5,38000,Petrol,Automatic,first,1139050,Honda City,kaggle_market,11.39
Nissan,Micra,2017,9,18000,Petrol,Manual,first,228000,Nissan Micra,kaggle_market,2.28
Tata,Tiago,2019,7,49000,Petrol,Automatic,first,470250,Tata Tiago,kaggle_market,4.7
Honda,City,2015,11,78000,Petrol,Manual,first,437000,Honda City,kaggle_market,4.37
Mercedes-Benz,Gle,2018,8,70000,Diesel,Automatic,first,3133100,Mercedes-Benz Gle,kaggle_market,31.33
Toyota,Innova Crysta,2018,8,68500,Diesel,Automatic,first,1448750,Toyota Innova Crysta,kaggle_market,14.49
Volkswagen,Polo,2014,12,96000,Diesel,Manual,second,389500,Volkswagen Polo,kaggle_market,3.9
Toyota,Innova Crysta,2017,9,115000,Diesel,Manual,first,1378450,Toyota Innova Crysta,kaggle_market,13.78
Maruti Suzuki,Swift-Dzire,2014,12,93000,Diesel,Manual,second,494950,Maruti Suzuki Swift-Dzire,kaggle_market,4.95
Toyota,Camry,2015,11,96000,Petrol,Automatic,second,1282500,Toyota Camry,kaggle_market,12.82
Mitsubishi,Pajero Sport,2017,9,125000,Diesel,Automatic,second,1044050,Mitsubishi Pajero Sport,kaggle_market,10.44
Honda,City,2017,9,81000,Petrol,Automatic,second,731500,Honda City,kaggle_market,7.32
Toyota,Innova Crysta,2020,6,105000,Diesel,Automatic,second,1757500,Toyota Innova Crysta,kaggle_market,17.58
Maruti Suzuki,Vitara-Brezza,2020,6,56000,Petrol,Manual,second,688750,Maruti Suzuki Vitara-Brezza,kaggle_market,6.89
Honda,City,2015,11,90000,Diesel,Manual,first,456000,Honda City,kaggle_market,4.56
Maruti Suzuki,Wagon-R,2018,8,35000,Petrol,Manual,first,356250,Maruti Suzuki Wagon-R,kaggle_market,3.56
Hyundai,Creta,2022,4,40000,Diesel,Automatic,first,1757500,Hyundai Creta,kaggle_market,17.58
Hyundai,Alcazar,2023,3,13000,Diesel,Automatic,first,1890500,Hyundai Alcazar,kaggle_market,18.9
Hyundai,Venue,2020,6,52000,Petrol,Automatic,first,712500,Hyundai Venue,kaggle_market,7.12
Toyota,Etios,2012,14,67000,Petrol,Manual,first,251750,Toyota Etios,kaggle_market,2.52
Hyundai,Grand I10,2017,9,18000,Petrol,Automatic,first,546250,Hyundai Grand I10,kaggle_market,5.46
Mahindra,Xylo,2012,14,76269,Diesel,Manual,second,403750,Mahindra Xylo,kaggle_market,4.04
Mahindra,Xuv700,2023,3,25095,Diesel,Automatic,first,1890500,Mahindra Xuv700,kaggle_market,18.9
Ford,Figo,2011,15,88000,Diesel,Manual,second,242250,Ford Figo,kaggle_market,2.42
Maruti Suzuki,Brezza,2017,9,89000,Diesel,Manual,second,631750,Maruti Suzuki Brezza,kaggle_market,6.32
Ford,Ecosport,2014,12,51000,Petrol,Automatic,second,498750,Ford Ecosport,kaggle_market,4.99
Mahindra,Xuv500,2014,12,97122,Diesel,Manual,second,555750,Mahindra Xuv500,kaggle_market,5.56
Ford,Free Style,2019,7,138000,Diesel,Manual,first,502550,Ford Free Style,kaggle_market,5.03
Mahindra,Xuv500,2021,5,116000,Diesel,Manual,first,1453500,Mahindra Xuv500,kaggle_market,14.54
Porsche,Cayenne,2013,13,66000,Petrol,Automatic,first,2802500,Porsche Cayenne,kaggle_market,28.02
Maruti Suzuki,Ertiga,2017,9,81000,Diesel,Manual,first,831250,Maruti Suzuki Ertiga,kaggle_market,8.31
Kia,Seltos,2022,4,36500,Diesel,Automatic,first,1852500,Kia Seltos,kaggle_market,18.52
Mahindra,Bolero,2022,4,55800,Diesel,Automatic,second,560500,Mahindra Bolero,kaggle_market,5.6
Hyundai,Grand I10,2017,9,73157,Petrol,Automatic,second,427500,Hyundai Grand I10,kaggle_market,4.28
Hyundai,Santro Xing,2008,18,82000,Petrol,Manual,first,198550,Hyundai Santro Xing,kaggle_market,1.99
Mg,Hector,2020,6,70000,Diesel,Manual,first,1320500,Mg Hector,kaggle_market,13.2
Toyota,Corolla Altis,2014,12,99000,Diesel,Manual,first,636500,Toyota Corolla Altis,kaggle_market,6.36
Toyota,Fortuner,2018,8,53000,Diesel,Automatic,second,2232500,Toyota Fortuner,kaggle_market,22.32
Honda,Amaze,2023,3,16173,Petrol,Automatic,first,803700,Honda Amaze,kaggle_market,8.04
Audi,A6,2019,7,98000,Diesel,Automatic,second,1805000,Audi A6,kaggle_market,18.05
Maruti Suzuki,Wagon-R,2023,3,17000,Petrol,Automatic,first,664050,Maruti Suzuki Wagon-R,kaggle_market,6.64
Mercedes-Benz,E-Class,2012,14,59693,Diesel,Automatic,second,1467750,Mercedes-Benz E-Class,kaggle_market,14.68
Toyota,2.8 Legender 4X2,2021,5,93000,Diesel,Automatic,first,3658450,Toyota 2.8 Legender 4X2,kaggle_market,36.58
Volkswagen,Polo,2014,12,82864,Diesel,Manual,second,441750,Volkswagen Polo,kaggle_market,4.42
Mercedes-Benz,Cla,2016,10,95000,Diesel,Automatic,first,1663450,Mercedes-Benz Cla,kaggle_market,16.63
Toyota,Innova Crysta,2021,5,38000,Petrol,Automatic,second,1900000,Toyota Innova Crysta,kaggle_market,19.0
Mahindra,Scorpio,2012,14,80000,Diesel,Manual,second,261250,Mahindra Scorpio,kaggle_market,2.61
Tata,Tiago,2016,10,110818,Petrol,Manual,second,308750,Tata Tiago,kaggle_market,3.09
Maruti Suzuki,Alto,2012,14,39000,Petrol,Manual,first,150100,Maruti Suzuki Alto,kaggle_market,1.5
Volkswagen,Polo,2013,13,51000,Petrol,Automatic,second,498750,Volkswagen Polo,kaggle_market,4.99
Maruti Suzuki,Alto,2009,17,150,Petrol,Manual,second,104500,Maruti Suzuki Alto,kaggle_market,1.04
Jaguar,Xe,2016,10,22500,Petrol,Automatic,first,1852500,Jaguar Xe,kaggle_market,18.52
Hyundai,Fluidic Verna,2014,12,68000,Petrol,Manual,second,403750,Hyundai Fluidic Verna,kaggle_market,4.04
Honda,Accord,2013,13,42000,Petrol,Automatic,second,465500,Honda Accord,kaggle_market,4.66
Jeep,Compass,2017,9,60000,Diesel,Manual,first,807500,Jeep Compass,kaggle_market,8.07
Hyundai,Venue,2020,6,51055,Petrol,Automatic,first,854999,Hyundai Venue,kaggle_market,8.55
Tata,Hexa,2018,8,115000,Diesel,Manual,second,617500,Tata Hexa,kaggle_market,6.18
Fiat,Punto,2009,17,76000,Petrol,Manual,first,180500,Fiat Punto,kaggle_market,1.8
Mahindra,Thar,2020,6,16000,Diesel,Manual,first,1344250,Mahindra Thar,kaggle_market,13.44
Bmw,X1,2020,6,107001,Diesel,Automatic,first,2185000,Bmw X1,kaggle_market,21.85
Tata,Safari Storme,2017,9,75000,Diesel,Manual,first,655500,Tata Safari Storme,kaggle_market,6.56
Hyundai,Creta,2018,8,50000,Petrol,Manual,second,712500,Hyundai Creta,kaggle_market,7.12
Hyundai,Tucson,2017,9,72400,Diesel,Automatic,second,997500,Hyundai Tucson,kaggle_market,9.98
Mahindra,Tuv,2019,7,57000,Diesel,Automatic,second,783750,Mahindra Tuv,kaggle_market,7.84
Skoda,Superb,2013,13,65000,Petrol,Manual,second,403750,Skoda Superb,kaggle_market,4.04
Toyota,Corolla Altis,2017,9,60043,Petrol,Automatic,second,831250,Toyota Corolla Altis,kaggle_market,8.31
Ford,Ecosport,2017,9,70300,Diesel,Manual,first,617500,Ford Ecosport,kaggle_market,6.18
Tata,Nexon,2020,6,48000,Diesel,Manual,first,802750,Tata Nexon,kaggle_market,8.03
Tata,Harrier,2019,7,68000,Diesel,Manual,first,1130500,Tata Harrier,kaggle_market,11.3
Honda,City,2018,8,75000,Petrol,Manual,second,821750,Honda City,kaggle_market,8.22
Maruti Suzuki,Ignis,2018,8,28200,Petrol,Manual,first,413250,Maruti Suzuki Ignis,kaggle_market,4.13
Toyota,Fortuner,2022,4,40000,Diesel,Automatic,first,4061250,Toyota Fortuner,kaggle_market,40.61
Mahindra,Scorpio Classic,2023,3,20500,Diesel,Manual,second,1600750,Mahindra Scorpio Classic,kaggle_market,16.01
Maruti Suzuki,Ciaz,2016,10,99000,Petrol,Automatic,second,427500,Maruti Suzuki Ciaz,kaggle_market,4.28
Renault,Kwid,2018,8,57000,Petrol,Manual,first,280250,Renault Kwid,kaggle_market,2.8
Hyundai,Venue,2019,7,53000,Petrol,Manual,second,825550,Hyundai Venue,kaggle_market,8.26
Maruti Suzuki,Celerio-X,2020,6,60000,Petrol,Manual,second,399000,Maruti Suzuki Celerio-X,kaggle_market,3.99
Chevrolet,Beat,2013,13,45000,Diesel,Manual,second,308750,Chevrolet Beat,kaggle_market,3.09
Maruti Suzuki,Ignis,2018,8,36000,Petrol,Automatic,second,541500,Maruti Suzuki Ignis,kaggle_market,5.42
Volkswagen,Polo,2017,9,76000,Petrol,Manual,first,522500,Volkswagen Polo,kaggle_market,5.22
Maruti Suzuki,Wagon-R,2009,17,70326,Petrol,Automatic,first,266000,Maruti Suzuki Wagon-R,kaggle_market,2.66
Volvo,Xc60,2020,6,25500,Diesel,Automatic,second,4275000,Volvo Xc60,kaggle_market,42.75
Toyota,Glanza,2023,3,42000,Petrol,Manual,first,783750,Toyota Glanza,kaggle_market,7.84
Maruti Suzuki,Alto K10,2016,10,63000,Petrol,Automatic,second,356250,Maruti Suzuki Alto K10,kaggle_market,3.56
Tata,H5X,2019,7,29250,Diesel,Manual,first,1027055,Tata H5X,kaggle_market,10.27
Mercedes-Benz,Glc Class,2021,5,19000,Diesel,Automatic,first,6460000,Mercedes-Benz Glc Class,kaggle_market,64.6
Hyundai,Alcazar,2023,3,13000,Petrol,Automatic,first,2085250,Hyundai Alcazar,kaggle_market,20.85
Bmw,5 Series,2017,9,42000,Diesel,Automatic,second,1610250,Bmw 5 Series,kaggle_market,16.1
Maruti Suzuki,Alto-800,2019,7,42312,Petrol,Manual,first,294500,Maruti Suzuki Alto-800,kaggle_market,2.94
Maruti Suzuki,Xl6,2021,5,20858,Petrol,Manual,first,998450,Maruti Suzuki Xl6,kaggle_market,9.98
Toyota,Innova Crysta,2017,9,100000,Diesel,Automatic,second,1815555,Toyota Innova Crysta,kaggle_market,18.16
Ford,Ecosport,2019,7,45000,Petrol,Manual,second,712500,Ford Ecosport,kaggle_market,7.12
Hyundai,Creta,2018,8,79200,Diesel,Manual,first,688750,Hyundai Creta,kaggle_market,6.89
Maruti Suzuki,Brezza,2020,6,37000,Petrol,Automatic,first,902500,Maruti Suzuki Brezza,kaggle_market,9.02
Toyota,Camry,2022,4,40000,Petrol,Automatic,second,3301250,Toyota Camry,kaggle_market,33.01
Mercedes-Benz,Gle Class,2016,10,81881,Diesel,Automatic,second,3325000,Mercedes-Benz Gle Class,kaggle_market,33.25
Honda,City,2015,11,80000,Diesel,Manual,second,584250,Honda City,kaggle_market,5.84
Tata,Safari,2012,14,64000,Diesel,Manual,second,187888,Tata Safari,kaggle_market,1.88
Bmw,5 Series,2017,9,59000,Diesel,Automatic,first,3130250,Bmw 5 Series,kaggle_market,31.3
Tata,Nexon,2020,6,90000,Petrol,Manual,first,598500,Tata Nexon,kaggle_market,5.98
Maruti Suzuki,Estilo,2010,16,39231,Petrol,Manual,first,147346,Maruti Suzuki Estilo,kaggle_market,1.47
Hyundai,Verna,2018,8,74000,Diesel,Manual,second,807500,Hyundai Verna,kaggle_market,8.07
Kia,Seltos,2020,6,46000,Diesel,Automatic,first,1214100,Kia Seltos,kaggle_market,12.14
Honda,Amaze,2023,3,28756,Petrol,Automatic,first,788500,Honda Amaze,kaggle_market,7.88
Maruti Suzuki,Baleno,2020,6,72000,Petrol,Manual,first,589000,Maruti Suzuki Baleno,kaggle_market,5.89
Skoda,Rapid,2012,14,148600,Diesel,Manual,second,303050,Skoda Rapid,kaggle_market,3.03
Renault,Duster,2015,11,127215,Diesel,Manual,second,422750,Renault Duster,kaggle_market,4.23
Hyundai,Verna,2013,13,83000,Diesel,Manual,second,327750,Hyundai Verna,kaggle_market,3.28
Mercedes-Benz,Cls-Class,2016,10,96000,Diesel,Automatic,first,2080500,Mercedes-Benz Cls-Class,kaggle_market,20.8
Mahindra,Quanto,2013,13,101000,Diesel,Manual,second,223250,Mahindra Quanto,kaggle_market,2.23
Volkswagen,Polo,2020,6,30000,Petrol,Automatic,second,1045000,Volkswagen Polo,kaggle_market,10.45
Mg,Astor,2023,3,40000,Petrol,Manual,first,1325250,Mg Astor,kaggle_market,13.25
Volkswagen,Polo,2010,16,111300,Diesel,Manual,second,232750,Volkswagen Polo,kaggle_market,2.33
Toyota,Innova Crysta,2016,10,95000,Diesel,Manual,first,1320500,Toyota Innova Crysta,kaggle_market,13.2
Hyundai,I20,2016,10,85000,Petrol,Manual,second,584250,Hyundai I20,kaggle_market,5.84
Bmw,X1,2016,10,71000,Diesel,Automatic,second,1610250,Bmw X1,kaggle_market,16.1
Tata,Tiago,2022,4,11000,Petrol,Automatic,first,650750,Tata Tiago,kaggle_market,6.51
Maruti Suzuki,Swift,2020,6,44566,Petrol,Manual,first,536750,Maruti Suzuki Swift,kaggle_market,5.37
Maruti Suzuki,Wagon-R-1-0,2009,17,78686,Petrol,Manual,second,102600,Maruti Suzuki Wagon-R-1-0,kaggle_market,1.03
Toyota,Innova Crysta,2020,6,51000,Diesel,Manual,first,1876250,Toyota Innova Crysta,kaggle_market,18.76
Maruti Suzuki,Vitara-Brezza,2018,8,56000,Diesel,Manual,second,750500,Maruti Suzuki Vitara-Brezza,kaggle_market,7.5
Skoda,Rapid,2015,11,11000,Diesel,Manual,first,517750,Skoda Rapid,kaggle_market,5.18
Bmw,3 Series Gran Limousine,2023,3,5800,Petrol,Automatic,first,5130000,Bmw 3 Series Gran Limousine,kaggle_market,51.3
Maruti Suzuki,Ciaz,2016,10,48000,Petrol,Automatic,first,603250,Maruti Suzuki Ciaz,kaggle_market,6.03
Maruti Suzuki,Vitara-Brezza,2020,6,76000,Diesel,Manual,second,759050,Maruti Suzuki Vitara-Brezza,kaggle_market,7.59
Renault,Kwid,2017,9,51000,Petrol,Automatic,first,346750,Renault Kwid,kaggle_market,3.47
Volkswagen,Jetta,2010,16,136000,Diesel,Manual,second,237499,Volkswagen Jetta,kaggle_market,2.37
Skoda,Kodiaq,2018,8,63000,Diesel,Automatic,first,2089999,Skoda Kodiaq,kaggle_market,20.9
Mg,Hector,2019,7,45000,Petrol,Automatic,second,1225500,Mg Hector,kaggle_market,12.26
Audi,Q7,2017,9,76000,Diesel,Automatic,second,3515000,Audi Q7,kaggle_market,35.15
Maruti Suzuki,Alto-800,2016,10,56000,Petrol,Manual,second,255550,Maruti Suzuki Alto-800,kaggle_market,2.56
Hyundai,Grand I10,2018,8,50000,Petrol,Manual,second,413250,Hyundai Grand I10,kaggle_market,4.13
Toyota,Innova,2010,16,140000,Diesel,Manual,second,356250,Toyota Innova,kaggle_market,3.56
Hyundai,I20,2017,9,70000,Petrol,Manual,second,522500,Hyundai I20,kaggle_market,5.22
Honda,Brio,2017,9,34000,Petrol,Manual,first,408500,Honda Brio,kaggle_market,4.08
Maruti Suzuki,Swift-Dzire,2018,8,62000,Petrol,Automatic,second,617500,Maruti Suzuki Swift-Dzire,kaggle_market,6.18
Maruti Suzuki,Swift,2022,4,9000,Petrol,Manual,second,636500,Maruti Suzuki Swift,kaggle_market,6.36
Maruti Suzuki,Vitara-Brezza,2017,9,85100,Diesel,Manual,first,474050,Maruti Suzuki Vitara-Brezza,kaggle_market,4.74
Skoda,Superb,2014,12,50000,Petrol,Automatic,second,950000,Skoda Superb,kaggle_market,9.5
Mercedes-Benz,Gla Class,2019,7,32354,Petrol,Automatic,first,2826250,Mercedes-Benz Gla Class,kaggle_market,28.26
Hyundai,Santro Xing,2005,21,90000,Petrol,Manual,second,85500,Hyundai Santro Xing,kaggle_market,0.86
Hyundai,Santro Xing,2001,25,128000,Petrol,Manual,second,57000,Hyundai Santro Xing,kaggle_market,0.57
Maruti Suzuki,Swift,2013,13,74000,Diesel,Manual,second,413250,Maruti Suzuki Swift,kaggle_market,4.13
Mahindra,Xuv 300,2019,7,65000,Diesel,Manual,first,617500,Mahindra Xuv 300,kaggle_market,6.18
Maruti Suzuki,Swift,2005,21,90000,Petrol,Manual,second,189999,Maruti Suzuki Swift,kaggle_market,1.9
Mahindra,Tuv,2017,9,103000,Diesel,Automatic,second,598500,Mahindra Tuv,kaggle_market,5.98
Maruti Suzuki,Swift-Dzire,2010,16,102500,Petrol,Manual,first,142500,Maruti Suzuki Swift-Dzire,kaggle_market,1.42
Maruti Suzuki,Swift,2012,14,70000,Petrol,Manual,second,342000,Maruti Suzuki Swift,kaggle_market,3.42
Ford,Fiesta,2007,19,125000,Petrol,Manual,second,180500,Ford Fiesta,kaggle_market,1.8
Hyundai,Verna,2021,5,30000,Diesel,Manual,first,902500,Hyundai Verna,kaggle_market,9.02
Maruti Suzuki,A-Star,2012,14,69321,Petrol,Automatic,second,247000,Maruti Suzuki A-Star,kaggle_market,2.47
Mahindra,Scorpio Classic,2015,11,140000,Diesel,Manual,second,793250,Mahindra Scorpio Classic,kaggle_market,7.93
Hyundai,Grand I10,2014,12,71000,Petrol,Manual,first,327750,Hyundai Grand I10,kaggle_market,3.28
Mg,Astor,2023,3,27000,Petrol,Automatic,first,1211250,Mg Astor,kaggle_market,12.11
Hyundai,Creta,2018,8,68000,Petrol,Automatic,first,807500,Hyundai Creta,kaggle_market,8.07
Maruti Suzuki,800,2004,22,29000,Petrol,Manual,second,85500,Maruti Suzuki 800,kaggle_market,0.86
Toyota,Innova Crysta,2019,7,53000,Diesel,Manual,first,1520000,Toyota Innova Crysta,kaggle_market,15.2
Hyundai,Elantra,2012,14,71380,Petrol,Automatic,second,427500,Hyundai Elantra,kaggle_market,4.28
Toyota,Corolla Altis,2009,17,95000,Petrol,Automatic,second,189050,Toyota Corolla Altis,kaggle_market,1.89
Maruti Suzuki,Swift,2015,11,94000,Diesel,Manual,first,475000,Maruti Suzuki Swift,kaggle_market,4.75
Hyundai,I20 Active,2015,11,96000,Diesel,Manual,second,426550,Hyundai I20 Active,kaggle_market,4.27
Hyundai,I20,2013,13,118000,Diesel,Manual,second,332500,Hyundai I20,kaggle_market,3.32
Toyota,Corolla Altis,2016,10,102200,Petrol,Automatic,second,712500,Toyota Corolla Altis,kaggle_market,7.12
Maruti Suzuki,Vitara Brezza,2019,7,69000,Diesel,Automatic,second,945250,Maruti Suzuki Vitara Brezza,kaggle_market,9.45
Mahindra,Thar,2023,3,25000,Petrol,Manual,first,1140000,Mahindra Thar,kaggle_market,11.4
Honda,Amaze,2017,9,41000,Petrol,Manual,second,403750,Honda Amaze,kaggle_market,4.04
Hyundai,Fluidic Verna,2021,5,36000,Petrol,Manual,first,1021250,Hyundai Fluidic Verna,kaggle_market,10.21
Bmw,X1,2017,9,58000,Diesel,Automatic,first,1994999,Bmw X1,kaggle_market,19.95
Volvo,Xc90,2016,10,102000,Diesel,Automatic,first,3561550,Volvo Xc90,kaggle_market,35.62
Audi,A4,2016,10,36000,Diesel,Automatic,first,1187501,Audi A4,kaggle_market,11.88
Hyundai,Eon,2014,12,48000,Petrol,Manual,second,156750,Hyundai Eon,kaggle_market,1.57
Volkswagen,Polo,2018,8,44000,Petrol,Automatic,second,902500,Volkswagen Polo,kaggle_market,9.02
Mahindra,Bolero,2011,15,110000,Diesel,Manual,second,517750,Mahindra Bolero,kaggle_market,5.18
Honda,Jazz,2017,9,81000,Petrol,Automatic,second,560500,Honda Jazz,kaggle_market,5.6
Hyundai,Santro Xing,2009,17,68000,Petrol,Manual,first,185250,Hyundai Santro Xing,kaggle_market,1.85
Mercedes-Benz,Glc Class,2021,5,45000,Petrol,Automatic,first,6175000,Mercedes-Benz Glc Class,kaggle_market,61.75
Toyota,Innova,2014,12,177000,Diesel,Manual,second,1187500,Toyota Innova,kaggle_market,11.88
Maruti Suzuki,Vitara-Brezza,2017,9,110000,Diesel,Manual,second,617500,Maruti Suzuki Vitara-Brezza,kaggle_market,6.18
Maruti Suzuki,Wagon-R,2023,3,15000,Petrol,Manual,first,760000,Maruti Suzuki Wagon-R,kaggle_market,7.6
Hyundai,I20 Active,2015,11,42000,Petrol,Manual,second,389500,Hyundai I20 Active,kaggle_market,3.9
Maruti Suzuki,Wagon R,2009,17,43058,Petrol,Manual,first,133950,Maruti Suzuki Wagon R,kaggle_market,1.34
Maruti Suzuki,Wagon-R,2004,22,95000,Petrol,Manual,second,114000,Maruti Suzuki Wagon-R,kaggle_market,1.14
Hyundai,I20,2012,14,130000,Diesel,Manual,second,313500,Hyundai I20,kaggle_market,3.14
Maruti Suzuki,Dzire,2016,10,71000,Diesel,Automatic,second,532000,Maruti Suzuki Dzire,kaggle_market,5.32
Bmw,5 Series,2010,16,58400,Diesel,Automatic,first,509203,Bmw 5 Series,kaggle_market,5.09
Maruti Suzuki,Baleno,2018,8,110000,Diesel,Manual,second,522500,Maruti Suzuki Baleno,kaggle_market,5.22
Renault,Pulse,2015,11,48000,Diesel,Manual,second,375250,Renault Pulse,kaggle_market,3.75
Maruti Suzuki,Swift-Dzire,2015,11,72000,Diesel,Manual,first,308750,Maruti Suzuki Swift-Dzire,kaggle_market,3.09
Skoda,Rapid,2013,13,54000,Petrol,Automatic,second,403750,Skoda Rapid,kaggle_market,4.04
Maruti Suzuki,Swift,2009,17,65000,Petrol,Manual,first,180500,Maruti Suzuki Swift,kaggle_market,1.8
Hyundai,Xcent,2017,9,180000,Diesel,Manual,first,380000,Hyundai Xcent,kaggle_market,3.8
Hyundai,Tucson,2017,9,98000,Diesel,Automatic,first,1021250,Hyundai Tucson,kaggle_market,10.21
Jeep,Compass,2017,9,82000,Diesel,Manual,second,807500,Jeep Compass,kaggle_market,8.07
Tata,Nano Genx,2012,14,28000,Petrol,Manual,first,104500,Tata Nano Genx,kaggle_market,1.04
Maruti Suzuki,Swift,2021,5,54000,Petrol,Manual,first,559550,Maruti Suzuki Swift,kaggle_market,5.6
Hyundai,Creta,2017,9,160000,Petrol,Automatic,second,802750,Hyundai Creta,kaggle_market,8.03
Mahindra,Thar,2021,5,18000,Diesel,Automatic,first,1420250,Mahindra Thar,kaggle_market,14.2
Honda,City Zx,2008,18,65000,Petrol,Automatic,second,166250,Honda City Zx,kaggle_market,1.66
Mg,Hector,2019,7,52000,Petrol,Automatic,first,1282500,Mg Hector,kaggle_market,12.82
Toyota,Innova Crysta,2019,7,25000,Diesel,Automatic,first,2683750,Toyota Innova Crysta,kaggle_market,26.84
Hyundai,I10,2013,13,26000,Petrol,Automatic,first,261355,Hyundai I10,kaggle_market,2.61
Hyundai,Verna,2019,7,68580,Petrol,Automatic,second,807500,Hyundai Verna,kaggle_market,8.07
Maruti Suzuki,Alto-K10,2015,11,71051,Petrol,Manual,first,187150,Maruti Suzuki Alto-K10,kaggle_market,1.87
Tata,Nexon,2019,7,29000,Petrol,Manual,second,612749,Tata Nexon,kaggle_market,6.13
Honda,Amaze,2019,7,50000,Petrol,Manual,second,498750,Honda Amaze,kaggle_market,4.99
Datsun,Redigo,2020,6,50600,Petrol,Manual,second,213750,Datsun Redigo,kaggle_market,2.14
Hyundai,I20 Active,2016,10,68000,Petrol,Manual,first,441750,Hyundai I20 Active,kaggle_market,4.42
Jaguar,Xj,2013,13,35000,Diesel,Automatic,first,2850000,Jaguar Xj,kaggle_market,28.5
Bmw,3 Series Gt,2016,10,60000,Diesel,Automatic,second,2137500,Bmw 3 Series Gt,kaggle_market,21.38
Maruti Suzuki,Ciaz,2016,10,82000,Petrol,Automatic,first,565250,Maruti Suzuki Ciaz,kaggle_market,5.65
Volkswagen,Ventotest,2017,9,74528,Petrol,Automatic,first,736250,Volkswagen Ventotest,kaggle_market,7.36
Hyundai,Grand I10,2018,8,25818,Petrol,Automatic,first,473100,Hyundai Grand I10,kaggle_market,4.73
Hyundai,Grand I10,2017,9,54000,Petrol,Automatic,second,451250,Hyundai Grand I10,kaggle_market,4.51
Mercedes-Benz,C Class,2015,11,105000,Petrol,Automatic,second,1705250,Mercedes-Benz C Class,kaggle_market,17.05
Mahindra,Tuv 300-Plus,2018,8,80787,Diesel,Manual,first,593750,Mahindra Tuv 300-Plus,kaggle_market,5.94
Hyundai,New Santro,2008,18,110705,Petrol,Automatic,second,84550,Hyundai New Santro,kaggle_market,0.85
Mercedes-Benz,Cla,2015,11,95000,Diesel,Automatic,first,1577950,Mercedes-Benz Cla,kaggle_market,15.78
Mahindra,Tuv,2017,9,169450,Diesel,Automatic,first,558599,Mahindra Tuv,kaggle_market,5.59
Honda,City Zx,2022,4,45000,Petrol,Manual,first,1273000,Honda City Zx,kaggle_market,12.73
Maruti Suzuki,Ciaz,2017,9,34358,Petrol,Manual,first,523787,Maruti Suzuki Ciaz,kaggle_market,5.24
Toyota,2.8 Legender 4X2,2021,5,33000,Diesel,Automatic,first,3752500,Toyota 2.8 Legender 4X2,kaggle_market,37.52
Land Rover,Discovery Sport,2019,7,53546,Diesel,Automatic,first,2603000,Land Rover Discovery Sport,kaggle_market,26.03
Tata,Safari,2021,5,45000,Diesel,Manual,first,1662500,Tata Safari,kaggle_market,16.62
Maruti Suzuki,Baleno,2019,7,38923,Petrol,Automatic,first,660250,Maruti Suzuki Baleno,kaggle_market,6.6
Mahindra,Bolero,2016,10,7688,Diesel,Manual,first,475000,Mahindra Bolero,kaggle_market,4.75
Hyundai,Creta,2020,6,42000,Diesel,Manual,first,1064000,Hyundai Creta,kaggle_market,10.64
Volvo,S90,2017,9,60000,Diesel,Automatic,first,3040000,Volvo S90,kaggle_market,30.4
Toyota,Innova Crysta,2019,7,116250,Diesel,Automatic,second,1543750,Toyota Innova Crysta,kaggle_market,15.44
Bmw,3 Series,2012,14,78000,Diesel,Automatic,second,542450,Bmw 3 Series,kaggle_market,5.42
Toyota,Innova,2011,15,103008,Diesel,Manual,second,541500,Toyota Innova,kaggle_market,5.42
Mercedes-Benz,Gla Class,2015,11,65000,Petrol,Automatic,first,1605500,Mercedes-Benz Gla Class,kaggle_market,16.06
Skoda,Superb,2017,9,65000,Petrol,Automatic,first,997500,Skoda Superb,kaggle_market,9.98
Mg,Astor,2022,4,63000,Petrol,Automatic,first,1182750,Mg Astor,kaggle_market,11.83
Toyota,Innova Hycross,2023,3,18000,Diesel,Automatic,first,2132750,Toyota Innova Hycross,kaggle_market,21.33
Hyundai,Santro Xing,2014,12,70000,Petrol,Manual,second,180500,Hyundai Santro Xing,kaggle_market,1.8
Toyota,Corolla Altis,2014,12,80000,Petrol,Automatic,first,470249,Toyota Corolla Altis,kaggle_market,4.7
Toyota,Etios,2013,13,150000,Diesel,Manual,second,266000,Toyota Etios,kaggle_market,2.66
Datsun,Redi Go,2019,7,42849,Petrol,Manual,first,327750,Datsun Redi Go,kaggle_market,3.28
Maruti Suzuki,Wagon-R,2014,12,59530,Petrol,Manual,first,327750,Maruti Suzuki Wagon-R,kaggle_market,3.28
Audi,Q3,2015,11,55406,Diesel,Automatic,first,1225500,Audi Q3,kaggle_market,12.26
Honda,Amaze,2015,11,96000,Petrol,Manual,second,342000,Honda Amaze,kaggle_market,3.42
Maruti Suzuki,Ciaz,2019,7,52380,Petrol,Manual,second,612750,Maruti Suzuki Ciaz,kaggle_market,6.13
Toyota,Yaris,2019,7,59000,Petrol,Automatic,first,707750,Toyota Yaris,kaggle_market,7.08
Maruti Suzuki,Ertiga,2014,12,77000,Diesel,Manual,second,649800,Maruti Suzuki Ertiga,kaggle_market,6.5
Maruti Suzuki,Celerio,2014,12,56000,Petrol,Manual,second,337250,Maruti Suzuki Celerio,kaggle_market,3.37
Honda,Mobilio,2015,11,61000,Diesel,Manual,first,232750,Honda Mobilio,kaggle_market,2.33
Ford,Ecosport,2018,8,69000,Petrol,Automatic,second,379999,Ford Ecosport,kaggle_market,3.8
Maruti Suzuki,Ertiga,2019,7,112000,Diesel,Manual,first,855000,Maruti Suzuki Ertiga,kaggle_market,8.55
Maruti Suzuki,Alto,2005,21,135000,Petrol,Automatic,second,80750,Maruti Suzuki Alto,kaggle_market,0.81
Audi,Q3,2013,13,95000,Diesel,Automatic,second,1234999,Audi Q3,kaggle_market,12.35
Land Rover,Discovery Sport,2017,9,65000,Diesel,Automatic,first,2159350,Land Rover Discovery Sport,kaggle_market,21.59
Honda,Amaze,2020,6,68000,Petrol,Automatic,first,565250,Honda Amaze,kaggle_market,5.65
Bmw,5 Series,2017,9,55000,Diesel,Automatic,first,2517500,Bmw 5 Series,kaggle_market,25.18
Mercedes-Benz,Amg C 43,2022,4,14000,Petrol,Automatic,first,7125000,Mercedes-Benz Amg C 43,kaggle_market,71.25
Toyota,Corolla Altis,2012,14,116000,Petrol,Manual,second,498750,Toyota Corolla Altis,kaggle_market,4.99
Jeep,Compass,2018,8,59000,Petrol,Automatic,second,1116155,Jeep Compass,kaggle_market,11.16
Toyota,2.8 Legender 4X2,2017,9,28000,Petrol,Automatic,first,2375000,Toyota 2.8 Legender 4X2,kaggle_market,23.75
Mahindra,Bolero,2020,6,120000,Diesel,Manual,first,745750,Mahindra Bolero,kaggle_market,7.46
Hyundai,Eon,2013,13,72000,Petrol,Manual,second,147250,Hyundai Eon,kaggle_market,1.47
Maruti Suzuki,Ciaz,2016,10,96000,Diesel,Manual,second,584250,Maruti Suzuki Ciaz,kaggle_market,5.84
Hyundai,Santro Xing,2009,17,110000,Petrol,Manual,second,149149,Hyundai Santro Xing,kaggle_market,1.49
Bmw,5 Series,2017,9,59000,Diesel,Automatic,first,3467500,Bmw 5 Series,kaggle_market,34.67
Volkswagen,Ventotest,2011,15,98000,Diesel,Manual,first,418000,Volkswagen Ventotest,kaggle_market,4.18
Toyota,Fortuner,2017,9,110000,Diesel,Automatic,first,2565000,Toyota Fortuner,kaggle_market,25.65
Hyundai,I20,2014,12,38000,Petrol,Automatic,first,394250,Hyundai I20,kaggle_market,3.94
Chevrolet,Trailblazer,2015,11,116000,Diesel,Manual,second,650750,Chevrolet Trailblazer,kaggle_market,6.51
Honda,Brv,2018,8,81001,Diesel,Manual,first,713450,Honda Brv,kaggle_market,7.13
Hyundai,Creta,2023,3,27500,Petrol,Manual,first,1140000,Hyundai Creta,kaggle_market,11.4
Toyota,Corolla,2008,18,52000,Petrol,Automatic,second,280250,Toyota Corolla,kaggle_market,2.8
Hyundai,Grand I10,2013,13,67000,Petrol,Manual,second,280250,Hyundai Grand I10,kaggle_market,2.8
Hyundai,Santro Xing,2005,21,130000,Petrol,Manual,second,90249,Hyundai Santro Xing,kaggle_market,0.9
Maruti Suzuki,Swift,2018,8,82500,Diesel,Automatic,first,617500,Maruti Suzuki Swift,kaggle_market,6.18
Land Rover,Discovery Sport,2018,8,51000,Diesel,Automatic,first,2745500,Land Rover Discovery Sport,kaggle_market,27.46
Mercedes-Benz,E-Class,2017,9,56000,Diesel,Automatic,first,2650500,Mercedes-Benz E-Class,kaggle_market,26.5
Tata,Hexa,2017,9,97000,Diesel,Automatic,first,1235000,Tata Hexa,kaggle_market,12.35
Maruti Suzuki,Grand Vitara,2023,3,17000,Petrol,Manual,first,1235000,Maruti Suzuki Grand Vitara,kaggle_market,12.35
Skoda,Superb,2015,11,99000,Petrol,Automatic,second,750499,Skoda Superb,kaggle_market,7.5
Toyota,Land Cruiser,2014,12,90000,Diesel,Automatic,first,7124050,Toyota Land Cruiser,kaggle_market,71.24
Nissan,Micra,2018,8,49900,Diesel,Manual,second,408500,Nissan Micra,kaggle_market,4.08
Maruti Suzuki,Swift,2023,3,16700,Petrol,Manual,second,617500,Maruti Suzuki Swift,kaggle_market,6.18
Honda,Civic,2009,17,76000,Petrol,Automatic,second,228000,Honda Civic,kaggle_market,2.28
Mahindra,Thar,2022,4,25000,Diesel,Automatic,first,1475350,Mahindra Thar,kaggle_market,14.75
Maruti Suzuki,Ciaz,2017,9,72000,Diesel,Manual,first,617500,Maruti Suzuki Ciaz,kaggle_market,6.18
Honda,City,2022,4,21000,Petrol,Manual,second,1130500,Honda City,kaggle_market,11.3
Maruti Suzuki,Swift Dzire,2018,8,68955,Petrol,Automatic,first,579500,Maruti Suzuki Swift Dzire,kaggle_market,5.8
Audi,Q7,2018,8,75000,Diesel,Automatic,second,3942500,Audi Q7,kaggle_market,39.42
Renault,Kwid,2023,3,14543,Petrol,Automatic,first,636500,Renault Kwid,kaggle_market,6.36
Volkswagen,Ventotest,2014,12,72900,Diesel,Automatic,second,485450,Volkswagen Ventotest,kaggle_market,4.85
Volkswagen,Ventotest,2015,11,92000,Diesel,Manual,second,427500,Volkswagen Ventotest,kaggle_market,4.28
Mahindra,Xylo,2016,10,130000,Diesel,Manual,second,451250,Mahindra Xylo,kaggle_market,4.51
Hyundai,I20,2011,15,68000,Diesel,Manual,first,294500,Hyundai I20,kaggle_market,2.94
Mahindra,Scorpio-N,2022,4,9500,Petrol,Automatic,first,2137500,Mahindra Scorpio-N,kaggle_market,21.38
Hyundai,Elantra,2014,12,91000,Diesel,Automatic,second,522500,Hyundai Elantra,kaggle_market,5.22
Volkswagen,Polo,2011,15,53000,Diesel,Manual,second,257450,Volkswagen Polo,kaggle_market,2.57
Ford,Figo,2012,14,118000,Diesel,Manual,second,223250,Ford Figo,kaggle_market,2.23
Mahindra,Scorpio,2017,9,81000,Diesel,Manual,second,831250,Mahindra Scorpio,kaggle_market,8.31
Mg,Hector Plus,2021,5,32000,Petrol,Automatic,second,1472500,Mg Hector Plus,kaggle_market,14.72
Mahindra,Scorpio N,2008,18,142200,Diesel,Manual,second,188575,Mahindra Scorpio N,kaggle_market,1.89
Land Rover,Freelander 2,2012,14,145000,Diesel,Automatic,second,641250,Land Rover Freelander 2,kaggle_market,6.41
Hyundai,Creta,2019,7,50000,Diesel,Manual,first,997500,Hyundai Creta,kaggle_market,9.98
Toyota,Glanza,2020,6,15000,Petrol,Automatic,first,802750,Toyota Glanza,kaggle_market,8.03
Land Rover,Range Rover Evoque,2021,5,37000,Diesel,Automatic,second,4702500,Land Rover Range Rover Evoque,kaggle_market,47.02
Maruti Suzuki,Wagon-R-1-0,2016,10,62000,Petrol,Automatic,second,422750,Maruti Suzuki Wagon-R-1-0,kaggle_market,4.23
Maruti Suzuki,Xl6,2019,7,53110,Petrol,Automatic,second,850250,Maruti Suzuki Xl6,kaggle_market,8.5
Maruti Suzuki,Celerio,2020,6,50000,Petrol,Automatic,first,313500,Maruti Suzuki Celerio,kaggle_market,3.14
Bmw,5 Series,2014,12,90000,Diesel,Automatic,second,1188450,Bmw 5 Series,kaggle_market,11.88
Tata,Altroz,2020,6,39000,Petrol,Manual,first,451250,Tata Altroz,kaggle_market,4.51
Maruti Suzuki,S-Presso,2022,4,49530,Petrol,Manual,first,418000,Maruti Suzuki S-Presso,kaggle_market,4.18
Maruti Suzuki,Celerio,2019,7,74000,Petrol,Manual,second,446500,Maruti Suzuki Celerio,kaggle_market,4.46
Mercedes-Benz,Gle Coupe,2017,9,59956,Diesel,Automatic,first,5889050,Mercedes-Benz Gle Coupe,kaggle_market,58.89
Mahindra,Scorpio,2017,9,67000,Diesel,Manual,first,888250,Mahindra Scorpio,kaggle_market,8.88
Bmw,X3,2019,7,60000,Diesel,Automatic,first,3277500,Bmw X3,kaggle_market,32.78
Honda,Civic,2019,7,77000,Petrol,Automatic,first,1306250,Honda Civic,kaggle_market,13.06
Maruti Suzuki,Celerio,2018,8,42000,Petrol,Automatic,first,403750,Maruti Suzuki Celerio,kaggle_market,4.04
Land Rover,Range Rover Evoque,2015,11,65000,Diesel,Automatic,first,1614050,Land Rover Range Rover Evoque,kaggle_market,16.14
Mahindra,Xylo,2011,15,105000,Diesel,Manual,second,522500,Mahindra Xylo,kaggle_market,5.22
Skoda,Superb,2016,10,55000,Petrol,Automatic,first,1282500,Skoda Superb,kaggle_market,12.82
Audi,Q3,2015,11,86000,Diesel,Automatic,first,1662500,Audi Q3,kaggle_market,16.62
Toyota,Innova Crysta,2021,5,81499,Diesel,Automatic,first,1995000,Toyota Innova Crysta,kaggle_market,19.95
Toyota,Corolla Altis,2017,9,95000,Petrol,Automatic,second,831250,Toyota Corolla Altis,kaggle_market,8.31
Skoda,Rapid,2017,9,100000,Diesel,Automatic,second,603250,Skoda Rapid,kaggle_market,6.03
Maruti Suzuki,Wagon R,2018,8,39000,Petrol,Manual,first,323000,Maruti Suzuki Wagon R,kaggle_market,3.23
Mercedes-Benz,C-Class,2016,10,96000,Diesel,Automatic,second,1900000,Mercedes-Benz C-Class,kaggle_market,19.0
Toyota,Etios,2012,14,30000,Diesel,Automatic,second,332500,Toyota Etios,kaggle_market,3.32
Maruti Suzuki,Wagon-R,2015,11,104300,Petrol,Manual,second,275500,Maruti Suzuki Wagon-R,kaggle_market,2.76
Renault,Scala,2013,13,61000,Petrol,Manual,first,261250,Renault Scala,kaggle_market,2.61
Mahindra,Thar,2022,4,27000,Diesel,Automatic,first,1686250,Mahindra Thar,kaggle_market,16.86
Maruti Suzuki,Baleno,2020,6,30211,Petrol,Manual,first,617500,Maruti Suzuki Baleno,kaggle_market,6.18
Honda,Jazz,2019,7,65000,Petrol,Automatic,first,636500,Honda Jazz,kaggle_market,6.36
Toyota,Glanza,2020,6,60000,Petrol,Manual,second,664050,Toyota Glanza,kaggle_market,6.64
Mahindra,Tuv,2015,11,65000,Diesel,Automatic,second,569999,Mahindra Tuv,kaggle_market,5.7
Toyota,Etios Liva,2011,15,160000,Petrol,Manual,second,280250,Toyota Etios Liva,kaggle_market,2.8
Maruti Suzuki,Eeco,2017,9,66000,Petrol,Manual,second,361000,Maruti Suzuki Eeco,kaggle_market,3.61
Mahindra,Kuv100 Nxt,2019,7,23600,Petrol,Manual,second,308750,Mahindra Kuv100 Nxt,kaggle_market,3.09
Jeep,Meridian,2006,20,86000,Diesel,Automatic,second,399000,Jeep Meridian,kaggle_market,3.99
Mahindra,Verito,2012,14,220000,Diesel,Manual,second,228000,Mahindra Verito,kaggle_market,2.28
Hyundai,I20 Active,2016,10,95000,Diesel,Manual,second,531050,Hyundai I20 Active,kaggle_market,5.31
Skoda,Octavia,2020,6,31008,Petrol,Automatic,second,1439250,Skoda Octavia,kaggle_market,14.39
Toyota,Fortuner,2019,7,33000,Diesel,Automatic,first,3272750,Toyota Fortuner,kaggle_market,32.73
Mahindra,Thar,2023,3,32000,Diesel,Automatic,first,1425000,Mahindra Thar,kaggle_market,14.25
Toyota,Fortuner,2019,7,81000,Diesel,Automatic,first,3016250,Toyota Fortuner,kaggle_market,30.16
Maruti Suzuki,Ertiga,2020,6,55000,Petrol,Automatic,first,940500,Maruti Suzuki Ertiga,kaggle_market,9.4
Audi,A6,2019,7,22000,Petrol,Automatic,first,2945000,Audi A6,kaggle_market,29.45
Volkswagen,Polo,2012,14,123000,Diesel,Manual,second,379050,Volkswagen Polo,kaggle_market,3.79
Maruti Suzuki,Baleno,2018,8,128000,Diesel,Manual,first,636500,Maruti Suzuki Baleno,kaggle_market,6.36
Nissan,Terrano,2014,12,132228,Diesel,Manual,second,427500,Nissan Terrano,kaggle_market,4.28
Maruti Suzuki,Zen-Estilo,2010,16,80000,Petrol,Manual,second,161500,Maruti Suzuki Zen-Estilo,kaggle_market,1.62
Maruti Suzuki,Swift-Dzire,2014,12,70927,Petrol,Manual,second,308750,Maruti Suzuki Swift-Dzire,kaggle_market,3.09
Tata,Tiago,2018,8,32000,Diesel,Manual,first,517750,Tata Tiago,kaggle_market,5.18
Mercedes-Benz,Glc,2017,9,102000,Diesel,Automatic,first,2636250,Mercedes-Benz Glc,kaggle_market,26.36
Maruti Suzuki,Ertiga,2017,9,80000,Diesel,Manual,first,712500,Maruti Suzuki Ertiga,kaggle_market,7.12
Ford,Endeavour,2016,10,93000,Diesel,Automatic,second,1995000,Ford Endeavour,kaggle_market,19.95
Hyundai,New Elantra,2015,11,73000,Diesel,Automatic,first,736250,Hyundai New Elantra,kaggle_market,7.36
Honda,Wrv,2020,6,55000,Petrol,Manual,first,641250,Honda Wrv,kaggle_market,6.41
Audi,Q3,2016,10,120000,Diesel,Automatic,second,1401250,Audi Q3,kaggle_market,14.01
Hyundai,I10,2011,15,62000,Petrol,Automatic,first,261250,Hyundai I10,kaggle_market,2.61
Hyundai,Verna,2014,12,93000,Diesel,Manual,second,494000,Hyundai Verna,kaggle_market,4.94
Mg,Hector,2021,5,23000,Petrol,Automatic,first,1401250,Mg Hector,kaggle_market,14.01
Toyota,Innova Crysta,2019,7,97000,Diesel,Manual,first,1444950,Toyota Innova Crysta,kaggle_market,14.45
Ford,Endeavour,2019,7,85000,Diesel,Automatic,second,2042500,Ford Endeavour,kaggle_market,20.42
Honda,City Zx,2008,18,82700,Petrol,Manual,second,270750,Honda City Zx,kaggle_market,2.71
Maruti Suzuki,Alto K10,2019,7,78000,Petrol,Automatic,first,451250,Maruti Suzuki Alto K10,kaggle_market,4.51
Bmw,3 Series Gt,2017,9,95000,Diesel,Automatic,first,1995000,Bmw 3 Series Gt,kaggle_market,19.95
Mahindra,Thar,2019,7,10000,Diesel,Manual,first,755250,Mahindra Thar,kaggle_market,7.55
Renault,Duster,2016,10,83409,Diesel,Automatic,second,593750,Renault Duster,kaggle_market,5.94
Maruti Suzuki,Zen-Estilo,2013,13,78000,Petrol,Manual,second,142500,Maruti Suzuki Zen-Estilo,kaggle_market,1.42
Mercedes-Benz,C-Class,2018,8,42000,Diesel,Automatic,first,2565000,Mercedes-Benz C-Class,kaggle_market,25.65
Maruti Suzuki,Swift-Dzire,2017,9,79000,Petrol,Automatic,first,540550,Maruti Suzuki Swift-Dzire,kaggle_market,5.41
Maruti Suzuki,Ciaz,2019,7,73500,Petrol,Automatic,first,712500,Maruti Suzuki Ciaz,kaggle_market,7.12
Toyota,Innova,2011,15,175000,Diesel,Manual,second,617500,Toyota Innova,kaggle_market,6.18
Maruti Suzuki,Baleno,2017,9,50000,Petrol,Automatic,first,403750,Maruti Suzuki Baleno,kaggle_market,4.04
Hyundai,Grand I10,2020,6,44681,Petrol,Manual,first,498897,Hyundai Grand I10,kaggle_market,4.99
Mahindra,Thar,2022,4,19000,Diesel,Manual,first,1519050,Mahindra Thar,kaggle_market,15.19
Toyota,Innova,2008,18,122000,Diesel,Manual,first,370500,Toyota Innova,kaggle_market,3.7
Mitsubishi,Pajero Sport,2017,9,79000,Diesel,Automatic,second,1021250,Mitsubishi Pajero Sport,kaggle_market,10.21
Maruti Suzuki,Swift-Dzire,2015,11,52000,Petrol,Manual,first,427500,Maruti Suzuki Swift-Dzire,kaggle_market,4.28
Hyundai,Creta,2023,3,15000,Petrol,Automatic,first,1605500,Hyundai Creta,kaggle_market,16.06
Jeep,Compass,2018,8,75000,Diesel,Manual,second,1425000,Jeep Compass,kaggle_market,14.25
Ford,Ecosport,2019,7,70000,Diesel,Manual,first,560500,Ford Ecosport,kaggle_market,5.6
Maruti Suzuki,Swift,2016,10,47500,Petrol,Manual,first,503500,Maruti Suzuki Swift,kaggle_market,5.04
Volkswagen,Polo,2014,12,149000,Petrol,Automatic,second,503500,Volkswagen Polo,kaggle_market,5.04
Hyundai,Elantra,2013,13,100000,Diesel,Manual,second,441750,Hyundai Elantra,kaggle_market,4.42
Bmw,7 Series,2017,9,24000,Diesel,Automatic,second,4227500,Bmw 7 Series,kaggle_market,42.28
Hyundai,Accent,2000,26,120400,Petrol,Manual,second,70300,Hyundai Accent,kaggle_market,0.7
Audi,Q3,2012,14,90000,Diesel,Automatic,second,845500,Audi Q3,kaggle_market,8.46
Volkswagen,Polo,2018,8,23000,Diesel,Manual,second,517750,Volkswagen Polo,kaggle_market,5.18
Hyundai,Creta,2022,4,44000,Petrol,Manual,first,1282500,Hyundai Creta,kaggle_market,12.82
Maruti Suzuki,Xl6,2020,6,78000,Petrol,Automatic,first,997500,Maruti Suzuki Xl6,kaggle_market,9.98
Hyundai,Verna,2011,15,86000,Diesel,Manual,second,318250,Hyundai Verna,kaggle_market,3.18
Mahindra,Thar,2021,5,28500,Petrol,Automatic,second,1235000,Mahindra Thar,kaggle_market,12.35
Mahindra,Xuv500,2012,14,175000,Diesel,Manual,first,674500,Mahindra Xuv500,kaggle_market,6.74
Chevrolet,Spark,2013,13,50000,Petrol,Manual,second,141550,Chevrolet Spark,kaggle_market,1.42
Hyundai,I20,2019,7,80000,Petrol,Manual,first,593750,Hyundai I20,kaggle_market,5.94
Maruti Suzuki,Swift,2022,4,75000,Petrol,Manual,first,546250,Maruti Suzuki Swift,kaggle_market,5.46
Volkswagen,Ventotest,2014,12,72000,Petrol,Automatic,second,427500,Volkswagen Ventotest,kaggle_market,4.28
Hyundai,I10,2012,14,68000,Petrol,Automatic,second,279300,Hyundai I10,kaggle_market,2.79
Maruti Suzuki,Swift,2024,2,18950,Petrol,Automatic,first,902500,Maruti Suzuki Swift,kaggle_market,9.02
Hyundai,Creta,2021,5,90000,Diesel,Automatic,first,1567500,Hyundai Creta,kaggle_market,15.68
Volkswagen,Jetta,2016,10,120000,Diesel,Manual,first,783750,Volkswagen Jetta,kaggle_market,7.84
Tata,Safari Storme,2017,9,72400,Diesel,Manual,first,707750,Tata Safari Storme,kaggle_market,7.08
Hyundai,Elite I20,2021,5,57555,Petrol,Manual,first,669750,Hyundai Elite I20,kaggle_market,6.7
Hyundai,Grand I10,2016,10,42000,Petrol,Manual,first,304000,Hyundai Grand I10,kaggle_market,3.04
Maruti Suzuki,Celerio-X,2018,8,40000,Petrol,Manual,first,475000,Maruti Suzuki Celerio-X,kaggle_market,4.75
Maruti Suzuki,Omni,2019,7,55846,Petrol,Manual,second,270750,Maruti Suzuki Omni,kaggle_market,2.71
Hyundai,Grand I10 Nios,2023,3,10000,Petrol,Manual,second,603250,Hyundai Grand I10 Nios,kaggle_market,6.03
Maruti Suzuki,800,2008,18,70000,Petrol,Manual,second,76000,Maruti Suzuki 800,kaggle_market,0.76
Hyundai,I20,2022,4,31851,Petrol,Manual,first,614650,Hyundai I20,kaggle_market,6.15
Mercedes-Benz,C-Class,2020,6,59001,Diesel,Automatic,first,3505500,Mercedes-Benz C-Class,kaggle_market,35.06
Maruti Suzuki,Swift,2011,15,130000,Petrol,Manual,second,294500,Maruti Suzuki Swift,kaggle_market,2.94
Mercedes-Benz,Gls,2017,9,66000,Diesel,Automatic,second,5130000,Mercedes-Benz Gls,kaggle_market,51.3
Honda,Civic,2013,13,84000,Petrol,Automatic,second,380000,Honda Civic,kaggle_market,3.8
Audi,Q3,2019,7,44000,Diesel,Automatic,first,3040000,Audi Q3,kaggle_market,30.4
Toyota,Etios,2013,13,81530,Diesel,Manual,second,403750,Toyota Etios,kaggle_market,4.04
Hyundai,Eon,2012,14,10000,Petrol,Automatic,second,133000,Hyundai Eon,kaggle_market,1.33
Ford,Ecosport,2013,13,78300,Diesel,Manual,first,294500,Ford Ecosport,kaggle_market,2.94
Kia,Seltos,2022,4,30000,Diesel,Automatic,first,1971250,Kia Seltos,kaggle_market,19.71
Volkswagen,Polo,2017,9,94000,Petrol,Automatic,second,750500,Volkswagen Polo,kaggle_market,7.5
Hyundai,Santro Xing,2003,23,130000,Petrol,Manual,second,71250,Hyundai Santro Xing,kaggle_market,0.71
Honda,Crv,2019,7,124000,Petrol,Automatic,first,1424050,Honda Crv,kaggle_market,14.24
Hyundai,Eon,2015,11,55000,Petrol,Manual,second,251750,Hyundai Eon,kaggle_market,2.52
Maruti Suzuki,Baleno,2017,9,20300,Petrol,Automatic,first,498750,Maruti Suzuki Baleno,kaggle_market,4.99
Maruti Suzuki,Swift-Dzire,2015,11,60000,Diesel,Manual,first,399000,Maruti Suzuki Swift-Dzire,kaggle_market,3.99
Maruti Suzuki,S-Presso,2020,6,35000,Petrol,Manual,first,399000,Maruti Suzuki S-Presso,kaggle_market,3.99
Maruti Suzuki,Ciaz,2016,10,59000,Petrol,Manual,first,517750,Maruti Suzuki Ciaz,kaggle_market,5.18
Mercedes-Benz,M-Class,2012,14,129000,Diesel,Automatic,first,1662500,Mercedes-Benz M-Class,kaggle_market,16.62
Skoda,Slavia,2022,4,22940,Petrol,Manual,first,1135250,Skoda Slavia,kaggle_market,11.35
Hyundai,Eon,2013,13,56000,Petrol,Manual,second,185250,Hyundai Eon,kaggle_market,1.85
Hyundai,Aura,2021,5,49000,Diesel,Manual,first,750500,Hyundai Aura,kaggle_market,7.5
Toyota,2.8 Legender 4X2,2024,2,6000,Diesel,Automatic,first,5220250,Toyota 2.8 Legender 4X2,kaggle_market,52.2
Maruti Suzuki,Celerio,2014,12,65000,Petrol,Manual,first,256500,Maruti Suzuki Celerio,kaggle_market,2.56
Volkswagen,Polo,2011,15,152000,Diesel,Manual,second,351500,Volkswagen Polo,kaggle_market,3.52
Renault,Duster,2014,12,98000,Diesel,Manual,second,427500,Renault Duster,kaggle_market,4.28
Jeep,Compass,2021,5,32000,Petrol,Automatic,first,1804050,Jeep Compass,kaggle_market,18.04
Honda,Jazz,2015,11,68000,Diesel,Manual,second,379050,Honda Jazz,kaggle_market,3.79
Hyundai,I10,2011,15,45000,Petrol,Manual,second,299250,Hyundai I10,kaggle_market,2.99
Mahindra,Thar,2021,5,51000,Diesel,Automatic,second,1510500,Mahindra Thar,kaggle_market,15.1
Renault,Duster,2015,11,75000,Diesel,Manual,second,532000,Renault Duster,kaggle_market,5.32
Maruti Suzuki,Wagon-R,2019,7,45640,Petrol,Manual,second,437000,Maruti Suzuki Wagon-R,kaggle_market,4.37
Hyundai,I10,2011,15,71303,Petrol,Automatic,second,308750,Hyundai I10,kaggle_market,3.09
Hyundai,Grand I10,2017,9,90001,Diesel,Manual,first,408500,Hyundai Grand I10,kaggle_market,4.08
Isuzu,D-Max V-Cross,2022,4,15000,Diesel,Automatic,first,1900000,Isuzu D-Max V-Cross,kaggle_market,19.0
Hyundai,Creta,2020,6,123000,Petrol,Automatic,first,1092500,Hyundai Creta,kaggle_market,10.92
Toyota,Innova Hycross,2024,2,1600,Petrol,Automatic,first,2170750,Toyota Innova Hycross,kaggle_market,21.71
Honda,City,2014,12,87000,Diesel,Manual,first,470250,Honda City,kaggle_market,4.7
Hyundai,Creta,2017,9,67879,Diesel,Manual,first,693500,Hyundai Creta,kaggle_market,6.94
Volkswagen,Polo,2021,5,59000,Petrol,Automatic,second,1045000,Volkswagen Polo,kaggle_market,10.45
Mercedes-Benz,C-Class,2011,15,65000,Diesel,Automatic,first,1092500,Mercedes-Benz C-Class,kaggle_market,10.92
Jeep,Compass,2017,9,80000,Diesel,Manual,first,807500,Jeep Compass,kaggle_market,8.07
Volkswagen,Polo,2010,16,140000,Diesel,Manual,second,332500,Volkswagen Polo,kaggle_market,3.32
Volkswagen,Polo,2016,10,75000,Petrol,Automatic,second,503500,Volkswagen Polo,kaggle_market,5.04
Fiat,Punto,2014,12,80000,Petrol,Automatic,second,170051,Fiat Punto,kaggle_market,1.7
Mahindra,Xuv500,2013,13,81000,Diesel,Manual,first,542450,Mahindra Xuv500,kaggle_market,5.42
Mahindra,Scorpio,2016,10,67000,Diesel,Manual,second,641250,Mahindra Scorpio,kaggle_market,6.41
Toyota,Camry,2013,13,90000,Petrol,Automatic,first,736250,Toyota Camry,kaggle_market,7.36
Mercedes-Benz,C-Class,2019,7,58000,Diesel,Automatic,first,2803450,Mercedes-Benz C-Class,kaggle_market,28.03
Volvo,S60,2013,13,56000,Diesel,Automatic,second,1187500,Volvo S60,kaggle_market,11.88
Maruti Suzuki,Alto-800,2009,17,70000,Petrol,Manual,second,123500,Maruti Suzuki Alto-800,kaggle_market,1.24
Renault,Kwid,2017,9,22000,Petrol,Manual,second,270750,Renault Kwid,kaggle_market,2.71
Maruti Suzuki,Eeco,2020,6,70000,Petrol,Manual,second,427500,Maruti Suzuki Eeco,kaggle_market,4.28
Maruti Suzuki,Swift-Dzire,2014,12,25500,Diesel,Manual,first,545300,Maruti Suzuki Swift-Dzire,kaggle_market,5.45
Volkswagen,Polo,2018,8,78000,Petrol,Automatic,second,736250,Volkswagen Polo,kaggle_market,7.36
Toyota,Innova Crysta,2020,6,75000,Diesel,Automatic,first,1900000,Toyota Innova Crysta,kaggle_market,19.0
Maruti Suzuki,Baleno,2021,5,17532,Petrol,Manual,first,669208,Maruti Suzuki Baleno,kaggle_market,6.69
Ford,Figo,2011,15,97000,Petrol,Manual,second,123500,Ford Figo,kaggle_market,1.24
Toyota,Innova Crysta,2022,4,16800,Diesel,Automatic,first,3230000,Toyota Innova Crysta,kaggle_market,32.3
Maruti Suzuki,S-Cross1,2017,9,69000,Diesel,Manual,first,474999,Maruti Suzuki S-Cross1,kaggle_market,4.75
Skoda,Kushaq,2021,5,34000,Petrol,Manual,first,1187500,Skoda Kushaq,kaggle_market,11.88
Jeep,Compass,2017,9,78000,Petrol,Automatic,first,926250,Jeep Compass,kaggle_market,9.26
Audi,Q7,2014,12,92000,Diesel,Automatic,second,973750,Audi Q7,kaggle_market,9.74
Volkswagen,Polo,2017,9,130000,Petrol,Automatic,second,807500,Volkswagen Polo,kaggle_market,8.07
Maruti Suzuki,Baleno,2018,8,19000,Petrol,Manual,first,498750,Maruti Suzuki Baleno,kaggle_market,4.99
Tata,Harrier,2021,5,52000,Petrol,Automatic,first,1947500,Tata Harrier,kaggle_market,19.48
Maruti Suzuki,Wagon-R-1-0,2012,14,65000,Petrol,Manual,first,185250,Maruti Suzuki Wagon-R-1-0,kaggle_market,1.85
Maruti Suzuki,Maruti-Suzuki-Dzire,2017,9,84500,Diesel,Manual,second,465500,Maruti Suzuki Maruti-Suzuki-Dzire,kaggle_market,4.66
Bmw,3 Series,2016,10,59000,Diesel,Automatic,first,1567500,Bmw 3 Series,kaggle_market,15.68
Tata,Harrier,2022,4,50000,Diesel,Manual,first,1662500,Tata Harrier,kaggle_market,16.62
Maruti Suzuki,Wagon-R,2016,10,89700,Petrol,Manual,second,350550,Maruti Suzuki Wagon-R,kaggle_market,3.51
Honda,City,2015,11,93000,Diesel,Manual,first,422750,Honda City,kaggle_market,4.23
Maruti Suzuki,Ciaz,2017,9,51000,Petrol,Automatic,first,527250,Maruti Suzuki Ciaz,kaggle_market,5.27
Maruti Suzuki,Eeco,2016,10,51000,Petrol,Manual,second,380000,Maruti Suzuki Eeco,kaggle_market,3.8
Ford,Ecosport,2013,13,73000,Diesel,Manual,second,375250,Ford Ecosport,kaggle_market,3.75
Chevrolet,Beat,2012,14,99000,Diesel,Manual,second,123500,Chevrolet Beat,kaggle_market,1.24
Hyundai,Elite I20,2015,11,38000,Petrol,Manual,second,465500,Hyundai Elite I20,kaggle_market,4.66
Maruti Suzuki,Swift-Dzire,2018,8,150000,Diesel,Manual,first,688749,Maruti Suzuki Swift-Dzire,kaggle_market,6.89
Mahindra,Xuv500,2012,14,133000,Diesel,Manual,second,475000,Mahindra Xuv500,kaggle_market,4.75
Mitsubishi,Pajero Sport,2014,12,150000,Diesel,Manual,second,926250,Mitsubishi Pajero Sport,kaggle_market,9.26
Ford,Ecosport,2014,12,53000,Diesel,Manual,first,346750,Ford Ecosport,kaggle_market,3.47
Renault,Kwid,2020,6,45011,Petrol,Manual,first,356250,Renault Kwid,kaggle_market,3.56
Mahindra,Scorpio Classic,2022,4,11000,Diesel,Manual,first,1679600,Mahindra Scorpio Classic,kaggle_market,16.8
Maruti Suzuki,Ertiga,2022,4,5000,Petrol,Manual,first,1007000,Maruti Suzuki Ertiga,kaggle_market,10.07
Hyundai,Eon,2013,13,66500,Petrol,Manual,first,232750,Hyundai Eon,kaggle_market,2.33
Maruti Suzuki,Wagon-R,2019,7,65000,Petrol,Automatic,first,570000,Maruti Suzuki Wagon-R,kaggle_market,5.7
Mahindra,Scorpio,2009,17,145000,Diesel,Manual,first,299250,Mahindra Scorpio,kaggle_market,2.99
Hyundai,Eon,2018,8,50000,Petrol,Manual,first,256491,Hyundai Eon,kaggle_market,2.56
Hyundai,Creta,2018,8,88652,Diesel,Manual,second,745750,Hyundai Creta,kaggle_market,7.46
Hyundai,I20,2017,9,37638,Diesel,Manual,first,551000,Hyundai I20,kaggle_market,5.51
Audi,Q3,2017,9,65000,Diesel,Automatic,second,1605500,Audi Q3,kaggle_market,16.06
Audi,A6,2012,14,119812,Diesel,Automatic,second,741000,Audi A6,kaggle_market,7.41
Renault,Duster,2016,10,64000,Diesel,Manual,second,308750,Renault Duster,kaggle_market,3.09
Maruti Suzuki,Grand Vitara,2023,3,9000,Petrol,Manual,first,1377500,Maruti Suzuki Grand Vitara,kaggle_market,13.78
Mahindra,Scorpio,2014,12,110000,Diesel,Manual,second,593750,Mahindra Scorpio,kaggle_market,5.94
Hyundai,Creta,2018,8,23000,Petrol,Automatic,first,983355,Hyundai Creta,kaggle_market,9.83
Hyundai,Xcent Prime,2018,8,94000,Diesel,Manual,second,332500,Hyundai Xcent Prime,kaggle_market,3.32
Hyundai,Elite I20,2019,7,91571,Petrol,Manual,first,646950,Hyundai Elite I20,kaggle_market,6.47
Mahindra,Scorpio,2018,8,85000,Diesel,Manual,second,1315750,Mahindra Scorpio,kaggle_market,13.16
Mercedes-Benz,Glc Class,2021,5,47000,Diesel,Automatic,first,4275000,Mercedes-Benz Glc Class,kaggle_market,42.75
Kia,Seltos,2019,7,79000,Petrol,Manual,second,1040250,Kia Seltos,kaggle_market,10.4
Maruti Suzuki,Jimny,2023,3,5500,Petrol,Manual,first,907250,Maruti Suzuki Jimny,kaggle_market,9.07
Hyundai,Verna,2013,13,60000,Petrol,Manual,second,332500,Hyundai Verna,kaggle_market,3.32
Volkswagen,Polo,2016,10,37000,Petrol,Automatic,second,616550,Volkswagen Polo,kaggle_market,6.17
Mahindra,Scorpio,2016,10,90000,Diesel,Manual,second,988000,Mahindra Scorpio,kaggle_market,9.88
Mahindra,Xuv 300,2019,7,85000,Diesel,Automatic,first,831250,Mahindra Xuv 300,kaggle_market,8.31
Hyundai,Creta,2015,11,66698,Diesel,Manual,second,707750,Hyundai Creta,kaggle_market,7.08
Hyundai,New I20,2020,6,47000,Diesel,Manual,second,712500,Hyundai New I20,kaggle_market,7.12
Toyota,Innova Crysta,2018,8,150000,Diesel,Manual,first,1173250,Toyota Innova Crysta,kaggle_market,11.73
Maruti Suzuki,Baleno,2016,10,25000,Petrol,Manual,first,489250,Maruti Suzuki Baleno,kaggle_market,4.89
Honda,Wrv,2017,9,56000,Diesel,Manual,first,456000,Honda Wrv,kaggle_market,4.56
Hyundai,Verna,2024,2,8499,Petrol,Automatic,first,1496249,Hyundai Verna,kaggle_market,14.96
Hyundai,Elite I20,2018,8,63512,Petrol,Manual,first,527250,Hyundai Elite I20,kaggle_market,5.27
Maruti Suzuki,Wagon-R,2016,10,57000,Petrol,Automatic,first,379050,Maruti Suzuki Wagon-R,kaggle_market,3.79
Skoda,Fabia,2010,16,88000,Petrol,Automatic,second,161500,Skoda Fabia,kaggle_market,1.62
Skoda,Octavia,2015,11,150000,Diesel,Automatic,first,854050,Skoda Octavia,kaggle_market,8.54
Maruti Suzuki,Alto,2008,18,82000,Petrol,Manual,second,146300,Maruti Suzuki Alto,kaggle_market,1.46
Honda,Amaze,2016,10,39000,Petrol,Manual,second,270750,Honda Amaze,kaggle_market,2.71
Maruti Suzuki,Baleno,2019,7,110000,Petrol,Automatic,first,451250,Maruti Suzuki Baleno,kaggle_market,4.51
Hyundai,Creta,2016,10,106000,Diesel,Automatic,second,935750,Hyundai Creta,kaggle_market,9.36
Hyundai,I20,2016,10,62000,Petrol,Manual,second,441750,Hyundai I20,kaggle_market,4.42
Jeep,Compass,2018,8,69000,Diesel,Manual,first,874950,Jeep Compass,kaggle_market,8.75
Maruti Suzuki,S-Cross,2019,7,53000,Diesel,Manual,first,665000,Maruti Suzuki S-Cross,kaggle_market,6.65
Honda,City Hybrid Ehev,2018,8,55000,Petrol,Automatic,second,655500,Honda City Hybrid Ehev,kaggle_market,6.56
Maruti Suzuki,Swift,2011,15,111000,Diesel,Manual,second,313500,Maruti Suzuki Swift,kaggle_market,3.14
Honda,City,2012,14,96266,Petrol,Manual,first,375250,Honda City,kaggle_market,3.75
Audi,A6,2018,8,85000,Diesel,Automatic,first,2347450,Audi A6,kaggle_market,23.47
Mitsubishi,Pajero Sport,2013,13,164000,Diesel,Manual,first,1140000,Mitsubishi Pajero Sport,kaggle_market,11.4
Maruti Suzuki,Swift,2018,8,78000,Diesel,Manual,first,474999,Maruti Suzuki Swift,kaggle_market,4.75
Hyundai,Eon,2012,14,49000,Petrol,Manual,first,175750,Hyundai Eon,kaggle_market,1.76
Hyundai,I10,2010,16,76000,Petrol,Manual,first,270750,Hyundai I10,kaggle_market,2.71
Maruti Suzuki,Ciaz,2019,7,52000,Petrol,Manual,second,641250,Maruti Suzuki Ciaz,kaggle_market,6.41
Honda,Amaze,2017,9,55000,Petrol,Manual,first,375250,Honda Amaze,kaggle_market,3.75
Maruti Suzuki,Vitara Brezza,2018,8,67000,Diesel,Automatic,first,660250,Maruti Suzuki Vitara Brezza,kaggle_market,6.6
Bmw,X1,2019,7,49000,Diesel,Automatic,first,2422500,Bmw X1,kaggle_market,24.22
Maruti Suzuki,S-Presso,2022,4,7253,Petrol,Manual,first,470250,Maruti Suzuki S-Presso,kaggle_market,4.7
Mercedes-Benz,S-Class,2014,12,74000,Diesel,Automatic,second,4251250,Mercedes-Benz S-Class,kaggle_market,42.51
Hyundai,I20,2015,11,35000,Diesel,Manual,first,541500,Hyundai I20,kaggle_market,5.42
Mahindra,Xuv500,2013,13,81453,Diesel,Manual,first,437000,Mahindra Xuv500,kaggle_market,4.37
Maruti Suzuki,Swift-Dzire,2019,7,82000,Diesel,Manual,first,755250,Maruti Suzuki Swift-Dzire,kaggle_market,7.55
Mahindra,Tuv,2016,10,200000,Diesel,Automatic,second,399000,Mahindra Tuv,kaggle_market,3.99
Maruti Suzuki,Alto-800,2015,11,73000,Petrol,Manual,second,218500,Maruti Suzuki Alto-800,kaggle_market,2.18
Honda,City,2014,12,153000,Petrol,Manual,first,437000,Honda City,kaggle_market,4.37
Hyundai,Xcent,2015,11,85000,Petrol,Manual,first,280250,Hyundai Xcent,kaggle_market,2.8
Toyota,Innova Crysta,2017,9,163000,Diesel,Manual,first,1690999,Toyota Innova Crysta,kaggle_market,16.91
Hyundai,Creta,2017,9,58789,Diesel,Manual,first,836000,Hyundai Creta,kaggle_market,8.36
Maruti Suzuki,Estilo,2011,15,88000,Petrol,Manual,first,152000,Maruti Suzuki Estilo,kaggle_market,1.52
Maruti Suzuki,Alto-800,2016,10,57000,Petrol,Manual,first,285000,Maruti Suzuki Alto-800,kaggle_market,2.85
Nissan,Terrano,2018,8,121000,Diesel,Manual,first,569050,Nissan Terrano,kaggle_market,5.69
Tata,Zest,2015,11,76000,Diesel,Manual,first,284050,Tata Zest,kaggle_market,2.84
Volkswagen,Polo,2013,13,100000,Diesel,Manual,second,218500,Volkswagen Polo,kaggle_market,2.18
Mercedes-Benz,Gl-Class,2010,16,143000,Diesel,Automatic,second,1325250,Mercedes-Benz Gl-Class,kaggle_market,13.25
Land Rover,Discovery Sport,2016,10,70000,Diesel,Automatic,first,2850000,Land Rover Discovery Sport,kaggle_market,28.5
Maruti Suzuki,Alto-K10,2018,8,58296,Petrol,Automatic,first,399000,Maruti Suzuki Alto-K10,kaggle_market,3.99
Maruti Suzuki,Swift-Dzire,2018,8,118000,Diesel,Manual,second,617500,Maruti Suzuki Swift-Dzire,kaggle_market,6.18
Volkswagen,Ventotest,2012,14,116000,Diesel,Manual,first,440800,Volkswagen Ventotest,kaggle_market,4.41
Hyundai,Creta,2022,4,16000,Petrol,Manual,first,1235000,Hyundai Creta,kaggle_market,12.35
Toyota,Fortuner,2015,11,98000,Diesel,Manual,second,1467750,Toyota Fortuner,kaggle_market,14.68
Mahindra,E-20,2017,9,46550,Petrol,Automatic,first,210900,Mahindra E-20,kaggle_market,2.11
Toyota,Innova Crysta,2018,8,200000,Diesel,Automatic,second,1757500,Toyota Innova Crysta,kaggle_market,17.58
Maruti Suzuki,Swift,2015,11,32000,Petrol,Manual,first,470250,Maruti Suzuki Swift,kaggle_market,4.7
Volvo,Xc60,2022,4,32000,Petrol,Automatic,first,5985000,Volvo Xc60,kaggle_market,59.85
Hyundai,I20,2016,10,57000,Petrol,Manual,second,546250,Hyundai I20,kaggle_market,5.46
Kia,Seltos,2022,4,8690,Petrol,Manual,first,1420250,Kia Seltos,kaggle_market,14.2
Ford,Figo,2017,9,102500,Diesel,Manual,first,380000,Ford Figo,kaggle_market,3.8
Ford,Ecosport,2018,8,77000,Petrol,Manual,first,684000,Ford Ecosport,kaggle_market,6.84
Hyundai,Grand I10,2017,9,76000,Petrol,Manual,first,437000,Hyundai Grand I10,kaggle_market,4.37
Kia,Sonet,2023,3,8100,Petrol,Automatic,first,1116250,Kia Sonet,kaggle_market,11.16
Tata,Tiago,2021,5,19000,Petrol,Automatic,first,631750,Tata Tiago,kaggle_market,6.32
Mahindra,Xuv500,2014,12,80000,Diesel,Manual,second,451250,Mahindra Xuv500,kaggle_market,4.51
Mahindra,Xuv500,2015,11,90000,Diesel,Manual,first,451250,Mahindra Xuv500,kaggle_market,4.51
Volkswagen,Polo,2019,7,72000,Petrol,Manual,first,655500,Volkswagen Polo,kaggle_market,6.56
Audi,Q7,2017,9,85000,Diesel,Automatic,first,2563100,Audi Q7,kaggle_market,25.63
Toyota,Corolla Altis,2011,15,71000,Petrol,Automatic,second,327750,Toyota Corolla Altis,kaggle_market,3.28
Renault,New Duster,2013,13,85000,Diesel,Manual,second,295450,Renault New Duster,kaggle_market,2.95
Land Rover,Range Rover Evoque,2017,9,90000,Diesel,Automatic,first,2945000,Land Rover Range Rover Evoque,kaggle_market,29.45
Skoda,Rapid,2012,14,70000,Diesel,Manual,second,284050,Skoda Rapid,kaggle_market,2.84
Hyundai,I10,2009,17,170000,Petrol,Manual,second,170050,Hyundai I10,kaggle_market,1.7
Tata,Tiago,2018,8,68000,Petrol,Automatic,first,379050,Tata Tiago,kaggle_market,3.79
Mahindra,Xuv500,2012,14,110000,Diesel,Manual,second,703000,Mahindra Xuv500,kaggle_market,7.03
Hyundai,Grand I10,2018,8,65000,Petrol,Manual,second,441750,Hyundai Grand I10,kaggle_market,4.42
Hyundai,I10,2012,14,20000,Petrol,Automatic,second,199500,Hyundai I10,kaggle_market,2.0
Toyota,Innova,2008,18,360000,Diesel,Manual,second,456000,Toyota Innova,kaggle_market,4.56
Maruti Suzuki,Celerio,2018,8,92000,Petrol,Automatic,second,403750,Maruti Suzuki Celerio,kaggle_market,4.04
Honda,Wrv,2022,4,29000,Petrol,Manual,first,902500,Honda Wrv,kaggle_market,9.02
Mahindra,Ssangyong-Rexton,2013,13,115000,Diesel,Automatic,first,636394,Mahindra Ssangyong-Rexton,kaggle_market,6.36
Hyundai,I20,2018,8,65000,Petrol,Manual,first,451250,Hyundai I20,kaggle_market,4.51
Maruti Suzuki,Celerio,2016,10,45000,Petrol,Automatic,second,308750,Maruti Suzuki Celerio,kaggle_market,3.09
Tata,Tiago,2020,6,37000,Petrol,Automatic,second,413250,Tata Tiago,kaggle_market,4.13
Hyundai,Venue,2020,6,92000,Diesel,Manual,first,912000,Hyundai Venue,kaggle_market,9.12
Volkswagen,Tiguan,2018,8,141000,Diesel,Automatic,second,1614999,Volkswagen Tiguan,kaggle_market,16.15
Maruti Suzuki,Vitara-Brezza,2020,6,78000,Diesel,Automatic,first,931000,Maruti Suzuki Vitara-Brezza,kaggle_market,9.31
Maruti Suzuki,Ertiga,2017,9,92000,Diesel,Manual,first,569050,Maruti Suzuki Ertiga,kaggle_market,5.69
Maruti Suzuki,S-Cross,2015,11,135000,Diesel,Manual,first,608000,Maruti Suzuki S-Cross,kaggle_market,6.08
Ford,Ecosport,2014,12,82000,Diesel,Manual,first,427500,Ford Ecosport,kaggle_market,4.28
Mercedes-Benz,M-Class,2013,13,81000,Diesel,Automatic,second,1519050,Mercedes-Benz M-Class,kaggle_market,15.19
Maruti Suzuki,Alto-K10,2014,12,89000,Petrol,Manual,first,237500,Maruti Suzuki Alto-K10,kaggle_market,2.38
Toyota,Glanza,2019,7,28000,Petrol,Automatic,first,593750,Toyota Glanza,kaggle_market,5.94
Maruti Suzuki,Swift,2015,11,59000,Petrol,Manual,second,428450,Maruti Suzuki Swift,kaggle_market,4.28
Maruti Suzuki,Swift,2012,14,60000,Diesel,Manual,second,237500,Maruti Suzuki Swift,kaggle_market,2.38
Toyota,Corolla Altis,2013,13,65000,Petrol,Manual,first,312550,Toyota Corolla Altis,kaggle_market,3.13
Tata,Altroz,2022,4,23000,Diesel,Manual,first,902500,Tata Altroz,kaggle_market,9.02
Land Rover,Freelander 2,2013,13,99000,Diesel,Automatic,second,831250,Land Rover Freelander 2,kaggle_market,8.31
Maruti Suzuki,Swift,2009,17,78500,Petrol,Manual,second,113050,Maruti Suzuki Swift,kaggle_market,1.13
Renault,Triber,2020,6,28000,Petrol,Manual,first,559550,Renault Triber,kaggle_market,5.6
Hyundai,New Elantra,2014,12,64000,Petrol,Manual,second,436050,Hyundai New Elantra,kaggle_market,4.36
Mercedes-Benz,E-Class,2012,14,54000,Petrol,Automatic,second,831250,Mercedes-Benz E-Class,kaggle_market,8.31
Maruti Suzuki,Wagon-R,2018,8,85000,Petrol,Manual,second,370500,Maruti Suzuki Wagon-R,kaggle_market,3.7
Bmw,X1,2019,7,90000,Diesel,Automatic,second,1805000,Bmw X1,kaggle_market,18.05
Mahindra,Bolero,2021,5,48000,Diesel,Manual,first,902500,Mahindra Bolero,kaggle_market,9.02
Maruti Suzuki,Omni,2019,7,31000,Petrol,Manual,first,308750,Maruti Suzuki Omni,kaggle_market,3.09
Toyota,Fortuner,2014,12,144000,Diesel,Manual,first,1425000,Toyota Fortuner,kaggle_market,14.25
Toyota,Innova Crysta,2016,10,145000,Diesel,Automatic,first,1729000,Toyota Innova Crysta,kaggle_market,17.29
Hyundai,Creta,2017,9,118000,Diesel,Automatic,second,854050,Hyundai Creta,kaggle_market,8.54
Hyundai,Verna,2013,13,99000,Diesel,Manual,first,427500,Hyundai Verna,kaggle_market,4.28
Maruti Suzuki,Ertiga,2013,13,85000,Diesel,Manual,first,446500,Maruti Suzuki Ertiga,kaggle_market,4.46
Mahindra,Xuv500,2018,8,83000,Diesel,Manual,first,1116250,Mahindra Xuv500,kaggle_market,11.16
Maruti Suzuki,Xl6,2021,5,26716,Petrol,Manual,first,1011750,Maruti Suzuki Xl6,kaggle_market,10.12
Honda,Wrv,2017,9,36000,Petrol,Manual,first,646000,Honda Wrv,kaggle_market,6.46
Maruti Suzuki,Swift,2014,12,90000,Diesel,Manual,second,399000,Maruti Suzuki Swift,kaggle_market,3.99
Hyundai,Grand I10,2019,7,65000,Petrol,Manual,second,410400,Hyundai Grand I10,kaggle_market,4.1
Renault,Duster,2017,9,43000,Diesel,Manual,second,428925,Renault Duster,kaggle_market,4.29
Hyundai,Creta,2016,10,205828,Diesel,Manual,first,665000,Hyundai Creta,kaggle_market,6.65
Mitsubishi,Pajero Sport,2015,11,135000,Diesel,Automatic,second,902500,Mitsubishi Pajero Sport,kaggle_market,9.02
Chevrolet,Beat,2012,14,76000,Diesel,Manual,second,131100,Chevrolet Beat,kaggle_market,1.31
Maruti Suzuki,Ritz,2016,10,172000,Diesel,Manual,first,308750,Maruti Suzuki Ritz,kaggle_market,3.09
Maruti Suzuki,Alto-K10,2015,11,23000,Petrol,Manual,second,237499,Maruti Suzuki Alto-K10,kaggle_market,2.37
Toyota,Fortuner,2013,13,143000,Diesel,Automatic,first,1353750,Toyota Fortuner,kaggle_market,13.54
Toyota,Innova Crysta,2016,10,147000,Diesel,Manual,second,1424050,Toyota Innova Crysta,kaggle_market,14.24
Hyundai,Santro,2007,19,42000,Petrol,Manual,second,128250,Hyundai Santro,kaggle_market,1.28
Maruti Suzuki,800,2005,21,97000,Petrol,Manual,second,104500,Maruti Suzuki 800,kaggle_market,1.04
Nissan,Micra,2017,9,70805,Petrol,Automatic,second,458850,Nissan Micra,kaggle_market,4.59
Honda,Amaze,2018,8,61000,Diesel,Manual,first,521550,Honda Amaze,kaggle_market,5.22
Porsche,Cayenne,2011,15,60000,Petrol,Automatic,second,2279050,Porsche Cayenne,kaggle_market,22.79
Maruti Suzuki,Alto-K10,2016,10,41000,Petrol,Manual,first,308750,Maruti Suzuki Alto-K10,kaggle_market,3.09
Hyundai,Eon,2013,13,32000,Petrol,Manual,first,228000,Hyundai Eon,kaggle_market,2.28
Hyundai,Elite I20,2019,7,35000,Petrol,Manual,first,441750,Hyundai Elite I20,kaggle_market,4.42
Volkswagen,Vento,2014,12,40000,Petrol,Automatic,first,451250,Volkswagen Vento,kaggle_market,4.51
Skoda,Superb,2018,8,19788,Petrol,Automatic,second,1662500,Skoda Superb,kaggle_market,16.62
Hyundai,Elite I20,2016,10,50000,Petrol,Manual,first,513000,Hyundai Elite I20,kaggle_market,5.13
Maruti Suzuki,Swift-Dzire,2014,12,120000,Diesel,Manual,first,451250,Maruti Suzuki Swift-Dzire,kaggle_market,4.51
Mahindra,Thar,2021,5,50922,Diesel,Automatic,second,1562750,Mahindra Thar,kaggle_market,15.63
Honda,City,2017,9,70000,Petrol,Automatic,first,769500,Honda City,kaggle_market,7.7
Maruti Suzuki,Wagon-R,2015,11,46545,Petrol,Manual,first,403750,Maruti Suzuki Wagon-R,kaggle_market,4.04
Hyundai,Venue,2019,7,90208,Diesel,Manual,first,760000,Hyundai Venue,kaggle_market,7.6
Maruti Suzuki,Swift-Dzire,2016,10,50470,Petrol,Manual,first,475000,Maruti Suzuki Swift-Dzire,kaggle_market,4.75
Mercedes-Benz,E-Class,2015,11,130000,Diesel,Automatic,first,1781250,Mercedes-Benz E-Class,kaggle_market,17.81
Maruti Suzuki,Swift-Dzire,2011,15,77500,Petrol,Manual,second,223250,Maruti Suzuki Swift-Dzire,kaggle_market,2.23
Maruti Suzuki,Baleno,2019,7,66510,Petrol,Automatic,first,655500,Maruti Suzuki Baleno,kaggle_market,6.56
Volkswagen,Polo,2012,14,61000,Petrol,Manual,second,247000,Volkswagen Polo,kaggle_market,2.47
Honda,Jazz,2017,9,65900,Petrol,Manual,second,555750,Honda Jazz,kaggle_market,5.56
Maruti Suzuki,Swift Dzire,2017,9,77000,Diesel,Manual,second,570000,Maruti Suzuki Swift Dzire,kaggle_market,5.7
Maruti Suzuki,Alto,2006,20,90000,Petrol,Manual,second,66500,Maruti Suzuki Alto,kaggle_market,0.66
Mercedes-Benz,C-Class,2016,10,80000,Diesel,Automatic,second,1805000,Mercedes-Benz C-Class,kaggle_market,18.05
Hyundai,I10,2014,12,79609,Petrol,Manual,first,380000,Hyundai I10,kaggle_market,3.8
Hyundai,New I20,2021,5,34500,Petrol,Automatic,first,755250,Hyundai New I20,kaggle_market,7.55
Honda,Brio,2012,14,75000,Petrol,Manual,first,247000,Honda Brio,kaggle_market,2.47
Maruti Suzuki,Maruti-Suzuki-Dzire,2019,7,49000,Petrol,Automatic,first,627000,Maruti Suzuki Maruti-Suzuki-Dzire,kaggle_market,6.27
Ford,Endeavour,2016,10,88000,Diesel,Automatic,first,2565000,Ford Endeavour,kaggle_market,25.65
Kia,Seltos,2020,6,65000,Diesel,Manual,first,935750,Kia Seltos,kaggle_market,9.36
Hyundai,Elantra,2017,9,37000,Petrol,Automatic,first,1178000,Hyundai Elantra,kaggle_market,11.78
Toyota,Urban Cruiser,2022,4,30000,Petrol,Automatic,first,1035500,Toyota Urban Cruiser,kaggle_market,10.36
Mahindra,Thar,2015,11,46000,Diesel,Manual,second,688750,Mahindra Thar,kaggle_market,6.89
Toyota,Glanza,2019,7,28146,Petrol,Manual,first,617500,Toyota Glanza,kaggle_market,6.18
Mercedes-Benz,Glc,2016,10,93000,Diesel,Automatic,first,2660000,Mercedes-Benz Glc,kaggle_market,26.6
Tata,Harrier,2021,5,129000,Diesel,Automatic,first,1567500,Tata Harrier,kaggle_market,15.68
Isuzu,Mux,2019,7,99156,Diesel,Automatic,first,1852500,Isuzu Mux,kaggle_market,18.52
Maruti Suzuki,Swift-Dzire,2018,8,70000,Petrol,Automatic,first,532000,Maruti Suzuki Swift-Dzire,kaggle_market,5.32
Maruti Suzuki,Alto-800,2013,13,24500,Petrol,Manual,first,189050,Maruti Suzuki Alto-800,kaggle_market,1.89
Mahindra,Xuv 300,2019,7,65000,Diesel,Manual,first,926250,Mahindra Xuv 300,kaggle_market,9.26
Audi,Q7,2017,9,99000,Diesel,Automatic,first,2660000,Audi Q7,kaggle_market,26.6
Hyundai,Creta,2020,6,35000,Petrol,Automatic,first,1130500,Hyundai Creta,kaggle_market,11.3
Hyundai,Venue,2023,3,27000,Petrol,Automatic,first,1187500,Hyundai Venue,kaggle_market,11.88
Hyundai,Creta,2016,10,55000,Petrol,Manual,second,641250,Hyundai Creta,kaggle_market,6.41
Maruti Suzuki,Swift,2014,12,76000,Diesel,Manual,first,446500,Maruti Suzuki Swift,kaggle_market,4.46
Tata,Safari,2021,5,51000,Diesel,Automatic,second,1700500,Tata Safari,kaggle_market,17.0
Maruti Suzuki,Eeco,2022,4,20000,Petrol,Manual,first,460750,Maruti Suzuki Eeco,kaggle_market,4.61
Hyundai,Santro,2002,24,28000,Petrol,Manual,first,152000,Hyundai Santro,kaggle_market,1.52
Kia,Sonet,2020,6,32000,Diesel,Automatic,second,1068750,Kia Sonet,kaggle_market,10.69
Hyundai,Verna,2013,13,96000,Diesel,Manual,first,403750,Hyundai Verna,kaggle_market,4.04
Maruti Suzuki,Alto-800,2017,9,55125,Petrol,Manual,first,251750,Maruti Suzuki Alto-800,kaggle_market,2.52
Tata,Nexon,2021,5,33000,Diesel,Manual,first,802750,Tata Nexon,kaggle_market,8.03
Mahindra,Scorpio,2011,15,110000,Diesel,Manual,first,617508,Mahindra Scorpio,kaggle_market,6.18
Hyundai,Xcent,2016,10,54200,Petrol,Automatic,first,379050,Hyundai Xcent,kaggle_market,3.79
Skoda,Rapid,2015,11,99000,Diesel,Automatic,second,460750,Skoda Rapid,kaggle_market,4.61
Maruti Suzuki,Swift,2013,13,73000,Petrol,Manual,second,285000,Maruti Suzuki Swift,kaggle_market,2.85
Renault,Kwid,2015,11,53000,Petrol,Manual,first,232750,Renault Kwid,kaggle_market,2.33
Maruti Suzuki,Eeco,2022,4,19000,Petrol,Manual,first,579500,Maruti Suzuki Eeco,kaggle_market,5.8
Skoda,Fabia,2012,14,25000,Petrol,Manual,second,170050,Skoda Fabia,kaggle_market,1.7
Maruti Suzuki,Baleno,2018,8,54000,Petrol,Manual,first,472150,Maruti Suzuki Baleno,kaggle_market,4.72
Skoda,Octavia,2020,6,31010,Petrol,Automatic,second,1439250,Skoda Octavia,kaggle_market,14.39
Skoda,Rapid,2018,8,54000,Diesel,Automatic,first,897750,Skoda Rapid,kaggle_market,8.98
Mercedes-Benz,M-Class,2016,10,85000,Diesel,Automatic,second,2327500,Mercedes-Benz M-Class,kaggle_market,23.28
Maruti Suzuki,Omni,2018,8,52500,Petrol,Manual,second,228000,Maruti Suzuki Omni,kaggle_market,2.28
Tata,Indica,2011,15,100413,Diesel,Manual,first,80750,Tata Indica,kaggle_market,0.81
Maruti Suzuki,Alto-800,2012,14,66000,Petrol,Manual,second,166250,Maruti Suzuki Alto-800,kaggle_market,1.66
Maruti Suzuki,S-Cross,2017,9,72000,Diesel,Manual,first,660250,Maruti Suzuki S-Cross,kaggle_market,6.6
Ford,Mustang,2017,9,19000,Petrol,Automatic,first,7861250,Ford Mustang,kaggle_market,78.61
Maruti Suzuki,Celerio,2016,10,39000,Petrol,Automatic,second,308750,Maruti Suzuki Celerio,kaggle_market,3.09
Mahindra,Bolero Neo,2022,4,90000,Diesel,Manual,first,760000,Mahindra Bolero Neo,kaggle_market,7.6
Maruti Suzuki,Baleno,2023,3,10500,Petrol,Manual,first,788500,Maruti Suzuki Baleno,kaggle_market,7.88
Mercedes-Benz,B Class,2014,12,79000,Diesel,Automatic,second,569050,Mercedes-Benz B Class,kaggle_market,5.69
Jeep,Wrangler,2022,4,65000,Petrol,Automatic,second,5320000,Jeep Wrangler,kaggle_market,53.2
Volvo,S60,2012,14,122000,Diesel,Automatic,second,840750,Volvo S60,kaggle_market,8.41
Toyota,Innova Crysta,2019,7,94000,Diesel,Manual,first,1781250,Toyota Innova Crysta,kaggle_market,17.81
Maruti Suzuki,Celerio,2016,10,72000,Petrol,Manual,second,351500,Maruti Suzuki Celerio,kaggle_market,3.52
Hyundai,I20,2017,9,80000,Petrol,Manual,second,517750,Hyundai I20,kaggle_market,5.18
Maruti Suzuki,Celerio,2022,4,29000,Petrol,Automatic,first,541500,Maruti Suzuki Celerio,kaggle_market,5.42
Maruti Suzuki,Ignis,2019,7,59000,Petrol,Automatic,first,655500,Maruti Suzuki Ignis,kaggle_market,6.56
Maruti Suzuki,Alto-800,2015,11,76000,Petrol,Automatic,second,170999,Maruti Suzuki Alto-800,kaggle_market,1.71
Maruti Suzuki,Baleno,2020,6,49000,Petrol,Manual,first,513000,Maruti Suzuki Baleno,kaggle_market,5.13
Honda,Amaze,2016,10,60000,Diesel,Manual,second,494000,Honda Amaze,kaggle_market,4.94
Maruti Suzuki,Brezza,2019,7,48000,Diesel,Manual,first,826500,Maruti Suzuki Brezza,kaggle_market,8.26
Maruti Suzuki,Wagon-R,2020,6,40000,Petrol,Automatic,first,579500,Maruti Suzuki Wagon-R,kaggle_market,5.8
Toyota,Etios,2015,11,200000,Diesel,Manual,second,418000,Toyota Etios,kaggle_market,4.18
Datsun,Redigo,2018,8,45213,Petrol,Manual,first,213751,Datsun Redigo,kaggle_market,2.14
Maruti Suzuki,Alto,2019,7,81000,Petrol,Manual,second,247000,Maruti Suzuki Alto,kaggle_market,2.47
Mercedes-Benz,Gl-Class,2015,11,159000,Diesel,Automatic,second,2826250,Mercedes-Benz Gl-Class,kaggle_market,28.26
Mahindra,Marazzo,2020,6,72045,Diesel,Manual,first,741000,Mahindra Marazzo,kaggle_market,7.41
Toyota,Innova Crysta,2019,7,28000,Petrol,Automatic,first,1424050,Toyota Innova Crysta,kaggle_market,14.24
Audi,A6,2013,13,70334,Diesel,Automatic,second,902500,Audi A6,kaggle_market,9.02
Hyundai,Elite I20,2017,9,120000,Diesel,Manual,second,598500,Hyundai Elite I20,kaggle_market,5.98
Audi,A3,2016,10,75000,Diesel,Automatic,second,949999,Audi A3,kaggle_market,9.5
Hyundai,Alcazar,2022,4,19523,Petrol,Automatic,first,1709999,Hyundai Alcazar,kaggle_market,17.1
Bmw,X1,2016,10,55100,Diesel,Automatic,second,1800250,Bmw X1,kaggle_market,18.0
Hyundai,Verna,2016,10,51200,Petrol,Automatic,second,512050,Hyundai Verna,kaggle_market,5.12
Kia,Seltos,2019,7,39000,Petrol,Manual,first,1021250,Kia Seltos,kaggle_market,10.21
Ford,Ecosport,2014,12,71877,Petrol,Manual,second,284050,Ford Ecosport,kaggle_market,2.84
Maruti Suzuki,Ignis,2018,8,90000,Diesel,Automatic,first,617500,Maruti Suzuki Ignis,kaggle_market,6.18
Honda,City,2015,11,121000,Diesel,Manual,second,631750,Honda City,kaggle_market,6.32
Toyota,Fortuner,2014,12,90000,Diesel,Automatic,second,1283450,Toyota Fortuner,kaggle_market,12.83
Maruti Suzuki,Eeco,2019,7,94000,Petrol,Manual,second,380000,Maruti Suzuki Eeco,kaggle_market,3.8
Hyundai,Xcent,2014,12,90000,Petrol,Manual,first,408500,Hyundai Xcent,kaggle_market,4.08
Hyundai,Creta,2016,10,88883,Petrol,Automatic,first,774250,Hyundai Creta,kaggle_market,7.74
Maruti Suzuki,Ritz,2015,11,81000,Diesel,Manual,first,376200,Maruti Suzuki Ritz,kaggle_market,3.76
Hyundai,Creta,2019,7,79000,Diesel,Manual,second,1015550,Hyundai Creta,kaggle_market,10.16
Mahindra,Xuv500,2015,11,92000,Diesel,Manual,second,897750,Mahindra Xuv500,kaggle_market,8.98
Toyota,Fortuner,2024,2,4500,Diesel,Automatic,first,3895000,Toyota Fortuner,kaggle_market,38.95
Maruti Suzuki,Swift,2019,7,48000,Petrol,Automatic,second,560500,Maruti Suzuki Swift,kaggle_market,5.6
Mahindra,Xylo,2011,15,124000,Diesel,Manual,first,460750,Mahindra Xylo,kaggle_market,4.61
Mahindra,Alturas G4,2019,7,74520,Diesel,Automatic,first,1615000,Mahindra Alturas G4,kaggle_market,16.15
Volkswagen,Ventotest,2016,10,75475,Petrol,Automatic,first,736250,Volkswagen Ventotest,kaggle_market,7.36
Maruti Suzuki,Vitara-Brezza,2019,7,35000,Diesel,Automatic,first,855000,Maruti Suzuki Vitara-Brezza,kaggle_market,8.55
Toyota,Etios,2013,13,82000,Diesel,Manual,second,331550,Toyota Etios,kaggle_market,3.32
Chevrolet,Cruze,2013,13,95000,Diesel,Manual,first,498750,Chevrolet Cruze,kaggle_market,4.99
Audi,A4,2013,13,31000,Diesel,Automatic,second,1472500,Audi A4,kaggle_market,14.72
Toyota,Innova,2013,13,150000,Diesel,Manual,second,641250,Toyota Innova,kaggle_market,6.41
Skoda,Octavia,2015,11,106000,Petrol,Automatic,second,973750,Skoda Octavia,kaggle_market,9.74
Hyundai,I20,2018,8,40000,Petrol,Automatic,second,560500,Hyundai I20,kaggle_market,5.6
Maruti Suzuki,Omni,2015,11,60000,Petrol,Manual,second,152000,Maruti Suzuki Omni,kaggle_market,1.52
Mg,Hector,2019,7,57000,Diesel,Manual,first,1378450,Mg Hector,kaggle_market,13.78
Hyundai,Creta,2018,8,66000,Diesel,Automatic,second,950000,Hyundai Creta,kaggle_market,9.5
Toyota,Innova Crysta,2020,6,45000,Diesel,Automatic,first,2564050,Toyota Innova Crysta,kaggle_market,25.64
Maruti Suzuki,Swift,2022,4,40000,Petrol,Automatic,first,726750,Maruti Suzuki Swift,kaggle_market,7.27
Maruti Suzuki,Celerio,2022,4,54600,Petrol,Automatic,first,617500,Maruti Suzuki Celerio,kaggle_market,6.18
Bmw,5 Series,2014,12,70000,Diesel,Automatic,second,2157450,Bmw 5 Series,kaggle_market,21.57
Mercedes-Benz,M-Class,2013,13,69000,Diesel,Automatic,first,1662499,Mercedes-Benz M-Class,kaggle_market,16.62
Hyundai,Creta,2016,10,40000,Petrol,Automatic,first,679250,Hyundai Creta,kaggle_market,6.79
Hyundai,Eon,2018,8,41000,Petrol,Manual,second,237500,Hyundai Eon,kaggle_market,2.38
Honda,Amaze,2019,7,120000,Petrol,Manual,second,379050,Honda Amaze,kaggle_market,3.79
Mahindra,Xuv500,2014,12,180000,Diesel,Manual,second,769500,Mahindra Xuv500,kaggle_market,7.7
Toyota,Innova Crysta,2020,6,120602,Diesel,Manual,first,1686250,Toyota Innova Crysta,kaggle_market,16.86
Honda,City,2021,5,30000,Petrol,Manual,first,973750,Honda City,kaggle_market,9.74
Skoda,Superb,2017,9,87000,Diesel,Automatic,second,1187500,Skoda Superb,kaggle_market,11.88
Honda,City,2018,8,68500,Petrol,Manual,first,807500,Honda City,kaggle_market,8.07
Mahindra,Xuv500,2015,11,65200,Diesel,Manual,second,616550,Mahindra Xuv500,kaggle_market,6.17
Honda,City,2011,15,120000,Petrol,Manual,first,427500,Honda City,kaggle_market,4.28
Honda,Amaze,2019,7,70000,Petrol,Automatic,second,513000,Honda Amaze,kaggle_market,5.13
Toyota,Innova,2009,17,177779,Diesel,Manual,second,446500,Toyota Innova,kaggle_market,4.46
Toyota,Corolla Altis,2015,11,65000,Petrol,Automatic,first,617500,Toyota Corolla Altis,kaggle_market,6.18
Mercedes-Benz,Slk-Class,2013,13,28000,Petrol,Automatic,second,3610000,Mercedes-Benz Slk-Class,kaggle_market,36.1
Maruti Suzuki,Celerio,2017,9,50000,Petrol,Automatic,first,403750,Maruti Suzuki Celerio,kaggle_market,4.04
Maruti Suzuki,Swift-Dzire-Tour,2016,10,160000,Diesel,Manual,second,408500,Maruti Suzuki Swift-Dzire-Tour,kaggle_market,4.08
Hyundai,Creta,2019,7,85599,Petrol,Manual,first,831250,Hyundai Creta,kaggle_market,8.31
Maruti Suzuki,Alto 800,2019,7,75230,Petrol,Manual,second,318250,Maruti Suzuki Alto 800,kaggle_market,3.18
Toyota,Fortuner,2016,10,160000,Diesel,Manual,first,1377500,Toyota Fortuner,kaggle_market,13.78
Fiat,Punto Evo,2015,11,60000,Diesel,Manual,second,350550,Fiat Punto Evo,kaggle_market,3.51
Tata,Tigor,2017,9,49000,Petrol,Automatic,second,380000,Tata Tigor,kaggle_market,3.8
Hyundai,Grand I10,2019,7,71001,Diesel,Manual,first,452200,Hyundai Grand I10,kaggle_market,4.52
Maruti Suzuki,Ignis,2022,4,10000,Petrol,Manual,first,589000,Maruti Suzuki Ignis,kaggle_market,5.89
Toyota,Innova,2011,15,120000,Diesel,Manual,first,525350,Toyota Innova,kaggle_market,5.25
Hyundai,Grand I10 Nios,2024,2,2300,Petrol,Manual,first,688750,Hyundai Grand I10 Nios,kaggle_market,6.89
Honda,Crv,2014,12,71000,Petrol,Manual,second,713450,Honda Crv,kaggle_market,7.13
Maruti Suzuki,Celerio,2023,3,21000,Petrol,Manual,first,527250,Maruti Suzuki Celerio,kaggle_market,5.27
Hyundai,Creta,2021,5,68500,Diesel,Manual,first,1040250,Hyundai Creta,kaggle_market,10.4
Maruti Suzuki,Baleno,2018,8,110000,Petrol,Automatic,first,555750,Maruti Suzuki Baleno,kaggle_market,5.56
Toyota,Etios,2019,7,114000,Diesel,Manual,second,755250,Toyota Etios,kaggle_market,7.55
Mahindra,Bolero,2021,5,8500,Diesel,Manual,second,1040250,Mahindra Bolero,kaggle_market,10.4
Bmw,X7,2020,6,25000,Petrol,Automatic,first,9500000,Bmw X7,kaggle_market,95.0
Toyota,Innova Crysta,2018,8,99000,Diesel,Manual,first,1224550,Toyota Innova Crysta,kaggle_market,12.25
Hyundai,Verna,2012,14,80000,Diesel,Manual,second,337250,Hyundai Verna,kaggle_market,3.37
Bmw,5 Series,2017,9,68000,Diesel,Automatic,second,3561550,Bmw 5 Series,kaggle_market,35.62
Honda,Amaze,2015,11,47000,Petrol,Automatic,second,331550,Honda Amaze,kaggle_market,3.32
Toyota,Innova Crysta,2018,8,60000,Diesel,Automatic,second,1923750,Toyota Innova Crysta,kaggle_market,19.24
Hyundai,I10,2011,15,75000,Petrol,Automatic,first,180500,Hyundai I10,kaggle_market,1.8
Mahindra,Xuv500,2013,13,81000,Diesel,Manual,first,551950,Mahindra Xuv500,kaggle_market,5.52
Mahindra,Tuv,2018,8,46500,Diesel,Automatic,second,593750,Mahindra Tuv,kaggle_market,5.94
Maruti Suzuki,Swift-Dzire,2011,15,81785,Petrol,Manual,second,251750,Maruti Suzuki Swift-Dzire,kaggle_market,2.52
Hyundai,I20,2011,15,82000,Petrol,Manual,first,304000,Hyundai I20,kaggle_market,3.04
Hyundai,Creta,2018,8,51000,Diesel,Manual,first,802750,Hyundai Creta,kaggle_market,8.03
Tata,Nano,2012,14,70000,Petrol,Manual,second,66500,Tata Nano,kaggle_market,0.66
Toyota,Innova Crysta,2018,8,135000,Diesel,Manual,second,1625450,Toyota Innova Crysta,kaggle_market,16.25
Audi,Q3,2015,11,68000,Diesel,Automatic,first,845500,Audi Q3,kaggle_market,8.46
Land Rover,Freelander 2,2013,13,104605,Diesel,Automatic,second,1472500,Land Rover Freelander 2,kaggle_market,14.72
Maruti Suzuki,Eeco,2016,10,49000,Petrol,Manual,second,342000,Maruti Suzuki Eeco,kaggle_market,3.42
Mini,Cooper Countryman,2018,8,39000,Petrol,Automatic,first,2945000,Mini Cooper Countryman,kaggle_market,29.45
Mg,Hector,2019,7,87000,Diesel,Manual,first,1139050,Mg Hector,kaggle_market,11.39
Jeep,Compass,2018,8,145000,Diesel,Manual,first,940500,Jeep Compass,kaggle_market,9.4
Maruti Suzuki,Baleno,2022,4,32000,Petrol,Automatic,second,617500,Maruti Suzuki Baleno,kaggle_market,6.18
Toyota,Fortuner,2020,6,45000,Diesel,Automatic,first,3752500,Toyota Fortuner,kaggle_market,37.52
Volkswagen,Ameo,2017,9,100000,Petrol,Manual,first,427500,Volkswagen Ameo,kaggle_market,4.28
Maruti Suzuki,Alto-K10,2011,15,71772,Petrol,Manual,first,175750,Maruti Suzuki Alto-K10,kaggle_market,1.76
Maruti Suzuki,Ertiga,2017,9,40000,Petrol,Manual,first,726750,Maruti Suzuki Ertiga,kaggle_market,7.27
Bmw,X1,2022,4,61000,Petrol,Automatic,first,3182500,Bmw X1,kaggle_market,31.82
Maruti Suzuki,Baleno,2018,8,47500,Petrol,Automatic,second,617500,Maruti Suzuki Baleno,kaggle_market,6.18
Hyundai,Verna,2016,10,147000,Petrol,Manual,first,489250,Hyundai Verna,kaggle_market,4.89
Hyundai,Creta,2019,7,99250,Diesel,Manual,second,949999,Hyundai Creta,kaggle_market,9.5
Honda,Brio,2016,10,65000,Petrol,Manual,first,379050,Honda Brio,kaggle_market,3.79
Maruti Suzuki,Wagon-R,2011,15,60000,Petrol,Manual,second,128250,Maruti Suzuki Wagon-R,kaggle_market,1.28
Hyundai,Grand I10,2014,12,74000,Petrol,Manual,second,370500,Hyundai Grand I10,kaggle_market,3.7
Jeep,Compass,2018,8,86000,Diesel,Manual,second,759050,Jeep Compass,kaggle_market,7.59
Toyota,Glanza,2019,7,59000,Petrol,Manual,first,546250,Toyota Glanza,kaggle_market,5.46
Maruti Suzuki,Ertiga,2014,12,78000,Diesel,Manual,second,650750,Maruti Suzuki Ertiga,kaggle_market,6.51
Maruti Suzuki,Alto-800,2019,7,22000,Petrol,Manual,first,304000,Maruti Suzuki Alto-800,kaggle_market,3.04
Tata,Harrier,2023,3,21342,Diesel,Automatic,first,2455750,Tata Harrier,kaggle_market,24.56
Kia,Seltos,2019,7,28832,Petrol,Manual,first,1187500,Kia Seltos,kaggle_market,11.88
Ford,Figo Aspire,2019,7,55000,Diesel,Manual,first,465500,Ford Figo Aspire,kaggle_market,4.66
Hyundai,I10,2012,14,46521,Petrol,Manual,first,228000,Hyundai I10,kaggle_market,2.28
Maruti Suzuki,Ignis,2020,6,43000,Petrol,Automatic,second,570000,Maruti Suzuki Ignis,kaggle_market,5.7
Bmw,3 Series,2014,12,64000,Diesel,Automatic,second,1167550,Bmw 3 Series,kaggle_market,11.68
Maruti Suzuki,Wagon-R,2014,12,84000,Petrol,Manual,second,226100,Maruti Suzuki Wagon-R,kaggle_market,2.26
Mahindra,Scorpio,2012,14,80000,Diesel,Automatic,second,389500,Mahindra Scorpio,kaggle_market,3.9
Tata,Safari Storme,2016,10,70000,Diesel,Manual,second,451250,Tata Safari Storme,kaggle_market,4.51
Toyota,Glanza,2019,7,90000,Petrol,Automatic,first,589000,Toyota Glanza,kaggle_market,5.89
Toyota,Innova Crysta,2016,10,140000,Diesel,Manual,first,1258750,Toyota Innova Crysta,kaggle_market,12.59
Hyundai,Creta,2022,4,89000,Diesel,Automatic,first,1568450,Hyundai Creta,kaggle_market,15.68
Kia,Seltos,2019,7,79273,Petrol,Manual,first,902500,Kia Seltos,kaggle_market,9.02
Maruti Suzuki,Swift,2014,12,56000,Petrol,Manual,second,327750,Maruti Suzuki Swift,kaggle_market,3.28
Hyundai,Eon,2017,9,43000,Petrol,Manual,second,180500,Hyundai Eon,kaggle_market,1.8
Maruti Suzuki,Wagon-R-1-0,2010,16,70000,Petrol,Manual,second,242250,Maruti Suzuki Wagon-R-1-0,kaggle_market,2.42
Maruti Suzuki,Alto-800,2014,12,70000,Petrol,Manual,second,223250,Maruti Suzuki Alto-800,kaggle_market,2.23
Maruti Suzuki,Vitara-Brezza,2017,9,81000,Diesel,Automatic,second,760000,Maruti Suzuki Vitara-Brezza,kaggle_market,7.6
Audi,A6,2015,11,73930,Diesel,Automatic,second,1424050,Audi A6,kaggle_market,14.24
Hyundai,Eon,2013,13,59000,Petrol,Manual,second,93100,Hyundai Eon,kaggle_market,0.93
Toyota,Innova,2013,13,170000,Diesel,Manual,second,1187500,Toyota Innova,kaggle_market,11.88
Maruti Suzuki,Vitara Brezza,2018,8,67000,Diesel,Automatic,first,664050,Maruti Suzuki Vitara Brezza,kaggle_market,6.64
Hyundai,Creta,2022,4,20012,Petrol,Automatic,first,1562750,Hyundai Creta,kaggle_market,15.63
Honda,City,2021,5,60180,Petrol,Automatic,first,1111500,Honda City,kaggle_market,11.12
Maruti Suzuki,Ritz,2012,14,148000,Diesel,Manual,second,228000,Maruti Suzuki Ritz,kaggle_market,2.28
Datsun,Go,2014,12,23000,Petrol,Manual,second,237499,Datsun Go,kaggle_market,2.37
Hyundai,Santro Xing,2011,15,51000,Petrol,Manual,first,161500,Hyundai Santro Xing,kaggle_market,1.62
Hyundai,Creta,2018,8,32000,Petrol,Automatic,first,1130500,Hyundai Creta,kaggle_market,11.3
Mahindra,Marazzo,2019,7,24200,Diesel,Manual,first,854999,Mahindra Marazzo,kaggle_market,8.55
Mahindra,Xuv500,2015,11,75000,Diesel,Manual,first,707750,Mahindra Xuv500,kaggle_market,7.08
Hyundai,I20,2010,16,90000,Diesel,Manual,second,190000,Hyundai I20,kaggle_market,1.9
Jeep,Compass,2018,8,25300,Petrol,Manual,second,926250,Jeep Compass,kaggle_market,9.26
Mahindra,Xuv500,2012,14,88441,Diesel,Manual,second,460750,Mahindra Xuv500,kaggle_market,4.61
Tata,Nexon,2022,4,53000,Diesel,Automatic,first,902500,Tata Nexon,kaggle_market,9.02
Maruti Suzuki,Eeco,2022,4,26600,Petrol,Manual,second,517750,Maruti Suzuki Eeco,kaggle_market,5.18
Hyundai,Xcent,2018,8,30000,Petrol,Manual,second,422750,Hyundai Xcent,kaggle_market,4.23
Honda,City,2016,10,60000,Petrol,Automatic,second,755250,Honda City,kaggle_market,7.55
Mahindra,Xuv 300,2021,5,75000,Diesel,Automatic,second,750500,Mahindra Xuv 300,kaggle_market,7.5
Hyundai,Grand I10 Nios,2022,4,24000,Petrol,Manual,second,603250,Hyundai Grand I10 Nios,kaggle_market,6.03
Hyundai,Creta,2022,4,16000,Diesel,Automatic,second,1567500,Hyundai Creta,kaggle_market,15.68
Hyundai,Grand I10,2019,7,89576,Petrol,Manual,first,441855,Hyundai Grand I10,kaggle_market,4.42
Honda,Jazz,2016,10,80000,Diesel,Manual,first,458850,Honda Jazz,kaggle_market,4.59
Hyundai,I10,2011,15,51000,Petrol,Manual,second,180500,Hyundai I10,kaggle_market,1.8
Maruti Suzuki,Maruti-Suzuki-Brezza,2019,7,35000,Diesel,Automatic,first,992750,Maruti Suzuki Maruti-Suzuki-Brezza,kaggle_market,9.93
Maruti Suzuki,Ignis,2021,5,80000,Petrol,Automatic,first,650750,Maruti Suzuki Ignis,kaggle_market,6.51
Mahindra,Kuv 100,2017,9,75000,Diesel,Manual,first,413250,Mahindra Kuv 100,kaggle_market,4.13
Mahindra,Xuv500,2015,11,88000,Diesel,Manual,second,807500,Mahindra Xuv500,kaggle_market,8.07
Bmw,2 Series,2021,5,20000,Petrol,Automatic,first,3315500,Bmw 2 Series,kaggle_market,33.16
Audi,A8 L,2014,12,50000,Diesel,Automatic,first,2327500,Audi A8 L,kaggle_market,23.28
Hyundai,I10,2011,15,34000,Petrol,Manual,first,237500,Hyundai I10,kaggle_market,2.38
Maruti Suzuki,Alto-K10,2011,15,132000,Petrol,Manual,second,140600,Maruti Suzuki Alto-K10,kaggle_market,1.41
Maruti Suzuki,Ciaz,2018,8,66000,Petrol,Automatic,first,665000,Maruti Suzuki Ciaz,kaggle_market,6.65
Maruti Suzuki,Ignis,2019,7,51000,Petrol,Automatic,first,517750,Maruti Suzuki Ignis,kaggle_market,5.18
Maruti Suzuki,Swift,2018,8,44000,Diesel,Manual,first,769500,Maruti Suzuki Swift,kaggle_market,7.7
Toyota,Fortuner,2019,7,81000,Diesel,Automatic,first,2992500,Toyota Fortuner,kaggle_market,29.92
Mahindra,Xuv500,2017,9,73000,Diesel,Manual,first,655500,Mahindra Xuv500,kaggle_market,6.56
Volkswagen,Virtus,2021,5,61000,Petrol,Automatic,first,1496250,Volkswagen Virtus,kaggle_market,14.96
Mahindra,Kuv 100,2016,10,70000,Petrol,Manual,second,152000,Mahindra Kuv 100,kaggle_market,1.52
Mg,Gloster,2021,5,18000,Diesel,Automatic,first,3133100,Mg Gloster,kaggle_market,31.33
Honda,Civic,2011,15,100000,Petrol,Automatic,second,190000,Honda Civic,kaggle_market,1.9
Skoda,Rapid,2014,12,70000,Diesel,Manual,second,375144,Skoda Rapid,kaggle_market,3.75
Bmw,5 Series,2021,5,18000,Diesel,Automatic,first,4417500,Bmw 5 Series,kaggle_market,44.18
Volvo,Xc60,2020,6,41000,Diesel,Automatic,first,4536250,Volvo Xc60,kaggle_market,45.36
Mahindra,Scorpio,2015,11,91252,Diesel,Manual,second,864500,Mahindra Scorpio,kaggle_market,8.64
Toyota,Innova,2011,15,159000,Diesel,Manual,second,973750,Toyota Innova,kaggle_market,9.74
Renault,Kwid,2020,6,42000,Petrol,Manual,second,318250,Renault Kwid,kaggle_market,3.18
Maruti Suzuki,Alto-800,2022,4,72000,Petrol,Manual,first,332500,Maruti Suzuki Alto-800,kaggle_market,3.32
Mahindra,Tuv,2017,9,69000,Diesel,Automatic,first,783750,Mahindra Tuv,kaggle_market,7.84
Mahindra,Xuv 300,2023,3,31000,Petrol,Automatic,first,1216000,Mahindra Xuv 300,kaggle_market,12.16
Tata,Tiago,2017,9,87000,Diesel,Manual,second,427500,Tata Tiago,kaggle_market,4.28
Skoda,Superb,2009,17,90241,Petrol,Automatic,second,332500,Skoda Superb,kaggle_market,3.32
Maruti Suzuki,Xl6,2021,5,86000,Petrol,Automatic,first,855000,Maruti Suzuki Xl6,kaggle_market,8.55
Maruti Suzuki,Swift-Dzire,2018,8,61585,Petrol,Automatic,first,541500,Maruti Suzuki Swift-Dzire,kaggle_market,5.42
Mahindra,Thar,2021,5,5000,Petrol,Manual,second,1201750,Mahindra Thar,kaggle_market,12.02
Honda,Wrv,2019,7,42000,Petrol,Manual,first,555750,Honda Wrv,kaggle_market,5.56
Maruti Suzuki,Ertiga,2017,9,50000,Diesel,Manual,first,565250,Maruti Suzuki Ertiga,kaggle_market,5.65
Maruti Suzuki,Swift,2019,7,40000,Petrol,Manual,second,584250,Maruti Suzuki Swift,kaggle_market,5.84
Toyota,Innova,2010,16,268000,Diesel,Manual,second,855000,Toyota Innova,kaggle_market,8.55
Hyundai,Xcent,2020,6,172000,Diesel,Manual,second,517750,Hyundai Xcent,kaggle_market,5.18
Hyundai,Grand I10 Nios,2020,6,60000,Petrol,Manual,second,451250,Hyundai Grand I10 Nios,kaggle_market,4.51
Renault,Kwid,2016,10,30000,Petrol,Automatic,second,275500,Renault Kwid,kaggle_market,2.76
Toyota,Fortuner,2014,12,120000,Diesel,Automatic,second,1471550,Toyota Fortuner,kaggle_market,14.72
Maruti Suzuki,Wagon-R,2022,4,15899,Petrol,Automatic,second,622250,Maruti Suzuki Wagon-R,kaggle_market,6.22
Mercedes-Benz,S-Class,2009,17,85000,Diesel,Automatic,second,1116250,Mercedes-Benz S-Class,kaggle_market,11.16
Hyundai,Creta,2018,8,79879,Diesel,Automatic,second,812250,Hyundai Creta,kaggle_market,8.12
Hyundai,Xcent,2019,7,78690,Diesel,Manual,first,503500,Hyundai Xcent,kaggle_market,5.04
Hyundai,I10,2011,15,39000,Petrol,Manual,first,251750,Hyundai I10,kaggle_market,2.52
Toyota,Innova Crysta,2021,5,44000,Diesel,Automatic,first,2897500,Toyota Innova Crysta,kaggle_market,28.98
Mercedes-Benz,E-Class,2010,16,96000,Diesel,Automatic,second,902500,Mercedes-Benz E-Class,kaggle_market,9.02
Skoda,Rapid,2017,9,36000,Petrol,Automatic,first,569050,Skoda Rapid,kaggle_market,5.69
Honda,Accord,2013,13,95000,Petrol,Automatic,first,379050,Honda Accord,kaggle_market,3.79
Bmw,X1,2017,9,59000,Diesel,Automatic,first,1235000,Bmw X1,kaggle_market,12.35
Maruti Suzuki,Celerio,2024,2,19000,Petrol,Automatic,first,688750,Maruti Suzuki Celerio,kaggle_market,6.89
Volkswagen,Polo,2018,8,64400,Petrol,Automatic,first,760000,Volkswagen Polo,kaggle_market,7.6
Hyundai,Xcent,2017,9,59623,Diesel,Manual,first,456000,Hyundai Xcent,kaggle_market,4.56
Mercedes-Benz,C-Class,2023,3,6000,Diesel,Automatic,first,5985000,Mercedes-Benz C-Class,kaggle_market,59.85
Toyota,Camry,2015,11,97000,Petrol,Automatic,second,1187500,Toyota Camry,kaggle_market,11.88
Toyota,Camry,2017,9,119500,Petrol,Automatic,second,1425000,Toyota Camry,kaggle_market,14.25
Hyundai,Verna,2011,15,132000,Petrol,Automatic,second,285000,Hyundai Verna,kaggle_market,2.85
Mercedes-Benz,C-Class,2015,11,61000,Diesel,Automatic,first,1733750,Mercedes-Benz C-Class,kaggle_market,17.34
Mahindra,Nuvosport,2016,10,73000,Diesel,Automatic,first,370500,Mahindra Nuvosport,kaggle_market,3.7
Mahindra,Xuv 300,2022,4,14555,Diesel,Automatic,first,1040250,Mahindra Xuv 300,kaggle_market,10.4
Renault,Duster,2015,11,75000,Diesel,Manual,second,190000,Renault Duster,kaggle_market,1.9
Mercedes-Benz,E-Class,2021,5,41000,Diesel,Automatic,first,4845000,Mercedes-Benz E-Class,kaggle_market,48.45
Hyundai,I10,2011,15,69298,Petrol,Manual,second,204250,Hyundai I10,kaggle_market,2.04
Hyundai,Santro Xing,2009,17,129000,Petrol,Manual,second,114000,Hyundai Santro Xing,kaggle_market,1.14
Toyota,Innova Crysta,2018,8,148000,Diesel,Automatic,first,1163750,Toyota Innova Crysta,kaggle_market,11.64
Jeep,Compass,2020,6,12672,Petrol,Automatic,first,1562750,Jeep Compass,kaggle_market,15.63
Mercedes-Benz,C-Class,2015,11,59000,Diesel,Automatic,second,1472500,Mercedes-Benz C-Class,kaggle_market,14.72
Hyundai,I20 N Line,2021,5,26000,Petrol,Automatic,first,869250,Hyundai I20 N Line,kaggle_market,8.69
Mahindra,Thar,2022,4,18000,Diesel,Automatic,first,1520000,Mahindra Thar,kaggle_market,15.2
Mercedes-Benz,C-Class,2016,10,68888,Diesel,Automatic,second,1781250,Mercedes-Benz C-Class,kaggle_market,17.81
Maruti Suzuki,Sx4,2010,16,71568,Petrol,Automatic,second,188100,Maruti Suzuki Sx4,kaggle_market,1.88
Maruti Suzuki,Vitara Brezza,2018,8,72523,Diesel,Automatic,first,617499,Maruti Suzuki Vitara Brezza,kaggle_market,6.17
Ford,Ecosport,2019,7,57000,Diesel,Manual,first,641250,Ford Ecosport,kaggle_market,6.41
Skoda,Superb,2018,8,22000,Petrol,Automatic,second,1567500,Skoda Superb,kaggle_market,15.68
Hyundai,Venue,2020,6,43772,Petrol,Automatic,first,1044050,Hyundai Venue,kaggle_market,10.44
Hyundai,Venue,2022,4,6000,Petrol,Manual,first,831250,Hyundai Venue,kaggle_market,8.31
Hyundai,I10,2013,13,65000,Petrol,Manual,first,270750,Hyundai I10,kaggle_market,2.71
Bmw,5 Series,2017,9,88000,Diesel,Automatic,first,2256250,Bmw 5 Series,kaggle_market,22.56
Hyundai,Creta,2016,10,61000,Diesel,Manual,second,760000,Hyundai Creta,kaggle_market,7.6
Maruti Suzuki,Wagon-R,2020,6,62000,Petrol,Manual,first,475000,Maruti Suzuki Wagon-R,kaggle_market,4.75
Honda,Mobilio,2015,11,69000,Diesel,Manual,first,280250,Honda Mobilio,kaggle_market,2.8
Maruti Suzuki,Celerio,2016,10,68000,Petrol,Automatic,second,380000,Maruti Suzuki Celerio,kaggle_market,3.8
Hyundai,Santro,2021,5,24000,Petrol,Automatic,first,470250,Hyundai Santro,kaggle_market,4.7
Ford,Endeavour,2017,9,69000,Diesel,Automatic,first,2256250,Ford Endeavour,kaggle_market,22.56
Maruti Suzuki,Swift,2014,12,75000,Petrol,Manual,first,280250,Maruti Suzuki Swift,kaggle_market,2.8
Hyundai,Xcent,2016,10,90020,Petrol,Manual,first,380000,Hyundai Xcent,kaggle_market,3.8
Ford,Ecosport,2017,9,105000,Petrol,Manual,second,606100,Ford Ecosport,kaggle_market,6.06
Renault,Kwid,2018,8,63000,Petrol,Automatic,first,308750,Renault Kwid,kaggle_market,3.09
Maruti Suzuki,Swift,2013,13,58000,Petrol,Manual,second,270750,Maruti Suzuki Swift,kaggle_market,2.71
Renault,Kwid,2016,10,48451,Petrol,Manual,first,232750,Renault Kwid,kaggle_market,2.33
Volkswagen,Polo,2013,13,99000,Diesel,Manual,second,337250,Volkswagen Polo,kaggle_market,3.37
Mahindra,Bolero,2015,11,102000,Diesel,Automatic,second,361000,Mahindra Bolero,kaggle_market,3.61
Kia,Sonet,2022,4,68000,Diesel,Manual,first,1130500,Kia Sonet,kaggle_market,11.3
Tata,Nexon,2019,7,86094,Diesel,Manual,first,607050,Tata Nexon,kaggle_market,6.07
Hyundai,I20,2017,9,100000,Diesel,Manual,second,522500,Hyundai I20,kaggle_market,5.22
Maruti Suzuki,Celerio,2020,6,78000,Petrol,Manual,first,465500,Maruti Suzuki Celerio,kaggle_market,4.66
Honda,Mobilio,2014,12,90000,Diesel,Manual,first,403750,Honda Mobilio,kaggle_market,4.04
Maruti Suzuki,Swift-Dzire,2010,16,110000,Petrol,Automatic,second,237500,Maruti Suzuki Swift-Dzire,kaggle_market,2.38
Mahindra,Bolero,2021,5,57548,Diesel,Manual,first,783750,Mahindra Bolero,kaggle_market,7.84
Hyundai,Grand I10,2014,12,35000,Petrol,Automatic,second,380000,Hyundai Grand I10,kaggle_market,3.8
Hyundai,Creta,2020,6,86000,Diesel,Manual,first,1377500,Hyundai Creta,kaggle_market,13.78
Hyundai,Santro,2019,7,40100,Petrol,Automatic,second,356250,Hyundai Santro,kaggle_market,3.56
Maruti Suzuki,Alto-800,2019,7,45238,Petrol,Manual,second,284050,Maruti Suzuki Alto-800,kaggle_market,2.84
Tata,Altroz,2022,4,30618,Diesel,Manual,first,851199,Tata Altroz,kaggle_market,8.51
Hyundai,Creta,2016,10,131000,Diesel,Manual,second,693500,Hyundai Creta,kaggle_market,6.94
Jeep,Compass,2018,8,36000,Petrol,Automatic,second,854050,Jeep Compass,kaggle_market,8.54
Ford,Ecosport,2018,8,55000,Diesel,Manual,first,622250,Ford Ecosport,kaggle_market,6.22
Honda,Brio,2016,10,89000,Petrol,Manual,second,342000,Honda Brio,kaggle_market,3.42
Tata,Tata-Punch,2022,4,8000,Petrol,Automatic,first,617500,Tata Tata-Punch,kaggle_market,6.18
Hyundai,Xcent,2017,9,45000,Petrol,Manual,first,375250,Hyundai Xcent,kaggle_market,3.75
Toyota,Corolla Altis,2010,16,181000,Petrol,Automatic,second,189999,Toyota Corolla Altis,kaggle_market,1.9
Mg,Hector Plus,2022,4,45000,Diesel,Manual,first,1795500,Mg Hector Plus,kaggle_market,17.95
Maruti Suzuki,Ciaz,2020,6,25000,Petrol,Manual,first,712500,Maruti Suzuki Ciaz,kaggle_market,7.12
Maruti Suzuki,Wagon-R,2010,16,70000,Petrol,Manual,second,242250,Maruti Suzuki Wagon-R,kaggle_market,2.42
Honda,Mobilio,2014,12,78001,Diesel,Manual,first,428450,Honda Mobilio,kaggle_market,4.28
Honda,Amaze,2019,7,54000,Diesel,Manual,second,817000,Honda Amaze,kaggle_market,8.17
Bmw,Z4,2020,6,11000,Petrol,Automatic,second,8075000,Bmw Z4,kaggle_market,80.75
Honda,City,2021,5,80100,Petrol,Automatic,first,1068750,Honda City,kaggle_market,10.69
Bmw,5 Series,2017,9,82000,Diesel,Automatic,second,3418100,Bmw 5 Series,kaggle_market,34.18
Ford,Ecosport,2016,10,49000,Petrol,Manual,second,432250,Ford Ecosport,kaggle_market,4.32
Honda,Jazz,2018,8,62000,Petrol,Automatic,first,498750,Honda Jazz,kaggle_market,4.99
Ford,Endeavour,2017,9,90000,Diesel,Automatic,first,1947500,Ford Endeavour,kaggle_market,19.48
Volkswagen,Polo,2014,12,81000,Diesel,Manual,second,408500,Volkswagen Polo,kaggle_market,4.08
Maruti Suzuki,Ritz,2016,10,110000,Diesel,Automatic,first,270750,Maruti Suzuki Ritz,kaggle_market,2.71
Volkswagen,Vento,2013,13,52000,Petrol,Automatic,first,413250,Volkswagen Vento,kaggle_market,4.13
Mahindra,Xuv500,2013,13,99000,Diesel,Manual,second,598500,Mahindra Xuv500,kaggle_market,5.98
Hyundai,Eon,2017,9,80000,Petrol,Manual,second,284050,Hyundai Eon,kaggle_market,2.84
Honda,Amaze,2013,13,99000,Diesel,Manual,first,375250,Honda Amaze,kaggle_market,3.75
Bmw,X5,2017,9,58500,Diesel,Automatic,second,3847500,Bmw X5,kaggle_market,38.48
Maruti Suzuki,Maruti-Suzuki-Dzire,2018,8,83500,Diesel,Automatic,first,646000,Maruti Suzuki Maruti-Suzuki-Dzire,kaggle_market,6.46
Skoda,Octavia,2022,4,19000,Petrol,Automatic,second,2175500,Skoda Octavia,kaggle_market,21.76
Ford,Endeavour,2017,9,72000,Diesel,Automatic,first,1757500,Ford Endeavour,kaggle_market,17.58
Maruti Suzuki,Swift-Dzire,2015,11,51700,Petrol,Manual,second,403750,Maruti Suzuki Swift-Dzire,kaggle_market,4.04
Renault,Triber,2020,6,37000,Petrol,Manual,first,379050,Renault Triber,kaggle_market,3.79
Porsche,Panamera,2017,9,16800,Diesel,Automatic,second,6555000,Porsche Panamera,kaggle_market,65.55
Toyota,Innova,2014,12,167000,Diesel,Manual,second,1140000,Toyota Innova,kaggle_market,11.4
Maruti Suzuki,Swift-Dzire,2011,15,77211,Petrol,Manual,second,256500,Maruti Suzuki Swift-Dzire,kaggle_market,2.56
Volkswagen,Polo,2020,6,35000,Petrol,Automatic,first,1125750,Volkswagen Polo,kaggle_market,11.26
Honda,Brio,2013,13,55000,Petrol,Manual,second,360809,Honda Brio,kaggle_market,3.61
Mahindra,Scorpio-N,2023,3,17000,Diesel,Automatic,first,2089050,Mahindra Scorpio-N,kaggle_market,20.89
Maruti Suzuki,Baleno,2022,4,17511,Petrol,Manual,first,821750,Maruti Suzuki Baleno,kaggle_market,8.22
Toyota,Etios Liva,2015,11,145000,Diesel,Manual,second,512050,Toyota Etios Liva,kaggle_market,5.12
Maruti Suzuki,Baleno,2021,5,65000,Petrol,Manual,first,646000,Maruti Suzuki Baleno,kaggle_market,6.46
Hyundai,Creta,2017,9,76000,Diesel,Manual,first,836000,Hyundai Creta,kaggle_market,8.36
Maruti Suzuki,Alto-K10,2014,12,34000,Petrol,Automatic,second,223250,Maruti Suzuki Alto-K10,kaggle_market,2.23
Hyundai,Tucson,2017,9,74310,Diesel,Automatic,second,973750,Hyundai Tucson,kaggle_market,9.74
Maruti Suzuki,Swift-Dzire,2016,10,78000,Diesel,Manual,second,494000,Maruti Suzuki Swift-Dzire,kaggle_market,4.94
Toyota,Corolla Altis,2016,10,118000,Petrol,Automatic,first,759050,Toyota Corolla Altis,kaggle_market,7.59
Ford,Figo Aspire,2016,10,50000,Petrol,Manual,second,313500,Ford Figo Aspire,kaggle_market,3.14
Mahindra,Scorpio,2018,8,71000,Diesel,Manual,first,850250,Mahindra Scorpio,kaggle_market,8.5
Maruti Suzuki,Baleno,2019,7,61000,Petrol,Automatic,first,570000,Maruti Suzuki Baleno,kaggle_market,5.7
Toyota,Innova Crysta,2020,6,106000,Diesel,Manual,first,2137500,Toyota Innova Crysta,kaggle_market,21.38
Ford,Endeavour,2017,9,60000,Diesel,Automatic,first,1895250,Ford Endeavour,kaggle_market,18.95
Maruti Suzuki,Alto-K10,2017,9,45000,Petrol,Manual,first,275500,Maruti Suzuki Alto-K10,kaggle_market,2.76
Maruti Suzuki,Wagon-R-Stingray,2014,12,59000,Petrol,Manual,second,378100,Maruti Suzuki Wagon-R-Stingray,kaggle_market,3.78
Maruti Suzuki,Maruti-Suzuki-Dzire,2018,8,46000,Petrol,Automatic,second,636500,Maruti Suzuki Maruti-Suzuki-Dzire,kaggle_market,6.36
Maruti Suzuki,Ignis,2022,4,9665,Petrol,Automatic,first,655500,Maruti Suzuki Ignis,kaggle_market,6.56
Hyundai,I10,2011,15,81851,Petrol,Manual,first,237499,Hyundai I10,kaggle_market,2.37
Maruti Suzuki,Ertiga,2020,6,30000,Petrol,Manual,first,831250,Maruti Suzuki Ertiga,kaggle_market,8.31
Kia,Sonet,2021,5,29000,Petrol,Automatic,first,1021250,Kia Sonet,kaggle_market,10.21
Maruti Suzuki,Swift,2022,4,40000,Diesel,Automatic,first,726750,Maruti Suzuki Swift,kaggle_market,7.27
Maruti Suzuki,Swift,2016,10,117000,Diesel,Manual,second,541500,Maruti Suzuki Swift,kaggle_market,5.42
Maruti Suzuki,Swift,2023,3,8235,Petrol,Manual,first,755250,Maruti Suzuki Swift,kaggle_market,7.55
Hyundai,I10,2010,16,90000,Petrol,Automatic,second,167199,Hyundai I10,kaggle_market,1.67
Ford,Ecosport,2014,12,50000,Petrol,Automatic,second,494000,Ford Ecosport,kaggle_market,4.94
Maruti Suzuki,Swift-Dzire,2013,13,152000,Diesel,Manual,first,380000,Maruti Suzuki Swift-Dzire,kaggle_market,3.8
Chevrolet,Sail U-Va,2016,10,120000,Diesel,Manual,second,228000,Chevrolet Sail U-Va,kaggle_market,2.28
Maruti Suzuki,Eeco,2011,15,38000,Petrol,Automatic,first,251750,Maruti Suzuki Eeco,kaggle_market,2.52
Maruti Suzuki,Wagon-R,2018,8,19000,Petrol,Automatic,first,356250,Maruti Suzuki Wagon-R,kaggle_market,3.56
Maruti Suzuki,Ritz,2012,14,65500,Diesel,Manual,first,313500,Maruti Suzuki Ritz,kaggle_market,3.14
Ford,Ecosport,2015,11,78000,Diesel,Manual,second,323000,Ford Ecosport,kaggle_market,3.23
Mercedes-Benz,Gls,2020,6,9500,Diesel,Automatic,first,8550000,Mercedes-Benz Gls,kaggle_market,85.5
Volkswagen,Passat,2013,13,90233,Diesel,Manual,first,664999,Volkswagen Passat,kaggle_market,6.65
Maruti Suzuki,Vitara-Brezza,2019,7,83000,Diesel,Automatic,first,736250,Maruti Suzuki Vitara-Brezza,kaggle_market,7.36
Hyundai,Creta,2017,9,81000,Petrol,Automatic,first,688750,Hyundai Creta,kaggle_market,6.89
Volkswagen,Polo,2015,11,77200,Petrol,Automatic,second,427499,Volkswagen Polo,kaggle_market,4.27
Hyundai,I10,2009,17,88000,Petrol,Automatic,second,275500,Hyundai I10,kaggle_market,2.76
Hyundai,I20,2009,17,119725,Petrol,Manual,second,180500,Hyundai I20,kaggle_market,1.8
Maruti Suzuki,Ciaz,2017,9,52145,Diesel,Manual,first,551000,Maruti Suzuki Ciaz,kaggle_market,5.51
Mercedes-Benz,A-Class Limousine,2023,3,7000,Diesel,Automatic,first,3610000,Mercedes-Benz A-Class Limousine,kaggle_market,36.1
Maruti Suzuki,Vitara-Brezza,2019,7,63000,Diesel,Manual,first,802750,Maruti Suzuki Vitara-Brezza,kaggle_market,8.03
Audi,A6,2018,8,48000,Diesel,Automatic,second,2351250,Audi A6,kaggle_market,23.51
Maruti Suzuki,Wagon-R,2013,13,67980,Petrol,Manual,first,284050,Maruti Suzuki Wagon-R,kaggle_market,2.84
Mahindra,Xuv500,2015,11,72000,Diesel,Manual,second,655500,Mahindra Xuv500,kaggle_market,6.56
Toyota,Etios Liva,2012,14,86000,Diesel,Manual,first,327750,Toyota Etios Liva,kaggle_market,3.28
Tata,Nexon,2019,7,20000,Petrol,Automatic,second,550050,Tata Nexon,kaggle_market,5.5
Honda,City,2020,6,33000,Petrol,Automatic,first,1125750,Honda City,kaggle_market,11.26
Hyundai,Verna,2020,6,80899,Diesel,Manual,first,1235000,Hyundai Verna,kaggle_market,12.35
Mercedes-Benz,E-Class,2018,8,63000,Diesel,Automatic,first,4132500,Mercedes-Benz E-Class,kaggle_market,41.32
Bmw,5 Series,2014,12,94000,Diesel,Automatic,second,1281550,Bmw 5 Series,kaggle_market,12.82
Maruti Suzuki,Wagon-R-Stingray,2017,9,22270,Petrol,Manual,first,403750,Maruti Suzuki Wagon-R-Stingray,kaggle_market,4.04
Honda,Jazz,2016,10,86000,Diesel,Manual,second,437000,Honda Jazz,kaggle_market,4.37
Maruti Suzuki,Sx4,2011,15,117000,Diesel,Manual,first,237499,Maruti Suzuki Sx4,kaggle_market,2.37
Mercedes-Benz,Gle,2016,10,84067,Diesel,Automatic,first,2446250,Mercedes-Benz Gle,kaggle_market,24.46
Maruti Suzuki,Alto,2011,15,80000,Petrol,Automatic,second,84550,Maruti Suzuki Alto,kaggle_market,0.85
Hyundai,I10,2011,15,47000,Petrol,Manual,second,251750,Hyundai I10,kaggle_market,2.52
Toyota,Innova Crysta,2019,7,71000,Diesel,Manual,first,1543750,Toyota Innova Crysta,kaggle_market,15.44
Maruti Suzuki,Ertiga,2021,5,49780,Petrol,Manual,first,849300,Maruti Suzuki Ertiga,kaggle_market,8.49
Maruti Suzuki,Wagon-R-1-0,2014,12,27000,Petrol,Manual,first,413250,Maruti Suzuki Wagon-R-1-0,kaggle_market,4.13
Honda,Amaze,2015,11,71000,Petrol,Manual,first,261250,Honda Amaze,kaggle_market,2.61
Audi,A6,2015,11,84000,Diesel,Automatic,first,1853450,Audi A6,kaggle_market,18.53
Maruti Suzuki,Swift-Dzire,2020,6,19150,Petrol,Automatic,first,665000,Maruti Suzuki Swift-Dzire,kaggle_market,6.65
Audi,A6,2014,12,65000,Diesel,Automatic,second,940500,Audi A6,kaggle_market,9.4
Jeep,Compass,2018,8,113000,Diesel,Manual,second,850250,Jeep Compass,kaggle_market,8.5
Mahindra,Tuv,2015,11,78000,Diesel,Manual,second,379050,Mahindra Tuv,kaggle_market,3.79
Volkswagen,Polo,2017,9,91000,Petrol,Automatic,second,736250,Volkswagen Polo,kaggle_market,7.36
Maruti Suzuki,Vitara-Brezza,2023,3,3000,Petrol,Manual,first,1235000,Maruti Suzuki Vitara-Brezza,kaggle_market,12.35
Mahindra,Xuv500,2015,11,65000,Diesel,Manual,first,1040250,Mahindra Xuv500,kaggle_market,10.4
Mahindra,Xuv500,2013,13,81000,Diesel,Manual,first,546250,Mahindra Xuv500,kaggle_market,5.46
Chevrolet,Beat,2010,16,25000,Petrol,Manual,second,123500,Chevrolet Beat,kaggle_market,1.24
Bmw,3 Series Gran Limousine,2023,3,3500,Petrol,Automatic,first,5329500,Bmw 3 Series Gran Limousine,kaggle_market,53.3
Maruti Suzuki,Wagon-R,2016,10,56000,Petrol,Automatic,first,498750,Maruti Suzuki Wagon-R,kaggle_market,4.99
Hyundai,Alcazar,2022,4,72000,Diesel,Automatic,first,1467750,Hyundai Alcazar,kaggle_market,14.68
Maruti Suzuki,Eeco,2020,6,50000,Petrol,Manual,second,451250,Maruti Suzuki Eeco,kaggle_market,4.51
Tata,Nexon,2019,7,38096,Diesel,Manual,first,617500,Tata Nexon,kaggle_market,6.18
Mahindra,Ssangyong-Rexton,2014,12,83000,Diesel,Automatic,second,498750,Mahindra Ssangyong-Rexton,kaggle_market,4.99
Mercedes-Benz,S-Class,2014,12,75000,Diesel,Automatic,second,2840500,Mercedes-Benz S-Class,kaggle_market,28.4
Chevrolet,Cruze,2012,14,78000,Diesel,Automatic,second,332500,Chevrolet Cruze,kaggle_market,3.32
Maruti Suzuki,Vitara-Brezza,2016,10,84500,Diesel,Manual,first,594700,Maruti Suzuki Vitara-Brezza,kaggle_market,5.95
Hyundai,Verna,2018,8,78000,Diesel,Manual,first,831250,Hyundai Verna,kaggle_market,8.31
Honda,Amaze,2015,11,117000,Petrol,Manual,second,285000,Honda Amaze,kaggle_market,2.85
Mahindra,Xuv500,2016,10,111821,Diesel,Manual,first,712500,Mahindra Xuv500,kaggle_market,7.12
Honda,City,2019,7,45000,Petrol,Automatic,second,802750,Honda City,kaggle_market,8.03
Hyundai,Grand I10 Nios,2021,5,8000,Petrol,Automatic,second,641250,Hyundai Grand I10 Nios,kaggle_market,6.41
Renault,Kwid,2019,7,16000,Petrol,Automatic,first,399000,Renault Kwid,kaggle_market,3.99
Maruti Suzuki,Baleno,2017,9,60000,Petrol,Manual,second,475000,Maruti Suzuki Baleno,kaggle_market,4.75
Toyota,Etios,2015,11,81000,Diesel,Manual,first,436050,Toyota Etios,kaggle_market,4.36
Honda,Wrv,2019,7,38000,Petrol,Manual,first,608000,Honda Wrv,kaggle_market,6.08
Mercedes-Benz,Cla,2018,8,63000,Diesel,Automatic,second,1710000,Mercedes-Benz Cla,kaggle_market,17.1
Mahindra,Xuv500,2018,8,51000,Diesel,Automatic,first,983250,Mahindra Xuv500,kaggle_market,9.83
Maruti Suzuki,Swift-Dzire,2018,8,68000,Diesel,Manual,first,408500,Maruti Suzuki Swift-Dzire,kaggle_market,4.08
Nissan,Sunny,2012,14,108000,Diesel,Manual,second,285000,Nissan Sunny,kaggle_market,2.85
Volvo,Xc60,2020,6,55000,Diesel,Automatic,first,4275000,Volvo Xc60,kaggle_market,42.75
Mini,Cooper 3 Door,2015,11,65000,Diesel,Automatic,first,1900000,Mini Cooper 3 Door,kaggle_market,19.0
Mercedes-Benz,C-Class,2017,9,55000,Diesel,Automatic,first,2279050,Mercedes-Benz C-Class,kaggle_market,22.79
Hyundai,Eon,2014,12,52000,Petrol,Manual,first,232750,Hyundai Eon,kaggle_market,2.33
Maruti Suzuki,Swift-Dzire,2018,8,75000,Diesel,Manual,second,522500,Maruti Suzuki Swift-Dzire,kaggle_market,5.22
Bmw,5 Series,2012,14,75000,Diesel,Automatic,second,1448750,Bmw 5 Series,kaggle_market,14.49
Toyota,Innova,2012,14,250000,Diesel,Manual,second,664999,Toyota Innova,kaggle_market,6.65
Maruti Suzuki,Ritz,2016,10,103000,Petrol,Manual,second,332500,Maruti Suzuki Ritz,kaggle_market,3.32
Maruti Suzuki,Swift,2016,10,65000,Diesel,Manual,first,522500,Maruti Suzuki Swift,kaggle_market,5.22
Maruti Suzuki,S-Cross,2017,9,82000,Diesel,Manual,first,684000,Maruti Suzuki S-Cross,kaggle_market,6.84
Nissan,Micra,2013,13,50000,Petrol,Manual,second,232750,Nissan Micra,kaggle_market,2.33
Mercedes-Benz,M-Class,2014,12,157000,Diesel,Automatic,second,1211250,Mercedes-Benz M-Class,kaggle_market,12.11
Toyota,Innova,2007,19,174000,Diesel,Manual,first,617499,Toyota Innova,kaggle_market,6.17
Audi,A6,2014,12,16500,Diesel,Automatic,first,1510500,Audi A6,kaggle_market,15.1
Mahindra,Thar,2022,4,52000,Diesel,Manual,first,1306250,Mahindra Thar,kaggle_market,13.06
Hyundai,Elantra,2014,12,102000,Petrol,Automatic,second,546250,Hyundai Elantra,kaggle_market,5.46
Mini,5 Door,2015,11,36338,Diesel,Automatic,first,2565000,Mini 5 Door,kaggle_market,25.65
Fiat,Linea,2012,14,65000,Diesel,Manual,second,189050,Fiat Linea,kaggle_market,1.89
Maruti Suzuki,Wagon-R,2015,11,123000,Petrol,Manual,second,332500,Maruti Suzuki Wagon-R,kaggle_market,3.32
Audi,A4,2014,12,80000,Diesel,Automatic,first,712500,Audi A4,kaggle_market,7.12
Hyundai,Creta,2019,7,75000,Diesel,Automatic,first,1021250,Hyundai Creta,kaggle_market,10.21
Ford,Ecosport,2017,9,99000,Diesel,Manual,first,750500,Ford Ecosport,kaggle_market,7.5
Mahindra,Bolero,2017,9,82000,Diesel,Manual,first,646000,Mahindra Bolero,kaggle_market,6.46
Hyundai,Venue,2020,6,23000,Petrol,Manual,first,569050,Hyundai Venue,kaggle_market,5.69
Audi,A4,2013,13,78649,Diesel,Automatic,second,926250,Audi A4,kaggle_market,9.26
Mercedes-Benz,Cla,2018,8,85000,Diesel,Automatic,first,2042500,Mercedes-Benz Cla,kaggle_market,20.42
Maruti Suzuki,Baleno,2020,6,37800,Petrol,Manual,first,584250,Maruti Suzuki Baleno,kaggle_market,5.84
Toyota,Innova,2009,17,98000,Diesel,Manual,second,584250,Toyota Innova,kaggle_market,5.84
Mahindra,Xuv500,2012,14,142000,Diesel,Manual,second,665000,Mahindra Xuv500,kaggle_market,6.65
Mercedes-Benz,M-Class,2014,12,105000,Diesel,Automatic,first,1330000,Mercedes-Benz M-Class,kaggle_market,13.3
Honda,Wrv,2017,9,88000,Diesel,Manual,second,498750,Honda Wrv,kaggle_market,4.99
Mahindra,Thar,2022,4,60000,Diesel,Automatic,first,1304350,Mahindra Thar,kaggle_market,13.04
Hyundai,Creta,2017,9,63441,Petrol,Automatic,first,902500,Hyundai Creta,kaggle_market,9.02
Hyundai,Grand I10,2017,9,66000,Petrol,Automatic,first,494000,Hyundai Grand I10,kaggle_market,4.94
Nissan,Magnite,2022,4,30000,Petrol,Automatic,second,712500,Nissan Magnite,kaggle_market,7.12
Honda,Amaze,2015,11,48000,Petrol,Manual,second,403750,Honda Amaze,kaggle_market,4.04
Hyundai,I20,2010,16,64000,Petrol,Manual,second,189050,Hyundai I20,kaggle_market,1.89
Hyundai,Verna,2014,12,80000,Diesel,Manual,first,617500,Hyundai Verna,kaggle_market,6.18
Maruti Suzuki,Ertiga,2019,7,71000,Diesel,Manual,second,940500,Maruti Suzuki Ertiga,kaggle_market,9.4
Mahindra,Xuv500,2011,15,95000,Diesel,Manual,second,655500,Mahindra Xuv500,kaggle_market,6.56
Volvo,S60,2017,9,85000,Diesel,Automatic,second,1568450,Volvo S60,kaggle_market,15.68
Maruti Suzuki,Swift,2015,11,39000,Petrol,Manual,first,422750,Maruti Suzuki Swift,kaggle_market,4.23
Kia,Seltos,2020,6,45759,Petrol,Automatic,first,1278700,Kia Seltos,kaggle_market,12.79
Hyundai,Eon,2013,13,41258,Petrol,Manual,second,185250,Hyundai Eon,kaggle_market,1.85
Nissan,Micra Active,2013,13,98530,Petrol,Manual,first,232750,Nissan Micra Active,kaggle_market,2.33
Land Rover,Range Rover Sport,2019,7,89000,Diesel,Automatic,second,7885000,Land Rover Range Rover Sport,kaggle_market,78.85
Honda,City,2017,9,75000,Petrol,Automatic,second,726750,Honda City,kaggle_market,7.27
Tata,Altroz,2022,4,12000,Petrol,Manual,first,627000,Tata Altroz,kaggle_market,6.27
Toyota,Fortuner,2011,15,89000,Diesel,Manual,second,997500,Toyota Fortuner,kaggle_market,9.98
Volkswagen,Ameo,2017,9,51000,Petrol,Manual,second,323000,Volkswagen Ameo,kaggle_market,3.23
Skoda,Rapid,2015,11,77000,Diesel,Automatic,second,375250,Skoda Rapid,kaggle_market,3.75
Renault,Triber,2021,5,36250,Petrol,Manual,first,546250,Renault Triber,kaggle_market,5.46
Hyundai,I10,2010,16,105000,Petrol,Manual,second,123500,Hyundai I10,kaggle_market,1.24
Maruti Suzuki,Swift-Dzire,2017,9,124000,Diesel,Manual,second,489250,Maruti Suzuki Swift-Dzire,kaggle_market,4.89
Mahindra,Thar,2022,4,40000,Diesel,Manual,first,1349000,Mahindra Thar,kaggle_market,13.49
Toyota,Etios Liva,2016,10,110000,Petrol,Manual,second,408500,Toyota Etios Liva,kaggle_market,4.08
Nissan,Sunny,2013,13,70000,Diesel,Manual,first,304000,Nissan Sunny,kaggle_market,3.04
Maruti Suzuki,800,2009,17,71000,Petrol,Manual,second,137750,Maruti Suzuki 800,kaggle_market,1.38
Renault,Kwid,2020,6,65000,Petrol,Manual,first,289750,Renault Kwid,kaggle_market,2.9
Mahindra,Kuv 100,2016,10,76000,Diesel,Manual,first,308750,Mahindra Kuv 100,kaggle_market,3.09
Hyundai,New Santro,2019,7,41000,Petrol,Manual,first,403750,Hyundai New Santro,kaggle_market,4.04
Porsche,Cayman,2014,12,7000,Petrol,Automatic,first,7980000,Porsche Cayman,kaggle_market,79.8
Audi,Q3,2015,11,50000,Diesel,Automatic,second,1496250,Audi Q3,kaggle_market,14.96
Maruti Suzuki,Ignis,2021,5,31000,Petrol,Manual,first,494000,Maruti Suzuki Ignis,kaggle_market,4.94
Bmw,X1,2013,13,90000,Diesel,Automatic,second,854050,Bmw X1,kaggle_market,8.54
Hyundai,I10,2011,15,34799,Petrol,Manual,first,327750,Hyundai I10,kaggle_market,3.28
Hyundai,Grand I10,2016,10,65000,Petrol,Manual,first,380000,Hyundai Grand I10,kaggle_market,3.8
Kia,Seltos,2022,4,27300,Petrol,Automatic,second,1230250,Kia Seltos,kaggle_market,12.3
Maruti Suzuki,Ertiga,2017,9,70000,Petrol,Automatic,first,755250,Maruti Suzuki Ertiga,kaggle_market,7.55
Mercedes-Benz,S-Class,2015,11,72000,Petrol,Automatic,second,4000450,Mercedes-Benz S-Class,kaggle_market,40.0
Volkswagen,Polo,2016,10,149000,Diesel,Manual,second,641250,Volkswagen Polo,kaggle_market,6.41
Hyundai,Grand I10,2014,12,82310,Petrol,Manual,second,342000,Hyundai Grand I10,kaggle_market,3.42
Toyota,Etios,2015,11,202000,Diesel,Manual,second,427500,Toyota Etios,kaggle_market,4.28
Maruti Suzuki,Swift-Dzire,2018,8,128000,Diesel,Automatic,first,636500,Maruti Suzuki Swift-Dzire,kaggle_market,6.36
Honda,Brio,2013,13,46000,Petrol,Automatic,second,284050,Honda Brio,kaggle_market,2.84
Bmw,X3,2020,6,76500,Diesel,Automatic,first,4227500,Bmw X3,kaggle_market,42.28
Toyota,Corolla Altis,2014,12,89000,Diesel,Manual,first,555750,Toyota Corolla Altis,kaggle_market,5.56
Ford,Ecosport,2016,10,81000,Diesel,Manual,second,475000,Ford Ecosport,kaggle_market,4.75
Toyota,Innova,2013,13,180555,Diesel,Manual,second,1021250,Toyota Innova,kaggle_market,10.21
Renault,Kwid,2017,9,61500,Petrol,Manual,second,304000,Renault Kwid,kaggle_market,3.04
Mercedes-Benz,Cls-Class,2015,11,82000,Diesel,Automatic,second,2327500,Mercedes-Benz Cls-Class,kaggle_market,23.28
Maruti Suzuki,S-Presso,2019,7,59000,Petrol,Automatic,first,451250,Maruti Suzuki S-Presso,kaggle_market,4.51
Maruti Suzuki,Ertiga,2016,10,41000,Petrol,Manual,second,712500,Maruti Suzuki Ertiga,kaggle_market,7.12
Nissan,Sunny,2014,12,98400,Diesel,Manual,second,327750,Nissan Sunny,kaggle_market,3.28
Maruti Suzuki,Ciaz,2022,4,26000,Petrol,Automatic,second,950000,Maruti Suzuki Ciaz,kaggle_market,9.5
Volkswagen,Polo,2011,15,65000,Diesel,Manual,second,228000,Volkswagen Polo,kaggle_market,2.28
Maruti Suzuki,Maruti-Suzuki-Dzire,2018,8,104000,Diesel,Automatic,first,660250,Maruti Suzuki Maruti-Suzuki-Dzire,kaggle_market,6.6
Mahindra,Xuv500,2018,8,65000,Diesel,Manual,first,921500,Mahindra Xuv500,kaggle_market,9.22
Hyundai,I20,2015,11,38000,Petrol,Manual,first,475000,Hyundai I20,kaggle_market,4.75
Kia,Carnival,2022,4,30000,Diesel,Automatic,first,3657500,Kia Carnival,kaggle_market,36.58
Toyota,Innova,2015,11,160000,Diesel,Manual,second,1187500,Toyota Innova,kaggle_market,11.88
Kia,Sonet,2021,5,65000,Diesel,Automatic,first,926250,Kia Sonet,kaggle_market,9.26
Maruti Suzuki,Baleno,2019,7,61000,Petrol,Automatic,first,612750,Maruti Suzuki Baleno,kaggle_market,6.13
Toyota,Fortuner,2023,3,7900,Diesel,Automatic,first,4346250,Toyota Fortuner,kaggle_market,43.46
Mercedes-Benz,Gla,2019,7,30000,Diesel,Automatic,second,2374999,Mercedes-Benz Gla,kaggle_market,23.75
Mercedes-Benz,Gls,2018,8,54855,Diesel,Automatic,first,6412500,Mercedes-Benz Gls,kaggle_market,64.12
Jaguar,F-Pace,2018,8,35000,Diesel,Automatic,first,3040000,Jaguar F-Pace,kaggle_market,30.4
Mercedes-Benz,E-Class,2012,14,118000,Diesel,Automatic,second,745750,Mercedes-Benz E-Class,kaggle_market,7.46
Maruti Suzuki,Brezza,2020,6,95000,Petrol,Automatic,first,713450,Maruti Suzuki Brezza,kaggle_market,7.13
Volkswagen,Crosspolo,2014,12,104600,Diesel,Manual,second,451250,Volkswagen Crosspolo,kaggle_market,4.51
Maruti Suzuki,Vitara-Brezza,2019,7,65000,Diesel,Manual,first,379999,Maruti Suzuki Vitara-Brezza,kaggle_market,3.8
Maruti Suzuki,Vitara Brezza,2017,9,94000,Diesel,Automatic,second,759050,Maruti Suzuki Vitara Brezza,kaggle_market,7.59
Skoda,Rapid,2017,9,83000,Diesel,Manual,first,522500,Skoda Rapid,kaggle_market,5.22
Volvo,S60,2015,11,59000,Diesel,Automatic,first,997500,Volvo S60,kaggle_market,9.98
Maruti Suzuki,Ertiga,2015,11,5656,Diesel,Manual,first,285000,Maruti Suzuki Ertiga,kaggle_market,2.85
Honda,Civic,2008,18,98000,Petrol,Automatic,second,332500,Honda Civic,kaggle_market,3.32
Ford,Aspire,2018,8,32000,Petrol,Manual,first,475000,Ford Aspire,kaggle_market,4.75
Honda,Amaze,2019,7,30500,Petrol,Automatic,second,609900,Honda Amaze,kaggle_market,6.1
Hyundai,Creta,2023,3,8394,Petrol,Manual,first,1365150,Hyundai Creta,kaggle_market,13.65
Tata,Safari,2010,16,60565,Diesel,Manual,second,266000,Tata Safari,kaggle_market,2.66
Audi,Q7,2016,10,69000,Diesel,Automatic,second,2802500,Audi Q7,kaggle_market,28.02
Audi,Q3,2015,11,73000,Diesel,Automatic,first,949050,Audi Q3,kaggle_market,9.49
Toyota,Innova,2014,12,125000,Diesel,Manual,second,712500,Toyota Innova,kaggle_market,7.12
Maruti Suzuki,Swift,2018,8,79000,Diesel,Manual,first,636500,Maruti Suzuki Swift,kaggle_market,6.36
Maruti Suzuki,Swift,2012,14,89000,Diesel,Manual,first,230850,Maruti Suzuki Swift,kaggle_market,2.31
Hyundai,Grand I10,2014,12,62000,Petrol,Manual,second,375250,Hyundai Grand I10,kaggle_market,3.75
Mahindra,Thar,2023,3,49000,Diesel,Manual,first,1496250,Mahindra Thar,kaggle_market,14.96
Honda,Wrv,2017,9,84000,Petrol,Manual,second,522500,Honda Wrv,kaggle_market,5.22
Volvo,Xc40,2019,7,76000,Diesel,Automatic,first,2826250,Volvo Xc40,kaggle_market,28.26
Mercedes-Benz,Gle Class,2017,9,150000,Diesel,Automatic,first,2612500,Mercedes-Benz Gle Class,kaggle_market,26.12
Hyundai,Grand I10,2016,10,82000,Petrol,Manual,second,285000,Hyundai Grand I10,kaggle_market,2.85
Bmw,3 Series,2012,14,85000,Diesel,Automatic,first,760000,Bmw 3 Series,kaggle_market,7.6
Mercedes-Benz,Amg A35,2023,3,10000,Petrol,Automatic,first,5225000,Mercedes-Benz Amg A35,kaggle_market,52.25
Bmw,X1,2018,8,43000,Diesel,Automatic,first,2185000,Bmw X1,kaggle_market,21.85
Mahindra,Scorpio,2008,18,203045,Diesel,Manual,first,370501,Mahindra Scorpio,kaggle_market,3.71
Hyundai,Xcent,2016,10,135000,Diesel,Manual,first,280250,Hyundai Xcent,kaggle_market,2.8
Maruti Suzuki,Swift-Dzire,2022,4,69000,Petrol,Manual,first,631750,Maruti Suzuki Swift-Dzire,kaggle_market,6.32
Volkswagen,Ventotest,2013,13,62000,Petrol,Automatic,second,308750,Volkswagen Ventotest,kaggle_market,3.09
Ford,Ecosport,2015,11,68530,Diesel,Manual,second,308750,Ford Ecosport,kaggle_market,3.09
Mercedes-Benz,E-Class,2020,6,42349,Diesel,Automatic,second,3600500,Mercedes-Benz E-Class,kaggle_market,36.01
Renault,Fluence,2015,11,78000,Diesel,Manual,first,427500,Renault Fluence,kaggle_market,4.28
Maruti Suzuki,Celerio,2015,11,65000,Petrol,Automatic,second,379050,Maruti Suzuki Celerio,kaggle_market,3.79
Volvo,S60 Cross Country,2018,8,43000,Diesel,Automatic,first,1795500,Volvo S60 Cross Country,kaggle_market,17.95
Maruti Suzuki,Swift-Dzire,2011,15,80000,Diesel,Manual,second,180500,Maruti Suzuki Swift-Dzire,kaggle_market,1.8
Hyundai,Alcazar,2023,3,28000,Diesel,Automatic,second,1828750,Hyundai Alcazar,kaggle_market,18.29
Skoda,Rapid,2015,11,71000,Diesel,Manual,first,379050,Skoda Rapid,kaggle_market,3.79
Hyundai,Grand I10,2017,9,100500,Diesel,Manual,second,327750,Hyundai Grand I10,kaggle_market,3.28
Maruti Suzuki,Ertiga,2022,4,52000,Petrol,Manual,first,1116250,Maruti Suzuki Ertiga,kaggle_market,11.16
Hyundai,I10,2017,9,57452,Petrol,Manual,first,465500,Hyundai I10,kaggle_market,4.66
Tata,Nexon,2021,5,24000,Petrol,Automatic,first,878750,Tata Nexon,kaggle_market,8.79
Maruti Suzuki,Wagon-R,2013,13,126800,Petrol,Manual,second,342000,Maruti Suzuki Wagon-R,kaggle_market,3.42
Mahindra,Xuv500,2016,10,81000,Diesel,Manual,second,664050,Mahindra Xuv500,kaggle_market,6.64
Tata,Indica Vista,2009,17,120000,Diesel,Manual,second,123500,Tata Indica Vista,kaggle_market,1.24
Hyundai,I10,2011,15,75000,Petrol,Manual,second,232750,Hyundai I10,kaggle_market,2.33
Tata,Safari,2010,16,160000,Diesel,Manual,second,266000,Tata Safari,kaggle_market,2.66
Honda,Crv,2011,15,90000,Petrol,Automatic,second,379999,Honda Crv,kaggle_market,3.8
Maruti Suzuki,Swift Dzire,2014,12,25300,Diesel,Manual,first,545300,Maruti Suzuki Swift Dzire,kaggle_market,5.45
Toyota,Innova Crysta,2021,5,77000,Diesel,Automatic,first,2518450,Toyota Innova Crysta,kaggle_market,25.18
Bmw,M340I,2022,4,500,Petrol,Automatic,first,6222500,Bmw M340I,kaggle_market,62.22
Maruti Suzuki,Swift,2006,20,100000,Petrol,Manual,second,199500,Maruti Suzuki Swift,kaggle_market,2.0
Ford,Figo,2013,13,99000,Diesel,Manual,first,171000,Ford Figo,kaggle_market,1.71
Maruti Suzuki,Celerio,2018,8,58000,Petrol,Automatic,second,503500,Maruti Suzuki Celerio,kaggle_market,5.04
Maruti Suzuki,Wagon-R,2015,11,51000,Petrol,Manual,first,228000,Maruti Suzuki Wagon-R,kaggle_market,2.28
Maruti Suzuki,Swift,2012,14,62816,Petrol,Automatic,first,413250,Maruti Suzuki Swift,kaggle_market,4.13
Mahindra,Thar,2023,3,40000,Diesel,Manual,first,1311000,Mahindra Thar,kaggle_market,13.11
Maruti Suzuki,Celerio,2017,9,49000,Petrol,Manual,second,342000,Maruti Suzuki Celerio,kaggle_market,3.42
Maruti Suzuki,Celerio,2014,12,72000,Petrol,Automatic,first,327750,Maruti Suzuki Celerio,kaggle_market,3.28
Mercedes-Benz,E-Class,2020,6,40000,Petrol,Automatic,first,3800000,Mercedes-Benz E-Class,kaggle_market,38.0
Mahindra,Xuv500,2017,9,58100,Diesel,Automatic,second,1197000,Mahindra Xuv500,kaggle_market,11.97
Nissan,Micra,2011,15,95000,Petrol,Manual,second,251750,Nissan Micra,kaggle_market,2.52
Jeep,Compass,2018,8,80000,Diesel,Manual,second,712500,Jeep Compass,kaggle_market,7.12
Hyundai,Xcent,2014,12,62500,Petrol,Manual,first,270749,Hyundai Xcent,kaggle_market,2.71
Toyota,Innova Crysta,2020,6,40000,Diesel,Automatic,first,1662500,Toyota Innova Crysta,kaggle_market,16.62
Ford,Figo,2011,15,70000,Diesel,Manual,second,185250,Ford Figo,kaggle_market,1.85
Mercedes-Benz,Gla Class,2018,8,78900,Diesel,Automatic,first,1900000,Mercedes-Benz Gla Class,kaggle_market,19.0
Mahindra,Bolero,2014,12,111000,Diesel,Manual,first,665000,Mahindra Bolero,kaggle_market,6.65
Renault,Triber,2020,6,27800,Petrol,Manual,first,494000,Renault Triber,kaggle_market,4.94
Tata,Nano,2015,11,22000,Petrol,Automatic,second,255550,Tata Nano,kaggle_market,2.56
Mercedes-Benz,E-Class,2018,8,55000,Petrol,Automatic,first,4180000,Mercedes-Benz E-Class,kaggle_market,41.8
Renault,Duster,2014,12,152,Diesel,Manual,second,427500,Renault Duster,kaggle_market,4.28
Bmw,5 Series,2011,15,79000,Diesel,Automatic,first,1211250,Bmw 5 Series,kaggle_market,12.11
Volkswagen,Taigun,2021,5,59084,Petrol,Automatic,first,1486750,Volkswagen Taigun,kaggle_market,14.87
Volkswagen,Gti,2016,10,75000,Petrol,Automatic,second,503500,Volkswagen Gti,kaggle_market,5.04
Honda,Brio,2014,12,72000,Petrol,Automatic,first,498750,Honda Brio,kaggle_market,4.99
Hyundai,Grand I10,2015,11,68000,Diesel,Manual,second,294500,Hyundai Grand I10,kaggle_market,2.94
Toyota,Fortuner,2022,4,11500,Petrol,Automatic,first,3420000,Toyota Fortuner,kaggle_market,34.2
Tata,Nano,2014,12,45000,Petrol,Manual,second,80750,Tata Nano,kaggle_market,0.81
Honda,Amaze,2015,11,97422,Diesel,Manual,second,332500,Honda Amaze,kaggle_market,3.32
Bmw,X1,2011,15,57000,Petrol,Automatic,second,569999,Bmw X1,kaggle_market,5.7
Maruti Suzuki,Baleno,2021,5,42470,Petrol,Manual,first,688750,Maruti Suzuki Baleno,kaggle_market,6.89
Hyundai,Elite I20,2014,12,91000,Diesel,Manual,second,427500,Hyundai Elite I20,kaggle_market,4.28
Hyundai,Grand I10,2014,12,100000,Diesel,Automatic,second,332500,Hyundai Grand I10,kaggle_market,3.32
Mahindra,Xuv500,2017,9,71000,Diesel,Automatic,first,707750,Mahindra Xuv500,kaggle_market,7.08
Tata,Indica Vista,2009,17,113000,Diesel,Manual,second,213750,Tata Indica Vista,kaggle_market,2.14
Hyundai,Getz,2007,19,100,Petrol,Manual,first,95000,Hyundai Getz,kaggle_market,0.95
Audi,A6,2016,10,42000,Petrol,Automatic,first,2327500,Audi A6,kaggle_market,23.28
Maruti Suzuki,Alto,2010,16,48552,Petrol,Manual,first,169100,Maruti Suzuki Alto,kaggle_market,1.69
Hyundai,Venue,2022,4,20596,Diesel,Manual,first,1035500,Hyundai Venue,kaggle_market,10.36
Datsun,Redigo,2018,8,45125,Petrol,Manual,first,223250,Datsun Redigo,kaggle_market,2.23
Honda,Amaze,2014,12,58000,Petrol,Manual,second,237500,Honda Amaze,kaggle_market,2.38
Maruti Suzuki,Swift-Dzire,2012,14,80000,Petrol,Automatic,first,356250,Maruti Suzuki Swift-Dzire,kaggle_market,3.56
Hyundai,Santro Xing,2010,16,41250,Petrol,Manual,second,90250,Hyundai Santro Xing,kaggle_market,0.9
Volkswagen,Polo,2017,9,47513,Petrol,Manual,first,598500,Volkswagen Polo,kaggle_market,5.98
Skoda,Kushaq,2021,5,36000,Petrol,Automatic,first,1415500,Skoda Kushaq,kaggle_market,14.16
Hyundai,Creta,2022,4,44000,Diesel,Automatic,first,1605500,Hyundai Creta,kaggle_market,16.06
Hyundai,Elite I20,2016,10,82000,Diesel,Manual,first,593750,Hyundai Elite I20,kaggle_market,5.94
Maruti Suzuki,A-Star,2011,15,67000,Petrol,Manual,second,223250,Maruti Suzuki A-Star,kaggle_market,2.23
Mahindra,Thar,2022,4,13800,Diesel,Manual,second,1187500,Mahindra Thar,kaggle_market,11.88
Mahindra,Thar,2022,4,21700,Diesel,Automatic,second,1401250,Mahindra Thar,kaggle_market,14.01
Honda,Wrv,2017,9,68000,Petrol,Manual,first,451250,Honda Wrv,kaggle_market,4.51
Honda,City,2017,9,74000,Petrol,Automatic,second,726750,Honda City,kaggle_market,7.27
Maruti Suzuki,Ignis,2018,8,25000,Petrol,Automatic,first,403750,Maruti Suzuki Ignis,kaggle_market,4.04
Maruti Suzuki,Alto 800,2018,8,72000,Petrol,Manual,first,304000,Maruti Suzuki Alto 800,kaggle_market,3.04
Honda,City,2015,11,52000,Petrol,Automatic,first,569050,Honda City,kaggle_market,5.69
Maruti Suzuki,Ertiga,2019,7,60000,Petrol,Automatic,first,902500,Maruti Suzuki Ertiga,kaggle_market,9.02
Toyota,Camry,2016,10,100906,Petrol,Automatic,first,1496250,Toyota Camry,kaggle_market,14.96
Renault,Triber,2022,4,54000,Petrol,Automatic,first,688750,Renault Triber,kaggle_market,6.89
Toyota,Glanza,2021,5,16500,Petrol,Automatic,second,798000,Toyota Glanza,kaggle_market,7.98
Bmw,X5 M,2016,10,78000,Diesel,Automatic,second,2231550,Bmw X5 M,kaggle_market,22.32
Maruti Suzuki,Ritz,2011,15,180000,Diesel,Manual,first,304000,Maruti Suzuki Ritz,kaggle_market,3.04
Hyundai,Grand I10,2018,8,35933,Petrol,Automatic,first,532001,Hyundai Grand I10,kaggle_market,5.32
Maruti Suzuki,Celerio,2018,8,49000,Petrol,Automatic,first,479750,Maruti Suzuki Celerio,kaggle_market,4.8
Mahindra,Xuv 300,2022,4,69000,Diesel,Manual,first,997500,Mahindra Xuv 300,kaggle_market,9.98
Toyota,Innova,2008,18,117815,Diesel,Manual,first,698250,Toyota Innova,kaggle_market,6.98
Hyundai,Santro Xing,2009,17,65000,Petrol,Manual,first,199500,Hyundai Santro Xing,kaggle_market,2.0
Skoda,Rapid,2016,10,78000,Diesel,Automatic,first,617500,Skoda Rapid,kaggle_market,6.18
Toyota,Yaris,2019,7,34750,Petrol,Automatic,first,617500,Toyota Yaris,kaggle_market,6.18
Jeep,Compass,2019,7,52500,Petrol,Automatic,second,1235000,Jeep Compass,kaggle_market,12.35
Hyundai,Eon,2013,13,65000,Petrol,Manual,second,213750,Hyundai Eon,kaggle_market,2.14
Maruti Suzuki,Baleno,2020,6,32000,Petrol,Manual,first,655500,Maruti Suzuki Baleno,kaggle_market,6.56
Volkswagen,Ventotest,2016,10,115000,Diesel,Automatic,second,608000,Volkswagen Ventotest,kaggle_market,6.08
Bmw,3 Series Gt,2016,10,64000,Diesel,Automatic,first,2041550,Bmw 3 Series Gt,kaggle_market,20.42
Toyota,Innova,2014,12,225000,Diesel,Manual,second,878750,Toyota Innova,kaggle_market,8.79
Mercedes-Benz,E-Class,2015,11,70000,Diesel,Automatic,second,1377500,Mercedes-Benz E-Class,kaggle_market,13.78
Bmw,3 Series,2012,14,105000,Diesel,Automatic,first,940500,Bmw 3 Series,kaggle_market,9.4
Maruti Suzuki,Vitara-Brezza,2018,8,68445,Diesel,Manual,first,560500,Maruti Suzuki Vitara-Brezza,kaggle_market,5.6
Honda,Amaze,2014,12,87000,Petrol,Manual,second,299250,Honda Amaze,kaggle_market,2.99
Hyundai,Elite I20,2021,5,55000,Petrol,Manual,first,593750,Hyundai Elite I20,kaggle_market,5.94
Volkswagen,Polo,2012,14,81000,Petrol,Manual,first,332500,Volkswagen Polo,kaggle_market,3.32
Jeep,Compass,2019,7,46000,Petrol,Automatic,first,1320500,Jeep Compass,kaggle_market,13.2
Hyundai,Santro Xing,2008,18,63900,Petrol,Manual,second,128250,Hyundai Santro Xing,kaggle_market,1.28
Volkswagen,Crosspolo,2015,11,40000,Diesel,Manual,second,379050,Volkswagen Crosspolo,kaggle_market,3.79
Skoda,Rapid,2013,13,85000,Diesel,Manual,second,308750,Skoda Rapid,kaggle_market,3.09
Skoda,Slavia,2024,2,13000,Petrol,Manual,first,1140000,Skoda Slavia,kaggle_market,11.4
Honda,Crv,2016,10,110000,Petrol,Automatic,first,1258750,Honda Crv,kaggle_market,12.59
Toyota,Etios,2011,15,162000,Petrol,Manual,first,237500,Toyota Etios,kaggle_market,2.38
Bmw,3 Series,2014,12,55468,Diesel,Automatic,first,1467750,Bmw 3 Series,kaggle_market,14.68
Mahindra,Thar,2021,5,65000,Diesel,Automatic,second,1230250,Mahindra Thar,kaggle_market,12.3
Toyota,Innova,2013,13,135000,Diesel,Manual,second,660249,Toyota Innova,kaggle_market,6.6
Maruti Suzuki,Omni,2014,12,52000,Petrol,Manual,second,156750,Maruti Suzuki Omni,kaggle_market,1.57
Skoda,Rapid,2016,10,40000,Petrol,Manual,first,426550,Skoda Rapid,kaggle_market,4.27
Toyota,Innova Crysta,2021,5,57000,Diesel,Automatic,first,2042500,Toyota Innova Crysta,kaggle_market,20.42
Maruti Suzuki,Celerio,2014,12,42000,Petrol,Manual,first,365750,Maruti Suzuki Celerio,kaggle_market,3.66
Hyundai,I20,2011,15,74749,Petrol,Manual,first,141550,Hyundai I20,kaggle_market,1.42
Maruti Suzuki,Ertiga,2019,7,35000,Petrol,Automatic,second,1140000,Maruti Suzuki Ertiga,kaggle_market,11.4
Mg,Hector,2020,6,40000,Diesel,Manual,second,1235000,Mg Hector,kaggle_market,12.35
Maruti Suzuki,Alto-K10,2013,13,90000,Petrol,Manual,first,90250,Maruti Suzuki Alto-K10,kaggle_market,0.9
Hyundai,Creta,2022,4,75000,Diesel,Manual,first,1235000,Hyundai Creta,kaggle_market,12.35
Nissan,Micra,2012,14,110000,Diesel,Manual,second,227050,Nissan Micra,kaggle_market,2.27
Mercedes-Benz,E-Class,2015,11,75000,Diesel,Automatic,first,1211250,Mercedes-Benz E-Class,kaggle_market,12.11
Mg,Hector,2023,3,10500,Petrol,Automatic,first,2014950,Mg Hector,kaggle_market,20.15
Chevrolet,Cruze,2014,12,62000,Diesel,Automatic,first,413250,Chevrolet Cruze,kaggle_market,4.13
Renault,Kwid,2018,8,34000,Petrol,Manual,first,380000,Renault Kwid,kaggle_market,3.8
Maruti Suzuki,Eeco,2022,4,12080,Petrol,Automatic,first,579500,Maruti Suzuki Eeco,kaggle_market,5.8
Honda,City,2015,11,91386,Petrol,Automatic,second,557650,Honda City,kaggle_market,5.58
Mercedes-Benz,Gl-Class,2015,11,71700,Diesel,Automatic,second,3040000,Mercedes-Benz Gl-Class,kaggle_market,30.4
Mahindra,Xuv500,2017,9,61000,Diesel,Manual,first,831250,Mahindra Xuv500,kaggle_market,8.31
Ford,Figo,2012,14,85000,Diesel,Manual,second,147250,Ford Figo,kaggle_market,1.47
Ford,Ecosport,2018,8,49000,Petrol,Manual,second,654550,Ford Ecosport,kaggle_market,6.55
Toyota,Innova Crysta,2017,9,140000,Diesel,Automatic,first,1995000,Toyota Innova Crysta,kaggle_market,19.95
Hyundai,Elantra,2018,8,14600,Diesel,Automatic,second,996550,Hyundai Elantra,kaggle_market,9.97
Tata,Indigo Cs,2011,15,57000,Petrol,Manual,second,171000,Tata Indigo Cs,kaggle_market,1.71
Hyundai,Eon,2015,11,29000,Petrol,Manual,second,225150,Hyundai Eon,kaggle_market,2.25
Hyundai,Fluidic Verna,2013,13,79000,Diesel,Manual,second,380000,Hyundai Fluidic Verna,kaggle_market,3.8
Hyundai,Grand I10,2018,8,40000,Petrol,Automatic,first,479750,Hyundai Grand I10,kaggle_market,4.8
Hyundai,Grand I10,2016,10,85000,Diesel,Manual,second,441750,Hyundai Grand I10,kaggle_market,4.42
Honda,City,2013,13,75000,Petrol,Manual,first,375250,Honda City,kaggle_market,3.75
Mahindra,Xylo,2019,7,86270,Diesel,Manual,first,973750,Mahindra Xylo,kaggle_market,9.74
Hyundai,Xcent,2015,11,106000,Petrol,Manual,first,252700,Hyundai Xcent,kaggle_market,2.53
Mercedes-Benz,E-Class,2010,16,81000,Diesel,Automatic,first,617500,Mercedes-Benz E-Class,kaggle_market,6.18
Volkswagen,Ventotest,2012,14,29900,Diesel,Manual,first,521550,Volkswagen Ventotest,kaggle_market,5.22
Hyundai,Creta,2020,6,95000,Diesel,Manual,first,1140000,Hyundai Creta,kaggle_market,11.4
Bmw,X1,2019,7,48000,Diesel,Automatic,first,2085250,Bmw X1,kaggle_market,20.85
Tata,Harrier,2022,4,65550,Diesel,Manual,first,1330000,Tata Harrier,kaggle_market,13.3
Toyota,Camry,2022,4,42000,Petrol,Automatic,first,3277500,Toyota Camry,kaggle_market,32.78
Maruti Suzuki,Maruti-Suzuki-Dzire,2021,5,88000,Petrol,Automatic,first,617500,Maruti Suzuki Maruti-Suzuki-Dzire,kaggle_market,6.18
Hyundai,Creta,2021,5,14125,Petrol,Manual,first,1094400,Hyundai Creta,kaggle_market,10.94
Tata,Harrier,2020,6,12000,Diesel,Automatic,first,1472500,Tata Harrier,kaggle_market,14.72
Mini,Cooper Countryman,2022,4,25000,Petrol,Automatic,first,3776250,Mini Cooper Countryman,kaggle_market,37.76
Tata,Indica V2,2016,10,177700,Diesel,Manual,second,128250,Tata Indica V2,kaggle_market,1.28
Honda,City,2013,13,96000,Petrol,Automatic,second,350550,Honda City,kaggle_market,3.51
Bmw,X1,2022,4,26000,Petrol,Automatic,first,3790500,Bmw X1,kaggle_market,37.9
Maruti Suzuki,Celerio,2017,9,62000,Petrol,Automatic,second,362900,Maruti Suzuki Celerio,kaggle_market,3.63
Volvo,S60,2016,10,51000,Diesel,Automatic,second,1710000,Volvo S60,kaggle_market,17.1
Mercedes-Benz,C-Class,2017,9,33000,Petrol,Automatic,second,5510000,Mercedes-Benz C-Class,kaggle_market,55.1
Maruti Suzuki,Baleno,2017,9,69000,Petrol,Automatic,first,650750,Maruti Suzuki Baleno,kaggle_market,6.51
Tata,Nexon,2021,5,24000,Petrol,Manual,first,741000,Tata Nexon,kaggle_market,7.41
Mahindra,Tuv,2015,11,8500,Diesel,Manual,first,332500,Mahindra Tuv,kaggle_market,3.32
Tata,Safari,2009,17,132000,Diesel,Manual,second,142500,Tata Safari,kaggle_market,1.42
Hyundai,Grand I10,2019,7,31000,Petrol,Automatic,first,546250,Hyundai Grand I10,kaggle_market,5.46
Hyundai,Creta,2017,9,68000,Petrol,Automatic,first,750500,Hyundai Creta,kaggle_market,7.5
Maruti Suzuki,Vitara-Brezza,2019,7,86739,Diesel,Manual,first,736250,Maruti Suzuki Vitara-Brezza,kaggle_market,7.36
Maruti Suzuki,Ritz,2014,12,124000,Diesel,Manual,second,413250,Maruti Suzuki Ritz,kaggle_market,4.13
Hyundai,Xcent,2015,11,76000,Diesel,Manual,first,403750,Hyundai Xcent,kaggle_market,4.04
Honda,Amaze,2016,10,102458,Petrol,Manual,second,318250,Honda Amaze,kaggle_market,3.18
Chevrolet,Beat,2010,16,77546,Petrol,Manual,first,165300,Chevrolet Beat,kaggle_market,1.65
Kia,Seltos,2020,6,46000,Diesel,Automatic,first,1211250,Kia Seltos,kaggle_market,12.11
Land Rover,Freelander 2,2015,11,180650,Diesel,Automatic,second,1187500,Land Rover Freelander 2,kaggle_market,11.88
Maruti Suzuki,Celerio,2022,4,10000,Petrol,Automatic,first,560500,Maruti Suzuki Celerio,kaggle_market,5.6
Hyundai,Grand I10 Nios,2022,4,24512,Petrol,Manual,first,641250,Hyundai Grand I10 Nios,kaggle_market,6.41
Bmw,X5,2017,9,89000,Diesel,Automatic,second,2365500,Bmw X5,kaggle_market,23.66
Maruti Suzuki,Baleno,2022,4,9800,Petrol,Automatic,first,750500,Maruti Suzuki Baleno,kaggle_market,7.5
Mercedes-Benz,E-Class,2011,15,35000,Petrol,Automatic,second,617500,Mercedes-Benz E-Class,kaggle_market,6.18
Maruti Suzuki,Swift,2019,7,58000,Petrol,Manual,first,584250,Maruti Suzuki Swift,kaggle_market,5.84
Hyundai,I10,2012,14,57765,Petrol,Automatic,first,327750,Hyundai I10,kaggle_market,3.28
Kia,Seltos,2021,5,34500,Diesel,Automatic,second,1472500,Kia Seltos,kaggle_market,14.72
Volkswagen,Polo,2019,7,125000,Diesel,Manual,first,774250,Volkswagen Polo,kaggle_market,7.74
Volkswagen,Ventotest,2011,15,43000,Petrol,Automatic,second,342000,Volkswagen Ventotest,kaggle_market,3.42
Audi,Q3,2015,11,71000,Diesel,Automatic,first,1448750,Audi Q3,kaggle_market,14.49
Toyota,2.8 Legender 4X2,2023,3,19000,Diesel,Automatic,first,4940000,Toyota 2.8 Legender 4X2,kaggle_market,49.4
Maruti Suzuki,Alto-800,2019,7,45000,Petrol,Manual,first,361000,Maruti Suzuki Alto-800,kaggle_market,3.61
Nissan,Micra Active,2015,11,130000,Petrol,Manual,first,323000,Nissan Micra Active,kaggle_market,3.23
Kia,Seltos,2023,3,23000,Diesel,Automatic,first,1752750,Kia Seltos,kaggle_market,17.53
Tata,Safari,2021,5,45000,Diesel,Manual,second,1472500,Tata Safari,kaggle_market,14.72
Mahindra,Scorpio,2016,10,130000,Diesel,Manual,second,1030750,Mahindra Scorpio,kaggle_market,10.31
Honda,City,2017,9,92000,Petrol,Automatic,second,618450,Honda City,kaggle_market,6.18
Audi,A6,2015,11,69977,Diesel,Automatic,first,854982,Audi A6,kaggle_market,8.55
Maruti Suzuki,Swift,2009,17,66000,Petrol,Manual,second,190000,Maruti Suzuki Swift,kaggle_market,1.9
Mercedes-Benz,Gl-Class,2010,16,125000,Diesel,Automatic,second,1520000,Mercedes-Benz Gl-Class,kaggle_market,15.2
Mahindra,Xuv500,2016,10,99000,Diesel,Manual,first,688750,Mahindra Xuv500,kaggle_market,6.89
Datsun,Go,2018,8,43000,Petrol,Manual,first,370500,Datsun Go,kaggle_market,3.7
Audi,A4,2012,14,150000,Diesel,Manual,first,522500,Audi A4,kaggle_market,5.22
Maruti Suzuki,Ertiga,2014,12,71000,Petrol,Automatic,second,475000,Maruti Suzuki Ertiga,kaggle_market,4.75
Maruti Suzuki,S-Presso,2020,6,31000,Petrol,Automatic,first,399000,Maruti Suzuki S-Presso,kaggle_market,3.99
Maruti Suzuki,Swift-Dzire,2014,12,120000,Diesel,Automatic,second,458850,Maruti Suzuki Swift-Dzire,kaggle_market,4.59
Chevrolet,Sail,2015,11,170000,Diesel,Manual,first,190000,Chevrolet Sail,kaggle_market,1.9
Maruti Suzuki,Swift,2014,12,60000,Diesel,Manual,first,408500,Maruti Suzuki Swift,kaggle_market,4.08
Hyundai,I10,2012,14,85000,Petrol,Manual,second,190000,Hyundai I10,kaggle_market,1.9
Maruti Suzuki,Ertiga,2019,7,85000,Petrol,Automatic,first,802750,Maruti Suzuki Ertiga,kaggle_market,8.03
Skoda,Kodiaq,2018,8,90000,Diesel,Automatic,first,1890500,Skoda Kodiaq,kaggle_market,18.9
Hyundai,I10,2011,15,75000,Petrol,Automatic,second,232750,Hyundai I10,kaggle_market,2.33
Maruti Suzuki,Maruti-Suzuki-Brezza,2020,6,38000,Petrol,Manual,first,641250,Maruti Suzuki Maruti-Suzuki-Brezza,kaggle_market,6.41
Maruti Suzuki,Swift,2010,16,85000,Petrol,Manual,second,142500,Maruti Suzuki Swift,kaggle_market,1.42
Tata,Nexon,2018,8,88000,Diesel,Manual,first,722000,Tata Nexon,kaggle_market,7.22
Maruti Suzuki,Swift Dzire,2018,8,103580,Diesel,Manual,first,579500,Maruti Suzuki Swift Dzire,kaggle_market,5.8
Maruti Suzuki,Swift-Dzire,2011,15,77500,Petrol,Manual,second,251750,Maruti Suzuki Swift-Dzire,kaggle_market,2.52
Honda,City,2018,8,78000,Petrol,Automatic,first,674500,Honda City,kaggle_market,6.74
Audi,A6,2017,9,71555,Diesel,Automatic,second,1852500,Audi A6,kaggle_market,18.52
Kia,Seltos,2022,4,31000,Petrol,Automatic,first,1591250,Kia Seltos,kaggle_market,15.91
Hyundai,I10,2011,15,86000,Petrol,Manual,second,171000,Hyundai I10,kaggle_market,1.71
Honda,Brv,2019,7,122000,Petrol,Manual,first,570000,Honda Brv,kaggle_market,5.7
Maruti Suzuki,Dzire,2018,8,44574,Petrol,Automatic,first,641250,Maruti Suzuki Dzire,kaggle_market,6.41
Ford,Endeavour,2017,9,90000,Diesel,Automatic,first,1995000,Ford Endeavour,kaggle_market,19.95
Hyundai,Creta,2023,3,6000,Diesel,Automatic,first,1910450,Hyundai Creta,kaggle_market,19.1
Skoda,Rapid,2015,11,104007,Diesel,Automatic,second,379050,Skoda Rapid,kaggle_market,3.79
Mahindra,Bolero,2021,5,41000,Diesel,Manual,first,808450,Mahindra Bolero,kaggle_market,8.08
Maruti Suzuki,Baleno,2018,8,41000,Petrol,Automatic,first,707750,Maruti Suzuki Baleno,kaggle_market,7.08
Mahindra,Xuv 300,2022,4,15000,Diesel,Manual,first,945250,Mahindra Xuv 300,kaggle_market,9.45
Hyundai,Eon,2012,14,40000,Petrol,Manual,second,180500,Hyundai Eon,kaggle_market,1.8
Volkswagen,Polo,2015,11,75000,Petrol,Manual,second,546250,Volkswagen Polo,kaggle_market,5.46
Audi,Q7,2016,10,118000,Diesel,Automatic,first,2845250,Audi Q7,kaggle_market,28.45
Toyota,Innova,2009,17,110000,Diesel,Manual,second,308750,Toyota Innova,kaggle_market,3.09
Maruti Suzuki,Omni,2003,23,64500,Petrol,Manual,second,118750,Maruti Suzuki Omni,kaggle_market,1.19
Skoda,Rapid,2016,10,80000,Diesel,Automatic,first,618450,Skoda Rapid,kaggle_market,6.18
Maruti Suzuki,Baleno,2017,9,76483,Petrol,Manual,second,543400,Maruti Suzuki Baleno,kaggle_market,5.43
Maruti Suzuki,Swift,2015,11,71000,Petrol,Manual,first,389500,Maruti Suzuki Swift,kaggle_market,3.9
Honda,City,2014,12,53000,Diesel,Manual,first,451250,Honda City,kaggle_market,4.51
Audi,Q3,2015,11,70000,Diesel,Automatic,first,845500,Audi Q3,kaggle_market,8.46
Maruti Suzuki,Baleno,2016,10,46000,Petrol,Automatic,second,498750,Maruti Suzuki Baleno,kaggle_market,4.99
Mini,Cooper,2013,13,65000,Diesel,Automatic,second,1225500,Mini Cooper,kaggle_market,12.26
Honda,City,2015,11,126000,Diesel,Manual,second,655500,Honda City,kaggle_market,6.56
Maruti Suzuki,Celerio,2017,9,160000,Petrol,Automatic,first,356250,Maruti Suzuki Celerio,kaggle_market,3.56
Audi,Q7,2011,15,100000,Diesel,Automatic,first,1876250,Audi Q7,kaggle_market,18.76
Hyundai,Grand I10,2016,10,120000,Petrol,Manual,first,379999,Hyundai Grand I10,kaggle_market,3.8
Mahindra,Scorpio,2015,11,61231,Diesel,Manual,second,755250,Mahindra Scorpio,kaggle_market,7.55
Hyundai,I10,2017,9,40000,Petrol,Automatic,first,266000,Hyundai I10,kaggle_market,2.66
Toyota,Innova Crysta,2020,6,83000,Petrol,Automatic,first,1625450,Toyota Innova Crysta,kaggle_market,16.25
Hyundai,Accent,2008,18,102000,Petrol,Manual,first,118750,Hyundai Accent,kaggle_market,1.19
Hyundai,Venue,2023,3,28000,Petrol,Automatic,first,1187500,Hyundai Venue,kaggle_market,11.88
Maruti Suzuki,Omni,2011,15,57000,Petrol,Manual,second,114000,Maruti Suzuki Omni,kaggle_market,1.14
Maruti Suzuki,Ertiga,2021,5,76000,Petrol,Automatic,first,1021250,Maruti Suzuki Ertiga,kaggle_market,10.21
Mg,Hector Plus,2024,2,2000,Diesel,Manual,first,2279999,Mg Hector Plus,kaggle_market,22.8
Mahindra,Xuv500,2016,10,111521,Diesel,Manual,first,712500,Mahindra Xuv500,kaggle_market,7.12
Maruti Suzuki,Baleno,2017,9,14000,Petrol,Automatic,first,617500,Maruti Suzuki Baleno,kaggle_market,6.18
Tata,Zest,2015,11,185389,Diesel,Manual,second,275500,Tata Zest,kaggle_market,2.76
Maruti Suzuki,Ciaz,2015,11,63000,Diesel,Automatic,first,375250,Maruti Suzuki Ciaz,kaggle_market,3.75
Maruti Suzuki,Vitara-Brezza,2020,6,43369,Petrol,Automatic,first,834850,Maruti Suzuki Vitara-Brezza,kaggle_market,8.35
Audi,Q7,2015,11,64000,Diesel,Automatic,first,2080500,Audi Q7,kaggle_market,20.8
Honda,Jazz,2016,10,86000,Diesel,Manual,first,437000,Honda Jazz,kaggle_market,4.37
Honda,Jazz,2013,13,68000,Petrol,Manual,second,213750,Honda Jazz,kaggle_market,2.14
Mercedes-Benz,C-Class,2018,8,65000,Diesel,Automatic,first,2137500,Mercedes-Benz C-Class,kaggle_market,21.38
Mercedes-Benz,Cla,2016,10,56000,Diesel,Automatic,second,2199250,Mercedes-Benz Cla,kaggle_market,21.99
Hyundai,Venue,2019,7,100000,Diesel,Manual,first,821750,Hyundai Venue,kaggle_market,8.22
Mg,Hector,2020,6,29000,Petrol,Automatic,first,1301500,Mg Hector,kaggle_market,13.02
Ford,Endeavour,2018,8,119000,Diesel,Automatic,first,2650500,Ford Endeavour,kaggle_market,26.5
Maruti Suzuki,Swift,2020,6,52000,Petrol,Automatic,first,593750,Maruti Suzuki Swift,kaggle_market,5.94
Hyundai,I20,2018,8,42000,Petrol,Manual,second,475000,Hyundai I20,kaggle_market,4.75
Maruti Suzuki,Swift,2021,5,34000,Petrol,Automatic,first,750500,Maruti Suzuki Swift,kaggle_market,7.5
Ford,Ecosport,2018,8,75000,Petrol,Manual,second,612750,Ford Ecosport,kaggle_market,6.13
Maruti Suzuki,Alto,2010,16,110000,Petrol,Manual,first,142500,Maruti Suzuki Alto,kaggle_market,1.42
Audi,A4,2016,10,43715,Diesel,Automatic,second,1681500,Audi A4,kaggle_market,16.82
Maruti Suzuki,Swift,2017,9,86542,Diesel,Manual,first,580450,Maruti Suzuki Swift,kaggle_market,5.8
Toyota,Fortuner,2018,8,105000,Diesel,Automatic,second,2455750,Toyota Fortuner,kaggle_market,24.56
Maruti Suzuki,Wagon-R,2016,10,55000,Petrol,Automatic,second,403750,Maruti Suzuki Wagon-R,kaggle_market,4.04
Mahindra,Kuv 100,2016,10,100000,Petrol,Manual,first,380000,Mahindra Kuv 100,kaggle_market,3.8
Maruti Suzuki,Ciaz,2017,9,70000,Petrol,Automatic,first,664999,Maruti Suzuki Ciaz,kaggle_market,6.65
Mercedes-Benz,Gla,2017,9,60000,Diesel,Automatic,second,1828750,Mercedes-Benz Gla,kaggle_market,18.29
Skoda,Rapid,2017,9,96000,Diesel,Manual,second,403750,Skoda Rapid,kaggle_market,4.04
Maruti Suzuki,Sx4,2011,15,98000,Diesel,Manual,second,223250,Maruti Suzuki Sx4,kaggle_market,2.23
Kia,Seltos,2021,5,48500,Diesel,Automatic,first,1638750,Kia Seltos,kaggle_market,16.39
Maruti Suzuki,Swift,2022,4,15000,Petrol,Automatic,first,665000,Maruti Suzuki Swift,kaggle_market,6.65
Skoda,Rapid,2016,10,67000,Diesel,Automatic,first,684950,Skoda Rapid,kaggle_market,6.85
Bmw,X1,2019,7,60000,Diesel,Automatic,first,2185000,Bmw X1,kaggle_market,21.85
Mahindra,Bolero,2021,5,88200,Diesel,Manual,first,779000,Mahindra Bolero,kaggle_market,7.79
Maruti Suzuki,Wagon-R,2018,8,48000,Petrol,Automatic,first,425600,Maruti Suzuki Wagon-R,kaggle_market,4.26
Honda,City,2014,12,84000,Petrol,Manual,second,432250,Honda City,kaggle_market,4.32
Bmw,3 Series,2020,6,44500,Diesel,Automatic,first,3600500,Bmw 3 Series,kaggle_market,36.01
Ford,Endeavour,2016,10,91000,Diesel,Manual,second,1795500,Ford Endeavour,kaggle_market,17.95
Tata,Punch,2023,3,30000,Diesel,Automatic,first,332500,Tata Punch,kaggle_market,3.32
Hyundai,Grand I10,2013,13,105000,Petrol,Manual,first,299250,Hyundai Grand I10,kaggle_market,2.99
Mahindra,Kuv 100,2017,9,54560,Diesel,Manual,second,337250,Mahindra Kuv 100,kaggle_market,3.37
Mahindra,Bolero,2013,13,148000,Diesel,Manual,second,579500,Mahindra Bolero,kaggle_market,5.8
Maruti Suzuki,Estilo,2007,19,97000,Petrol,Manual,first,132050,Maruti Suzuki Estilo,kaggle_market,1.32
Hyundai,Verna,2007,19,51000,Petrol,Manual,second,213750,Hyundai Verna,kaggle_market,2.14
Toyota,Innova,2020,6,32000,Diesel,Automatic,first,1615000,Toyota Innova,kaggle_market,16.15
Ford,Ecosport,2016,10,69000,Diesel,Manual,first,475950,Ford Ecosport,kaggle_market,4.76
Land Rover,Range Rover Evoque,2014,12,58000,Diesel,Automatic,second,1700500,Land Rover Range Rover Evoque,kaggle_market,17.0
Hyundai,I10,2011,15,78600,Petrol,Manual,second,147250,Hyundai I10,kaggle_market,1.47
Mercedes-Benz,Gl-Class,2013,13,77000,Diesel,Automatic,second,2137500,Mercedes-Benz Gl-Class,kaggle_market,21.38
Hyundai,Accent,2004,22,85000,Petrol,Manual,second,132050,Hyundai Accent,kaggle_market,1.32
Hyundai,Grand I10 Nios,2022,4,58000,Petrol,Manual,first,570000,Hyundai Grand I10 Nios,kaggle_market,5.7
Mercedes-Benz,A Class,2014,12,85000,Diesel,Automatic,second,783750,Mercedes-Benz A Class,kaggle_market,7.84
Maruti Suzuki,Swift,2016,10,85000,Petrol,Manual,second,456000,Maruti Suzuki Swift,kaggle_market,4.56
Bmw,X3,2014,12,136000,Diesel,Automatic,second,1520000,Bmw X3,kaggle_market,15.2
Honda,Crv,2014,12,87000,Petrol,Automatic,second,589950,Honda Crv,kaggle_market,5.9
Land Rover,Discovery Sport,2016,10,43000,Petrol,Automatic,second,2470000,Land Rover Discovery Sport,kaggle_market,24.7
Bmw,5 Series,2019,7,47000,Diesel,Automatic,second,2375000,Bmw 5 Series,kaggle_market,23.75
Maruti Suzuki,Alto-K10,2019,7,60000,Petrol,Manual,second,356250,Maruti Suzuki Alto-K10,kaggle_market,3.56
Hyundai,Creta,2019,7,71000,Diesel,Manual,first,831250,Hyundai Creta,kaggle_market,8.31
Kia,Seltos,2020,6,58000,Petrol,Automatic,second,1225500,Kia Seltos,kaggle_market,12.26
Mercedes-Benz,Gl-Class,2013,13,94000,Diesel,Automatic,second,1995000,Mercedes-Benz Gl-Class,kaggle_market,19.95
Maruti Suzuki,Baleno,2019,7,46000,Petrol,Manual,second,484500,Maruti Suzuki Baleno,kaggle_market,4.84
Maruti Suzuki,Swift Dzire,2014,12,80000,Diesel,Manual,second,460750,Maruti Suzuki Swift Dzire,kaggle_market,4.61
Maruti Suzuki,Maruti-Suzuki-Dzire,2014,12,82000,Diesel,Manual,first,346750,Maruti Suzuki Maruti-Suzuki-Dzire,kaggle_market,3.47
Maruti Suzuki,Xl6,2021,5,63900,Petrol,Automatic,first,949050,Maruti Suzuki Xl6,kaggle_market,9.49
Skoda,Rapid,2015,11,51000,Petrol,Manual,second,332500,Skoda Rapid,kaggle_market,3.32
Toyota,Fortuner,2019,7,150000,Diesel,Automatic,first,2612500,Toyota Fortuner,kaggle_market,26.12
Renault,Kwid,2017,9,58097,Petrol,Manual,first,337250,Renault Kwid,kaggle_market,3.37
Hyundai,Xcent Prime,2019,7,85000,Diesel,Manual,second,484500,Hyundai Xcent Prime,kaggle_market,4.84
Audi,Q3,2018,8,55100,Diesel,Automatic,second,1330000,Audi Q3,kaggle_market,13.3
Jeep,Wrangler,2023,3,10000,Petrol,Automatic,first,6080000,Jeep Wrangler,kaggle_market,60.8
Hyundai,Grand I10,2017,9,31003,Petrol,Automatic,second,513000,Hyundai Grand I10,kaggle_market,5.13
Honda,City Zx,2007,19,68000,Petrol,Manual,first,141550,Honda City Zx,kaggle_market,1.42
Maruti Suzuki,Swift-Dzire,2015,11,61000,Diesel,Manual,second,474050,Maruti Suzuki Swift-Dzire,kaggle_market,4.74
Maruti Suzuki,Baleno,2017,9,70000,Petrol,Manual,first,636500,Maruti Suzuki Baleno,kaggle_market,6.36
Hyundai,Creta,2019,7,70500,Diesel,Automatic,first,1401250,Hyundai Creta,kaggle_market,14.01
Maruti Suzuki,Ritz,2015,11,66000,Petrol,Manual,second,332500,Maruti Suzuki Ritz,kaggle_market,3.32
Mini,Cooper S,2023,3,4000,Petrol,Automatic,first,5225000,Mini Cooper S,kaggle_market,52.25
Mahindra,Scorpio,2015,11,89000,Diesel,Manual,second,1011750,Mahindra Scorpio,kaggle_market,10.12
Chevrolet,Beat,2012,14,81000,Diesel,Manual,first,145350,Chevrolet Beat,kaggle_market,1.45
Maruti Suzuki,Xl6,2023,3,19500,Petrol,Automatic,first,1306250,Maruti Suzuki Xl6,kaggle_market,13.06
Honda,Jazz,2018,8,32000,Petrol,Manual,second,522500,Honda Jazz,kaggle_market,5.22
Hyundai,Creta,2018,8,82000,Diesel,Automatic,second,1030750,Hyundai Creta,kaggle_market,10.31
Hyundai,Creta,2016,10,78000,Petrol,Manual,second,641250,Hyundai Creta,kaggle_market,6.41
Volkswagen,Ventotest,2016,10,76000,Diesel,Manual,second,270750,Volkswagen Ventotest,kaggle_market,2.71
Kia,Carnival,2020,6,50000,Diesel,Automatic,first,3040000,Kia Carnival,kaggle_market,30.4
Mg,Hector,2020,6,46450,Petrol,Automatic,first,1472500,Mg Hector,kaggle_market,14.72
Fiat,Punto,2015,11,89000,Diesel,Manual,second,394250,Fiat Punto,kaggle_market,3.94
Hyundai,Grand I10 Nios,2023,3,7000,Petrol,Manual,first,783750,Hyundai Grand I10 Nios,kaggle_market,7.84
Maruti Suzuki,Swift,2011,15,190000,Diesel,Manual,first,346750,Maruti Suzuki Swift,kaggle_market,3.47
Tata,Zest,2014,12,131000,Diesel,Automatic,first,266000,Tata Zest,kaggle_market,2.66
Bmw,X3,2013,13,123872,Diesel,Manual,first,1092500,Bmw X3,kaggle_market,10.92
Maruti Suzuki,Swift,2012,14,23200,Petrol,Manual,second,308750,Maruti Suzuki Swift,kaggle_market,3.09
Skoda,Superb,2016,10,99000,Petrol,Automatic,first,1125750,Skoda Superb,kaggle_market,11.26
Toyota,Etios Liva,2013,13,83000,Diesel,Manual,second,375250,Toyota Etios Liva,kaggle_market,3.75
Skoda,Superb,2010,16,29309,Petrol,Automatic,second,237500,Skoda Superb,kaggle_market,2.38
Maruti Suzuki,Baleno,2018,8,122289,Petrol,Automatic,second,545300,Maruti Suzuki Baleno,kaggle_market,5.45
Skoda,Rapid,2021,5,19121,Petrol,Automatic,first,1040250,Skoda Rapid,kaggle_market,10.4
Datsun,Redigo,2015,11,18000,Petrol,Manual,first,179550,Datsun Redigo,kaggle_market,1.8
Maruti Suzuki,Ritz,2011,15,75000,Diesel,Manual,first,295450,Maruti Suzuki Ritz,kaggle_market,2.95
Bmw,X1,2020,6,30000,Petrol,Automatic,first,3158750,Bmw X1,kaggle_market,31.59
Mahindra,Xylo,2012,14,16400,Diesel,Automatic,second,124450,Mahindra Xylo,kaggle_market,1.24
Skoda,Kushaq,2022,4,8000,Petrol,Automatic,first,1225500,Skoda Kushaq,kaggle_market,12.26
Renault,Duster,2018,8,83000,Diesel,Automatic,second,874000,Renault Duster,kaggle_market,8.74
Honda,City,2018,8,44902,Petrol,Automatic,second,664050,Honda City,kaggle_market,6.64
Toyota,Corolla Altis,2017,9,103000,Petrol,Automatic,first,996550,Toyota Corolla Altis,kaggle_market,9.97
Hyundai,Grand I10,2014,12,75000,Petrol,Manual,second,365750,Hyundai Grand I10,kaggle_market,3.66
Maruti Suzuki,Sx4,2011,15,19000,Petrol,Manual,first,209000,Maruti Suzuki Sx4,kaggle_market,2.09
Maruti Suzuki,Xl6,2019,7,35000,Petrol,Manual,second,940500,Maruti Suzuki Xl6,kaggle_market,9.4
Tata,Harrier,2019,7,82000,Diesel,Manual,first,901550,Tata Harrier,kaggle_market,9.02
Maruti Suzuki,Wagon R,2016,10,89000,Petrol,Automatic,first,437000,Maruti Suzuki Wagon R,kaggle_market,4.37
Toyota,Innova Crysta,2018,8,110000,Diesel,Automatic,first,1615000,Toyota Innova Crysta,kaggle_market,16.15
Honda,City,2015,11,94000,Petrol,Manual,first,475000,Honda City,kaggle_market,4.75
Tata,Indigo Ecs,2015,11,92000,Diesel,Manual,second,185250,Tata Indigo Ecs,kaggle_market,1.85
Volkswagen,Jetta,2014,12,58000,Diesel,Automatic,second,464550,Volkswagen Jetta,kaggle_market,4.65
Kia,Sonet,2020,6,50000,Petrol,Manual,first,703000,Kia Sonet,kaggle_market,7.03
Honda,Brv,2016,10,55000,Petrol,Automatic,second,712500,Honda Brv,kaggle_market,7.12
Honda,Wrv,2017,9,61000,Petrol,Manual,first,665000,Honda Wrv,kaggle_market,6.65
Renault,Kwid,2017,9,55000,Petrol,Automatic,first,327750,Renault Kwid,kaggle_market,3.28
Hyundai,I20 Active,2016,10,97400,Petrol,Manual,second,555750,Hyundai I20 Active,kaggle_market,5.56
Maruti Suzuki,Eeco,2021,5,52000,Petrol,Manual,second,375250,Maruti Suzuki Eeco,kaggle_market,3.75
Mahindra,Bolero,2017,9,70000,Diesel,Manual,first,664942,Mahindra Bolero,kaggle_market,6.65
Hyundai,I20,2016,10,88700,Petrol,Manual,second,351500,Hyundai I20,kaggle_market,3.52
Honda,Amaze,2021,5,3900,Petrol,Manual,second,627000,Honda Amaze,kaggle_market,6.27
Mahindra,Xuv500,2016,10,86000,Diesel,Automatic,second,731500,Mahindra Xuv500,kaggle_market,7.32
Bmw,3 Series,2013,13,85000,Diesel,Automatic,second,1021250,Bmw 3 Series,kaggle_market,10.21
Toyota,Innova Crysta,2017,9,60989,Diesel,Manual,second,1757500,Toyota Innova Crysta,kaggle_market,17.58
Hyundai,Grand I10,2015,11,58000,Petrol,Manual,second,299250,Hyundai Grand I10,kaggle_market,2.99
Ford,Ecosport,2014,12,83000,Diesel,Manual,second,498750,Ford Ecosport,kaggle_market,4.99
Maruti Suzuki,Baleno,2021,5,29000,Petrol,Manual,first,655500,Maruti Suzuki Baleno,kaggle_market,6.56
Maruti Suzuki,Jimny,2023,3,521,Petrol,Manual,first,1363250,Maruti Suzuki Jimny,kaggle_market,13.63
Renault,Duster,2015,11,80000,Diesel,Manual,second,332491,Renault Duster,kaggle_market,3.32
Volkswagen,Jetta,2013,13,76000,Diesel,Manual,first,722000,Volkswagen Jetta,kaggle_market,7.22
Land Rover,Discovery Sport,2018,8,28847,Diesel,Automatic,first,3966250,Land Rover Discovery Sport,kaggle_market,39.66
Maruti Suzuki,Alto,2007,19,85000,Petrol,Manual,second,93100,Maruti Suzuki Alto,kaggle_market,0.93
Hyundai,Verna,2023,3,23000,Petrol,Automatic,first,1482000,Hyundai Verna,kaggle_market,14.82
Maruti Suzuki,Swift-Dzire,2010,16,50000,Petrol,Manual,second,365750,Maruti Suzuki Swift-Dzire,kaggle_market,3.66
Maruti Suzuki,Swift,2016,10,88000,Petrol,Manual,first,408500,Maruti Suzuki Swift,kaggle_market,4.08
Maruti Suzuki,A-Star,2013,13,73000,Petrol,Automatic,second,190000,Maruti Suzuki A-Star,kaggle_market,1.9
Maruti Suzuki,Omni,2018,8,24000,Petrol,Manual,first,345800,Maruti Suzuki Omni,kaggle_market,3.46
Maruti Suzuki,Ciaz,2015,11,90590,Petrol,Manual,first,474050,Maruti Suzuki Ciaz,kaggle_market,4.74
Chevrolet,Sail,2013,13,82000,Petrol,Manual,second,152000,Chevrolet Sail,kaggle_market,1.52
Mahindra,Scorpio,2014,12,78525,Diesel,Manual,first,541500,Mahindra Scorpio,kaggle_market,5.42
Hyundai,Eon,2012,14,91000,Petrol,Manual,first,209000,Hyundai Eon,kaggle_market,2.09
Force,Motors Fm Gurkha,2024,2,7000,Diesel,Manual,first,1591250,Force Motors Fm Gurkha,kaggle_market,15.91
Hyundai,Venue,2013,13,18000,Diesel,Manual,first,1320500,Hyundai Venue,kaggle_market,13.2
Hyundai,Creta,2020,6,45000,Diesel,Automatic,second,1757500,Hyundai Creta,kaggle_market,17.58
Ford,Figo Aspire,2016,10,89000,Diesel,Manual,first,365750,Ford Figo Aspire,kaggle_market,3.66
Toyota,Innova Crysta,2020,6,62000,Diesel,Manual,first,2512750,Toyota Innova Crysta,kaggle_market,25.13
Ford,Ecosport,2018,8,86000,Diesel,Manual,second,750500,Ford Ecosport,kaggle_market,7.5
Toyota,Glanza,2021,5,21000,Petrol,Automatic,first,807500,Toyota Glanza,kaggle_market,8.07
Maruti Suzuki,Ciaz,2014,12,158000,Diesel,Manual,second,456000,Maruti Suzuki Ciaz,kaggle_market,4.56
Hyundai,Accent,2012,14,139000,Petrol,Manual,second,124450,Hyundai Accent,kaggle_market,1.24
Mg,Hector Plus,2020,6,79000,Diesel,Manual,first,1463000,Mg Hector Plus,kaggle_market,14.63
Ford,Endeavour,2019,7,76000,Diesel,Automatic,first,2517500,Ford Endeavour,kaggle_market,25.18
Mahindra,Bolero Neo Plus,2013,13,100003,Diesel,Manual,second,375250,Mahindra Bolero Neo Plus,kaggle_market,3.75
Bmw,X1,2017,9,38000,Diesel,Automatic,first,2422500,Bmw X1,kaggle_market,24.22
Honda,City,2011,15,52000,Petrol,Automatic,second,294500,Honda City,kaggle_market,2.94
Maruti Suzuki,Swift,2013,13,86000,Petrol,Manual,second,451250,Maruti Suzuki Swift,kaggle_market,4.51
Toyota,Innova Crysta,2020,6,70000,Diesel,Automatic,first,1567500,Toyota Innova Crysta,kaggle_market,15.68
Mercedes-Benz,Glc Class,2017,9,71000,Petrol,Automatic,first,3505500,Mercedes-Benz Glc Class,kaggle_market,35.06
Maruti Suzuki,Alto-800,2023,3,11200,Petrol,Manual,first,389500,Maruti Suzuki Alto-800,kaggle_market,3.9
Mahindra,Thar,2023,3,4400,Petrol,Automatic,second,1282500,Mahindra Thar,kaggle_market,12.82
Maruti Suzuki,Baleno,2018,8,110000,Diesel,Manual,first,560500,Maruti Suzuki Baleno,kaggle_market,5.6
Toyota,Glanza,2023,3,24000,Petrol,Automatic,first,807500,Toyota Glanza,kaggle_market,8.07
Honda,Jazz,2016,10,60000,Petrol,Automatic,second,584250,Honda Jazz,kaggle_market,5.84
Bmw,X3,2012,14,80000,Diesel,Automatic,second,973750,Bmw X3,kaggle_market,9.74
Hyundai,I20,2010,16,60000,Petrol,Manual,first,304000,Hyundai I20,kaggle_market,3.04
Mercedes-Benz,Glc Class,2017,9,68000,Petrol,Automatic,first,3514050,Mercedes-Benz Glc Class,kaggle_market,35.14
Jeep,Wrangler,2022,4,15000,Petrol,Automatic,first,5510000,Jeep Wrangler,kaggle_market,55.1
Maruti Suzuki,Baleno,2016,10,62000,Petrol,Automatic,second,552900,Maruti Suzuki Baleno,kaggle_market,5.53
Volkswagen,Polo,2016,10,105000,Petrol,Automatic,second,617500,Volkswagen Polo,kaggle_market,6.18
Maruti Suzuki,Baleno,2021,5,55000,Petrol,Manual,first,546250,Maruti Suzuki Baleno,kaggle_market,5.46
Tata,Harrier,2020,6,73000,Diesel,Manual,first,1091550,Tata Harrier,kaggle_market,10.92
Mahindra,Scorpio N,2023,3,28000,Diesel,Automatic,first,2327500,Mahindra Scorpio N,kaggle_market,23.28
Maruti Suzuki,Ignis,2019,7,25000,Petrol,Automatic,first,410400,Maruti Suzuki Ignis,kaggle_market,4.1
Bmw,3 Series Gt,2016,10,110000,Diesel,Automatic,second,1900000,Bmw 3 Series Gt,kaggle_market,19.0
Mercedes-Benz,Gla Class,2016,10,78000,Petrol,Automatic,second,1567500,Mercedes-Benz Gla Class,kaggle_market,15.68
Maruti Suzuki,S-Cross,2015,11,87000,Diesel,Manual,first,517750,Maruti Suzuki S-Cross,kaggle_market,5.18
Mahindra,Scorpio,2010,16,190000,Diesel,Manual,second,190000,Mahindra Scorpio,kaggle_market,1.9
Bmw,X1,2017,9,55000,Diesel,Automatic,first,1425000,Bmw X1,kaggle_market,14.25
Maruti Suzuki,S-Cross,2018,8,32000,Diesel,Manual,first,641250,Maruti Suzuki S-Cross,kaggle_market,6.41
Maruti Suzuki,Alto-800,2016,10,60000,Petrol,Manual,first,261250,Maruti Suzuki Alto-800,kaggle_market,2.61
Tata,Nano,2015,11,51500,Petrol,Manual,second,118750,Tata Nano,kaggle_market,1.19
Chevrolet,Beat,2017,9,75000,Diesel,Manual,second,166250,Chevrolet Beat,kaggle_market,1.66
Skoda,Rapid,2021,5,63000,Petrol,Manual,first,945250,Skoda Rapid,kaggle_market,9.45
Maruti Suzuki,Ritz,2010,16,41258,Petrol,Manual,second,132050,Maruti Suzuki Ritz,kaggle_market,1.32
Maruti Suzuki,Vitara-Brezza,2019,7,48500,Diesel,Automatic,first,926250,Maruti Suzuki Vitara-Brezza,kaggle_market,9.26
Mahindra,Thar,2023,3,18000,Diesel,Automatic,first,1258750,Mahindra Thar,kaggle_market,12.59
Maruti Suzuki,Alto,2012,14,76000,Petrol,Manual,second,213750,Maruti Suzuki Alto,kaggle_market,2.14
Jeep,Compass,2018,8,55000,Diesel,Manual,second,1026000,Jeep Compass,kaggle_market,10.26
Ford,Ecosport,2015,11,112000,Diesel,Manual,first,460750,Ford Ecosport,kaggle_market,4.61
Hyundai,Elite I20,2018,8,81000,Diesel,Manual,first,693500,Hyundai Elite I20,kaggle_market,6.94
Hyundai,Creta,2016,10,72300,Diesel,Manual,first,783750,Hyundai Creta,kaggle_market,7.84
Honda,Brio,2014,12,149000,Petrol,Automatic,second,522500,Honda Brio,kaggle_market,5.22
Toyota,Fortuner,2023,3,18500,Diesel,Automatic,first,4275000,Toyota Fortuner,kaggle_market,42.75
Tata,Safari,2022,4,31000,Diesel,Automatic,second,1862000,Tata Safari,kaggle_market,18.62
Maruti Suzuki,Wagon-R,2019,7,48055,Petrol,Manual,first,508250,Maruti Suzuki Wagon-R,kaggle_market,5.08
Jaguar,Xf,2013,13,65000,Diesel,Automatic,first,1416450,Jaguar Xf,kaggle_market,14.16
Mercedes-Benz,Gla,2016,10,36000,Diesel,Automatic,second,935750,Mercedes-Benz Gla,kaggle_market,9.36
Maruti Suzuki,Swift,2016,10,65000,Diesel,Manual,first,422750,Maruti Suzuki Swift,kaggle_market,4.23
Tata,Tata-Punch,2021,5,46000,Petrol,Manual,first,688750,Tata Tata-Punch,kaggle_market,6.89
Toyota,Fortuner,2010,16,154000,Diesel,Manual,second,926250,Toyota Fortuner,kaggle_market,9.26
Volkswagen,Taigun,2023,3,8000,Petrol,Automatic,first,1368000,Volkswagen Taigun,kaggle_market,13.68
Maruti Suzuki,Swift,2008,18,92000,Diesel,Manual,second,266000,Maruti Suzuki Swift,kaggle_market,2.66
Hyundai,Santro Xing,2007,19,86750,Petrol,Manual,second,156750,Hyundai Santro Xing,kaggle_market,1.57
Ford,Ecosport,2017,9,152000,Diesel,Manual,second,570000,Ford Ecosport,kaggle_market,5.7
Volkswagen,Vento,2017,9,85000,Petrol,Automatic,first,565250,Volkswagen Vento,kaggle_market,5.65
Honda,Brio,2014,12,149500,Petrol,Automatic,second,427500,Honda Brio,kaggle_market,4.28
Renault,Kwid,2016,10,51000,Petrol,Automatic,second,246999,Renault Kwid,kaggle_market,2.47
Mahindra,Xylo,2016,10,240000,Diesel,Manual,second,522500,Mahindra Xylo,kaggle_market,5.22
Maruti Suzuki,Ciaz,2018,8,49000,Petrol,Manual,second,555750,Maruti Suzuki Ciaz,kaggle_market,5.56
Jeep,Compass,2018,8,39000,Diesel,Manual,second,1187500,Jeep Compass,kaggle_market,11.88
Maruti Suzuki,Wagon-R,2017,9,25122,Petrol,Manual,first,394250,Maruti Suzuki Wagon-R,kaggle_market,3.94
Volkswagen,Ventotest,2016,10,65000,Diesel,Manual,first,465500,Volkswagen Ventotest,kaggle_market,4.66
Honda,Accord,2013,13,89000,Petrol,Automatic,second,422750,Honda Accord,kaggle_market,4.23
Lexus,Es,2023,3,6000,Petrol,Automatic,first,6602500,Lexus Es,kaggle_market,66.03
Maruti Suzuki,Celerio,2024,2,8000,Petrol,Manual,first,598500,Maruti Suzuki Celerio,kaggle_market,5.98
Hyundai,Eon,2016,10,86000,Petrol,Manual,second,210900,Hyundai Eon,kaggle_market,2.11
Volkswagen,Ventotest,2015,11,53000,Diesel,Manual,second,522500,Volkswagen Ventotest,kaggle_market,5.22
Maruti Suzuki,Ignis,2017,9,53402,Petrol,Manual,second,465500,Maruti Suzuki Ignis,kaggle_market,4.66
Maruti Suzuki,Ertiga,2019,7,65000,Diesel,Manual,first,1235000,Maruti Suzuki Ertiga,kaggle_market,12.35
Renault,Duster,2018,8,55156,Petrol,Automatic,second,593750,Renault Duster,kaggle_market,5.94
Mg,Hector Plus,2021,5,37000,Petrol,Automatic,second,1610250,Mg Hector Plus,kaggle_market,16.1
Honda,Amaze,2014,12,92000,Diesel,Manual,first,365750,Honda Amaze,kaggle_market,3.66
Maruti Suzuki,Swift,2011,15,110000,Diesel,Manual,second,375250,Maruti Suzuki Swift,kaggle_market,3.75
Toyota,Fortuner,2017,9,52000,Diesel,Automatic,first,1710000,Toyota Fortuner,kaggle_market,17.1
Hyundai,I20,2013,13,60000,Petrol,Manual,second,270750,Hyundai I20,kaggle_market,2.71
Jaguar,F-Pace,2020,6,42000,Petrol,Automatic,second,3895000,Jaguar F-Pace,kaggle_market,38.95
Toyota,Innova Crysta,2019,7,210000,Diesel,Manual,second,1828750,Toyota Innova Crysta,kaggle_market,18.29
Hyundai,Grand I10,2017,9,42568,Petrol,Manual,first,389500,Hyundai Grand I10,kaggle_market,3.9
Ford,Aspire,2016,10,89000,Diesel,Manual,first,356250,Ford Aspire,kaggle_market,3.56
Hyundai,Creta,2016,10,89600,Petrol,Automatic,second,745750,Hyundai Creta,kaggle_market,7.46
Hyundai,Creta,2017,9,96000,Diesel,Manual,second,997500,Hyundai Creta,kaggle_market,9.98
Land Rover,Range Rover Sport,2016,10,100000,Diesel,Automatic,second,3799999,Land Rover Range Rover Sport,kaggle_market,38.0
Hyundai,I10,2010,16,82000,Petrol,Manual,second,199500,Hyundai I10,kaggle_market,2.0
Skoda,Rapid,2012,14,76500,Diesel,Manual,second,413250,Skoda Rapid,kaggle_market,4.13
Mahindra,Scorpio-N,2024,2,28000,Diesel,Automatic,first,1923750,Mahindra Scorpio-N,kaggle_market,19.24
Hyundai,Grand I10,2013,13,61000,Petrol,Manual,first,332500,Hyundai Grand I10,kaggle_market,3.32
Hyundai,Venue,2019,7,25000,Diesel,Automatic,first,759999,Hyundai Venue,kaggle_market,7.6
Maruti Suzuki,S-Presso,2023,3,8500,Petrol,Manual,second,403750,Maruti Suzuki S-Presso,kaggle_market,4.04
Mahindra,Scorpio N,2011,15,48529,Diesel,Manual,second,342000,Mahindra Scorpio N,kaggle_market,3.42
Mahindra,Tuv,2016,10,60000,Diesel,Automatic,second,427500,Mahindra Tuv,kaggle_market,4.28
Hyundai,I10,2010,16,57000,Petrol,Manual,second,213750,Hyundai I10,kaggle_market,2.14
Tata,Harrier,2019,7,78000,Diesel,Manual,first,973750,Tata Harrier,kaggle_market,9.74
Volkswagen,Polo,2021,5,35000,Petrol,Automatic,second,1130500,Volkswagen Polo,kaggle_market,11.3
Hyundai,Grand I10,2014,12,63000,Petrol,Manual,second,332500,Hyundai Grand I10,kaggle_market,3.32
Honda,Amaze,2018,8,52000,Petrol,Automatic,first,617499,Honda Amaze,kaggle_market,6.17
Nissan,Magnite,2021,5,35000,Petrol,Manual,first,484500,Nissan Magnite,kaggle_market,4.84
Ford,Figo,2014,12,75000,Petrol,Manual,first,304000,Ford Figo,kaggle_market,3.04
Maruti Suzuki,Alto,2009,17,36000,Petrol,Manual,second,151050,Maruti Suzuki Alto,kaggle_market,1.51
Mahindra,Scorpio,2022,4,75243,Diesel,Manual,first,1420250,Mahindra Scorpio,kaggle_market,14.2
Honda,Wr-V,2021,5,69000,Diesel,Manual,first,940500,Honda Wr-V,kaggle_market,9.4
Jaguar,Xf,2014,12,12500,Diesel,Automatic,second,1605500,Jaguar Xf,kaggle_market,16.06
Maruti Suzuki,Alto-800,2017,9,84000,Petrol,Automatic,second,232750,Maruti Suzuki Alto-800,kaggle_market,2.33
Toyota,Innova Crysta,2016,10,180000,Diesel,Automatic,second,1736600,Toyota Innova Crysta,kaggle_market,17.37
Ford,Figo,2011,15,89000,Diesel,Manual,second,189999,Ford Figo,kaggle_market,1.9
Renault,Triber,2022,4,81525,Petrol,Manual,first,422750,Renault Triber,kaggle_market,4.23
Toyota,Innova,2012,14,190000,Diesel,Automatic,second,617500,Toyota Innova,kaggle_market,6.18
Maruti Suzuki,Baleno-Rs,2019,7,135000,Diesel,Manual,second,612750,Maruti Suzuki Baleno-Rs,kaggle_market,6.13
Maruti Suzuki,Celerio,2016,10,36000,Petrol,Automatic,first,451250,Maruti Suzuki Celerio,kaggle_market,4.51
Bmw,3 Series Gt,2016,10,55000,Diesel,Automatic,second,1415500,Bmw 3 Series Gt,kaggle_market,14.16
Hyundai,Verna,2014,12,42000,Petrol,Automatic,second,418000,Hyundai Verna,kaggle_market,4.18
Mahindra,Xuv 300,2020,6,109300,Diesel,Manual,first,902500,Mahindra Xuv 300,kaggle_market,9.02
Hyundai,Elite I20,2014,12,73000,Petrol,Manual,second,451250,Hyundai Elite I20,kaggle_market,4.51
Audi,Q3,2015,11,95000,Diesel,Automatic,first,949999,Audi Q3,kaggle_market,9.5
Maruti Suzuki,Xl6,2019,7,40000,Petrol,Automatic,first,926250,Maruti Suzuki Xl6,kaggle_market,9.26
Mahindra,Xuv700,2022,4,36000,Diesel,Automatic,second,2161355,Mahindra Xuv700,kaggle_market,21.61
Maruti Suzuki,Wagon-R-1-0,2014,12,36038,Petrol,Manual,second,285725,Maruti Suzuki Wagon-R-1-0,kaggle_market,2.86
Maruti Suzuki,Swift,2013,13,140000,Diesel,Manual,second,264100,Maruti Suzuki Swift,kaggle_market,2.64
Mahindra,Xuv500,2016,10,112000,Diesel,Automatic,first,888250,Mahindra Xuv500,kaggle_market,8.88
Skoda,Rapid,2012,14,114000,Diesel,Manual,first,332500,Skoda Rapid,kaggle_market,3.32
Kia,Seltos,2020,6,50000,Diesel,Manual,first,1019350,Kia Seltos,kaggle_market,10.19
Toyota,Innova Crysta,2017,9,55000,Diesel,Automatic,first,1947500,Toyota Innova Crysta,kaggle_market,19.48
Maruti Suzuki,Swift-Dzire,2019,7,90000,Diesel,Manual,second,560500,Maruti Suzuki Swift-Dzire,kaggle_market,5.6
Audi,A4,2013,13,79000,Diesel,Automatic,second,1415500,Audi A4,kaggle_market,14.16
Toyota,Fortuner,2019,7,95000,Diesel,Automatic,first,2826250,Toyota Fortuner,kaggle_market,28.26
Maruti Suzuki,Swift-Dzire,2015,11,115000,Diesel,Manual,second,365750,Maruti Suzuki Swift-Dzire,kaggle_market,3.66
Tata,Altroz,2023,3,26500,Petrol,Automatic,second,707750,Tata Altroz,kaggle_market,7.08
Bmw,3 Series,2011,15,214000,Diesel,Automatic,first,380000,Bmw 3 Series,kaggle_market,3.8
Maruti Suzuki,Wagon-R,2014,12,52000,Petrol,Manual,second,275500,Maruti Suzuki Wagon-R,kaggle_market,2.76
Maruti Suzuki,Swift-Dzire,2014,12,168000,Diesel,Manual,second,351500,Maruti Suzuki Swift-Dzire,kaggle_market,3.52
Toyota,Innova Hycross,2024,2,3000,Petrol,Automatic,first,2375000,Toyota Innova Hycross,kaggle_market,23.75
Toyota,Etios,2018,8,145000,Diesel,Manual,second,536750,Toyota Etios,kaggle_market,5.37
Tata,Tiago,2020,6,60000,Petrol,Manual,second,498750,Tata Tiago,kaggle_market,4.99
Volkswagen,Vento,2013,13,72000,Diesel,Manual,second,418000,Volkswagen Vento,kaggle_market,4.18
Hyundai,Elite I20,2015,11,28240,Petrol,Manual,first,555750,Hyundai Elite I20,kaggle_market,5.56
Tata,Altroz,2022,4,45000,Diesel,Manual,first,736250,Tata Altroz,kaggle_market,7.36
Mercedes-Benz,C-Class,2016,10,64998,Diesel,Automatic,second,1520000,Mercedes-Benz C-Class,kaggle_market,15.2
Maruti Suzuki,Baleno,2017,9,57000,Diesel,Manual,first,616550,Maruti Suzuki Baleno,kaggle_market,6.17
Maruti Suzuki,Swift,2013,13,68000,Petrol,Manual,first,375250,Maruti Suzuki Swift,kaggle_market,3.75
Kia,Seltos,2021,5,37900,Diesel,Automatic,first,1467750,Kia Seltos,kaggle_market,14.68
Maruti Suzuki,Wagon R,2016,10,70000,Petrol,Manual,second,418000,Maruti Suzuki Wagon R,kaggle_market,4.18
Mercedes-Benz,C-Class,2020,6,51000,Petrol,Automatic,first,3035250,Mercedes-Benz C-Class,kaggle_market,30.35
Hyundai,Creta,2019,7,56000,Petrol,Manual,first,935750,Hyundai Creta,kaggle_market,9.36
Kia,Seltos,2020,6,97000,Diesel,Automatic,first,1377500,Kia Seltos,kaggle_market,13.78
Renault,Duster,2018,8,21378,Petrol,Automatic,second,718200,Renault Duster,kaggle_market,7.18
Toyota,Fortuner,2024,2,9000,Diesel,Automatic,first,3942500,Toyota Fortuner,kaggle_market,39.42
Hyundai,Grand I10 Nios,2019,7,35485,Petrol,Manual,second,536750,Hyundai Grand I10 Nios,kaggle_market,5.37
Honda,Brio,2014,12,47000,Petrol,Manual,second,152000,Honda Brio,kaggle_market,1.52
Toyota,Innova,2013,13,126870,Diesel,Automatic,first,698250,Toyota Innova,kaggle_market,6.98
Maruti Suzuki,Swift,2020,6,98000,Petrol,Manual,first,570000,Maruti Suzuki Swift,kaggle_market,5.7
Maruti Suzuki,Baleno,2023,3,15000,Petrol,Manual,first,745750,Maruti Suzuki Baleno,kaggle_market,7.46
Mercedes-Benz,Glc Class,2021,5,31000,Petrol,Automatic,first,5224050,Mercedes-Benz Glc Class,kaggle_market,52.24
Ford,Endeavour,2021,5,78000,Diesel,Automatic,first,3087500,Ford Endeavour,kaggle_market,30.88
Kia,Seltos,2020,6,59000,Petrol,Manual,first,992750,Kia Seltos,kaggle_market,9.93
Maruti Suzuki,Swift,2010,16,23000,Petrol,Manual,first,327750,Maruti Suzuki Swift,kaggle_market,3.28
Tata,Safari,2011,15,85000,Diesel,Manual,first,247000,Tata Safari,kaggle_market,2.47
Bmw,Z4,2010,16,25647,Petrol,Automatic,second,2565000,Bmw Z4,kaggle_market,25.65
Mahindra,Scorpio,2021,5,54128,Diesel,Manual,first,1648250,Mahindra Scorpio,kaggle_market,16.48
Ford,Endeavour,2021,5,38000,Diesel,Automatic,first,1425000,Ford Endeavour,kaggle_market,14.25
Bmw,3 Series,2020,6,17500,Petrol,Automatic,first,4560000,Bmw 3 Series,kaggle_market,45.6
Toyota,Fortuner,2021,5,38351,Diesel,Manual,first,3325000,Toyota Fortuner,kaggle_market,33.25
Toyota,Innova,2012,14,98695,Diesel,Manual,first,456000,Toyota Innova,kaggle_market,4.56
Toyota,Innova,2014,12,270000,Diesel,Manual,second,893000,Toyota Innova,kaggle_market,8.93
Porsche,Macan,2024,2,1600,Petrol,Automatic,first,9025000,Porsche Macan,kaggle_market,90.25
Honda,Jazz,2010,16,60000,Petrol,Manual,second,237500,Honda Jazz,kaggle_market,2.38
Volkswagen,Jetta,2011,15,79000,Diesel,Manual,first,361000,Volkswagen Jetta,kaggle_market,3.61
Mercedes-Benz,E-Class,2021,5,19000,Diesel,Automatic,first,6745000,Mercedes-Benz E-Class,kaggle_market,67.45
Skoda,Slavia,2024,2,5000,Petrol,Automatic,first,1490550,Skoda Slavia,kaggle_market,14.91
Honda,Wrv,2017,9,110000,Diesel,Manual,second,541500,Honda Wrv,kaggle_market,5.42
Honda,Jazz,2016,10,80000,Petrol,Automatic,second,498750,Honda Jazz,kaggle_market,4.99
Maruti Suzuki,S-Cross,2017,9,134000,Diesel,Manual,second,736250,Maruti Suzuki S-Cross,kaggle_market,7.36
Maruti Suzuki,Swift-Dzire,2021,5,37000,Petrol,Manual,second,636500,Maruti Suzuki Swift-Dzire,kaggle_market,6.36
Maruti Suzuki,Alto-K10,2014,12,48000,Petrol,Manual,second,213750,Maruti Suzuki Alto-K10,kaggle_market,2.14
Ford,Endeavour,2021,5,68800,Diesel,Automatic,first,3458000,Ford Endeavour,kaggle_market,34.58
Mahindra,Thar,2018,8,9000,Diesel,Manual,first,1021250,Mahindra Thar,kaggle_market,10.21
Honda,City,2015,11,71000,Petrol,Automatic,second,441750,Honda City,kaggle_market,4.42
Skoda,Kodiaq,2018,8,90000,Diesel,Automatic,first,1757500,Skoda Kodiaq,kaggle_market,17.58
Mahindra,Bolero,2024,2,14000,Petrol,Manual,first,1021250,Mahindra Bolero,kaggle_market,10.21
Toyota,Innova Crysta,2019,7,195698,Diesel,Manual,first,1899999,Toyota Innova Crysta,kaggle_market,19.0
Maruti Suzuki,Wagon-R,2009,17,61000,Petrol,Manual,second,114000,Maruti Suzuki Wagon-R,kaggle_market,1.14
Audi,A4,2022,4,28000,Petrol,Automatic,first,3990000,Audi A4,kaggle_market,39.9
Bmw,7 Series,2015,11,78000,Diesel,Automatic,second,1804999,Bmw 7 Series,kaggle_market,18.05
Maruti Suzuki,Brezza,2020,6,49000,Petrol,Manual,first,655500,Maruti Suzuki Brezza,kaggle_market,6.56
Tata,Nexon,2021,5,54000,Diesel,Manual,first,736250,Tata Nexon,kaggle_market,7.36
Maruti Suzuki,Celerio,2017,9,37000,Petrol,Automatic,first,475000,Maruti Suzuki Celerio,kaggle_market,4.75
Mahindra,Xuv500,2016,10,56000,Diesel,Manual,second,802750,Mahindra Xuv500,kaggle_market,8.03
Mahindra,Thar,2023,3,14500,Diesel,Automatic,first,1648250,Mahindra Thar,kaggle_market,16.48
Skoda,Kushaq,2022,4,16000,Petrol,Automatic,second,1591250,Skoda Kushaq,kaggle_market,15.91
Toyota,2.8 Legender 4X2,2021,5,83000,Diesel,Automatic,first,3700250,Toyota 2.8 Legender 4X2,kaggle_market,37.0
Maruti Suzuki,Baleno,2022,4,18000,Petrol,Manual,second,565250,Maruti Suzuki Baleno,kaggle_market,5.65
Maruti Suzuki,Ignis,2017,9,81890,Petrol,Manual,first,413250,Maruti Suzuki Ignis,kaggle_market,4.13
Toyota,Innova Crysta,2020,6,155000,Diesel,Manual,first,2280000,Toyota Innova Crysta,kaggle_market,22.8
Maruti Suzuki,Alto,2010,16,80000,Petrol,Manual,first,137750,Maruti Suzuki Alto,kaggle_market,1.38
Maruti Suzuki,Celerio,2015,11,44000,Petrol,Automatic,first,418000,Maruti Suzuki Celerio,kaggle_market,4.18
Mercedes-Benz,C-Class,2019,7,39000,Diesel,Automatic,first,4132500,Mercedes-Benz C-Class,kaggle_market,41.32
Bmw,5 Series,2012,14,65000,Diesel,Automatic,second,1140000,Bmw 5 Series,kaggle_market,11.4
Hyundai,I20,2014,12,113000,Diesel,Manual,first,332500,Hyundai I20,kaggle_market,3.32
Hyundai,Tucson,2018,8,135000,Diesel,Automatic,second,1121000,Hyundai Tucson,kaggle_market,11.21
Kia,Seltos,2022,4,22000,Petrol,Automatic,first,1472500,Kia Seltos,kaggle_market,14.72
Maruti Suzuki,Alto-K10,2018,8,34000,Petrol,Automatic,second,275500,Maruti Suzuki Alto-K10,kaggle_market,2.76
Toyota,Innova Crysta,2016,10,66000,Diesel,Manual,first,1277750,Toyota Innova Crysta,kaggle_market,12.78
Maruti Suzuki,Wagon-R,2016,10,72000,Petrol,Manual,first,266000,Maruti Suzuki Wagon-R,kaggle_market,2.66
Toyota,Vellfire,2021,5,30000,Petrol,Automatic,first,9025000,Toyota Vellfire,kaggle_market,90.25
Ford,Ecosport,2017,9,51421,Diesel,Manual,first,612750,Ford Ecosport,kaggle_market,6.13
Hyundai,Verna,2013,13,100000,Diesel,Manual,second,380000,Hyundai Verna,kaggle_market,3.8
Maruti Suzuki,Swift,2016,10,63653,Diesel,Manual,second,555750,Maruti Suzuki Swift,kaggle_market,5.56
Maruti Suzuki,Wagon-R-1-0,2012,14,65000,Petrol,Manual,second,168720,Maruti Suzuki Wagon-R-1-0,kaggle_market,1.69
Mitsubishi,Pajero Sport,2015,11,80000,Diesel,Automatic,first,888250,Mitsubishi Pajero Sport,kaggle_market,8.88
Volkswagen,Polo,2018,8,65000,Petrol,Automatic,first,831250,Volkswagen Polo,kaggle_market,8.31
Kia,Sonet,2021,5,30000,Diesel,Automatic,first,1130500,Kia Sonet,kaggle_market,11.3
Hyundai,Xcent,2016,10,44000,Petrol,Automatic,first,418950,Hyundai Xcent,kaggle_market,4.19
Jaguar,F-Pace,2018,8,76000,Diesel,Automatic,second,3324999,Jaguar F-Pace,kaggle_market,33.25
Maruti Suzuki,Ciaz,2017,9,53600,Diesel,Manual,second,560500,Maruti Suzuki Ciaz,kaggle_market,5.6
Hyundai,Creta,2018,8,80000,Diesel,Automatic,second,1235000,Hyundai Creta,kaggle_market,12.35
Honda,City Zx,2005,21,105000,Petrol,Manual,second,128250,Honda City Zx,kaggle_market,1.28
Maruti Suzuki,Swift-Dzire,2014,12,70123,Diesel,Manual,first,465500,Maruti Suzuki Swift-Dzire,kaggle_market,4.66
Tata,Nexon,2018,8,75000,Diesel,Automatic,second,555750,Tata Nexon,kaggle_market,5.56
Maruti Suzuki,Swift,2021,5,72782,Petrol,Manual,first,598500,Maruti Suzuki Swift,kaggle_market,5.98
Honda,Amaze,2021,5,57000,Petrol,Manual,second,555750,Honda Amaze,kaggle_market,5.56
Hyundai,New Elantra,2014,12,86000,Diesel,Manual,second,522500,Hyundai New Elantra,kaggle_market,5.22
Ford,Ecosport,2021,5,35000,Petrol,Automatic,first,973750,Ford Ecosport,kaggle_market,9.74
Volkswagen,Tiguan,2017,9,105000,Diesel,Automatic,first,1805000,Volkswagen Tiguan,kaggle_market,18.05
Toyota,Innova,2013,13,250000,Diesel,Manual,second,9025000,Toyota Innova,kaggle_market,90.25
Mahindra,Xuv700,2021,5,52000,Petrol,Manual,first,1828750,Mahindra Xuv700,kaggle_market,18.29
Maruti Suzuki,Celerio,2014,12,66000,Petrol,Manual,first,274444,Maruti Suzuki Celerio,kaggle_market,2.74
Hyundai,Creta,2016,10,56000,Diesel,Manual,first,674500,Hyundai Creta,kaggle_market,6.74
Volkswagen,Ventotest,2015,11,74000,Diesel,Automatic,first,508250,Volkswagen Ventotest,kaggle_market,5.08
Maruti Suzuki,Celerio,2015,11,90000,Petrol,Automatic,first,340100,Maruti Suzuki Celerio,kaggle_market,3.4
Renault,Kwid,2016,10,61600,Petrol,Automatic,second,228000,Renault Kwid,kaggle_market,2.28
Mahindra,Marazzo,2018,8,95000,Diesel,Manual,second,522500,Mahindra Marazzo,kaggle_market,5.22
Mercedes-Benz,C-Class,2020,6,24000,Diesel,Automatic,second,3847500,Mercedes-Benz C-Class,kaggle_market,38.48
Volkswagen,Virtus,2023,3,11021,Petrol,Manual,first,1159000,Volkswagen Virtus,kaggle_market,11.59
Volkswagen,Ventotest,2016,10,90000,Diesel,Automatic,first,712500,Volkswagen Ventotest,kaggle_market,7.12
Bmw,X3,2012,14,79000,Diesel,Automatic,second,1947500,Bmw X3,kaggle_market,19.48
Maruti Suzuki,Swift,2011,15,79000,Diesel,Manual,second,223250,Maruti Suzuki Swift,kaggle_market,2.23
Maruti Suzuki,Sx4,2011,15,117000,Diesel,Manual,first,237500,Maruti Suzuki Sx4,kaggle_market,2.38
Datsun,Redigo,2018,8,60000,Petrol,Manual,first,285000,Datsun Redigo,kaggle_market,2.85
Renault,Duster,2018,8,71000,Diesel,Manual,first,798000,Renault Duster,kaggle_market,7.98
Mahindra,Xuv500,2015,11,80000,Diesel,Manual,first,465500,Mahindra Xuv500,kaggle_market,4.66
Hyundai,Eon,2015,11,58124,Petrol,Manual,second,237500,Hyundai Eon,kaggle_market,2.38
Tata,Nexon,2019,7,82000,Diesel,Manual,second,593750,Tata Nexon,kaggle_market,5.94
Jaguar,Xf,2016,10,100000,Diesel,Automatic,second,1415500,Jaguar Xf,kaggle_market,14.16
Mahindra,Scorpio,2023,3,16900,Diesel,Manual,first,1662500,Mahindra Scorpio,kaggle_market,16.62
Mini,Cooper Convertible,2013,13,23000,Petrol,Automatic,second,1876250,Mini Cooper Convertible,kaggle_market,18.76
Hyundai,Alcazar,2021,5,32000,Petrol,Automatic,first,855000,Hyundai Alcazar,kaggle_market,8.55
Volkswagen,Ventotest,2016,10,67000,Petrol,Manual,second,428450,Volkswagen Ventotest,kaggle_market,4.28
Bmw,X3,2022,4,37500,Petrol,Automatic,first,5035000,Bmw X3,kaggle_market,50.35
Toyota,Fortuner,2015,11,40000,Diesel,Automatic,second,1306250,Toyota Fortuner,kaggle_market,13.06
Tata,Nano,2017,9,34000,Petrol,Automatic,second,218500,Tata Nano,kaggle_market,2.18
Renault,Duster,2013,13,89000,Diesel,Manual,second,498750,Renault Duster,kaggle_market,4.99
Maruti Suzuki,800,2005,21,28000,Petrol,Manual,second,55100,Maruti Suzuki 800,kaggle_market,0.55
Volkswagen,Polo,2013,13,87500,Petrol,Manual,second,285000,Volkswagen Polo,kaggle_market,2.85
Maruti Suzuki,Swift-Dzire,2018,8,100000,Diesel,Manual,second,546250,Maruti Suzuki Swift-Dzire,kaggle_market,5.46
Maruti Suzuki,Swift Dzire,2014,12,25000,Diesel,Manual,first,561450,Maruti Suzuki Swift Dzire,kaggle_market,5.61
Hyundai,Verna,2014,12,137000,Diesel,Manual,second,532000,Hyundai Verna,kaggle_market,5.32
Tata,Nexon,2019,7,122087,Diesel,Manual,first,593750,Tata Nexon,kaggle_market,5.94
Audi,Q3,2016,10,40000,Diesel,Automatic,second,2460500,Audi Q3,kaggle_market,24.6
Hyundai,I20 Active,2016,10,65000,Petrol,Manual,second,380000,Hyundai I20 Active,kaggle_market,3.8
Volkswagen,Vento,2018,8,46000,Petrol,Manual,second,617500,Volkswagen Vento,kaggle_market,6.18
Hyundai,Creta,2015,11,82000,Diesel,Automatic,second,523450,Hyundai Creta,kaggle_market,5.23
Honda,Brv,2016,10,129000,Diesel,Manual,second,565250,Honda Brv,kaggle_market,5.65
Hyundai,Verna,2016,10,80000,Diesel,Automatic,second,589950,Hyundai Verna,kaggle_market,5.9
Maruti Suzuki,Celerio,2016,10,49000,Petrol,Automatic,first,403750,Maruti Suzuki Celerio,kaggle_market,4.04
Mahindra,Rexton,2015,11,57000,Diesel,Automatic,second,759050,Mahindra Rexton,kaggle_market,7.59
Maruti Suzuki,Baleno,2017,9,80000,Petrol,Automatic,second,617500,Maruti Suzuki Baleno,kaggle_market,6.18
Hyundai,Elite I20,2019,7,59000,Petrol,Manual,first,569050,Hyundai Elite I20,kaggle_market,5.69
Hyundai,Venue,2023,3,69000,Diesel,Manual,first,926250,Hyundai Venue,kaggle_market,9.26
Mercedes-Benz,C-Class,2012,14,75770,Diesel,Automatic,second,593750,Mercedes-Benz C-Class,kaggle_market,5.94
Chevrolet,Beat,2010,16,60000,Petrol,Manual,second,99750,Chevrolet Beat,kaggle_market,1.0
Ford,Endeavour,2020,6,122000,Diesel,Automatic,first,2659999,Ford Endeavour,kaggle_market,26.6
Hyundai,I10,2014,12,76000,Petrol,Manual,first,275500,Hyundai I10,kaggle_market,2.76
Hyundai,I10,2013,13,63000,Petrol,Manual,first,265050,Hyundai I10,kaggle_market,2.65
Honda,Brio,2014,12,59000,Petrol,Manual,first,356250,Honda Brio,kaggle_market,3.56
Bmw,7 Series,2017,9,26000,Diesel,Automatic,second,4227500,Bmw 7 Series,kaggle_market,42.28
Hyundai,I10,2013,13,65891,Petrol,Automatic,first,304000,Hyundai I10,kaggle_market,3.04
Hyundai,I20,2013,13,120000,Diesel,Automatic,second,237500,Hyundai I20,kaggle_market,2.38
Maruti Suzuki,Ciaz,2018,8,72000,Diesel,Manual,first,831250,Maruti Suzuki Ciaz,kaggle_market,8.31
Datsun,Redi Go,2019,7,112000,Petrol,Manual,first,270750,Datsun Redi Go,kaggle_market,2.71
Maruti Suzuki,Baleno,2018,8,33000,Petrol,Automatic,second,569050,Maruti Suzuki Baleno,kaggle_market,5.69
Mahindra,Xuv500,2017,9,61000,Diesel,Automatic,first,1030750,Mahindra Xuv500,kaggle_market,10.31
Hyundai,Grand I10,2014,12,68538,Petrol,Manual,first,318250,Hyundai Grand I10,kaggle_market,3.18
Mini,Cooper S,2013,13,48000,Petrol,Automatic,second,1615000,Mini Cooper S,kaggle_market,16.15
Tata,Safari Storme,2013,13,125000,Diesel,Manual,second,403750,Tata Safari Storme,kaggle_market,4.04
Mahindra,Thar,2023,3,15000,Petrol,Automatic,first,1377500,Mahindra Thar,kaggle_market,13.78
Toyota,Innova Crysta,2021,5,75000,Diesel,Automatic,first,2470000,Toyota Innova Crysta,kaggle_market,24.7
Mahindra,Xylo,2018,8,50412,Diesel,Manual,first,703000,Mahindra Xylo,kaggle_market,7.03
Toyota,Etios,2019,7,51234,Diesel,Manual,first,807500,Toyota Etios,kaggle_market,8.07
Volkswagen,Polo,2013,13,120000,Diesel,Manual,first,389500,Volkswagen Polo,kaggle_market,3.9
Maruti Suzuki,Ciaz,2015,11,54000,Diesel,Manual,first,346750,Maruti Suzuki Ciaz,kaggle_market,3.47
Hyundai,Creta,2019,7,59980,Petrol,Automatic,first,1083000,Hyundai Creta,kaggle_market,10.83
Bmw,X1,2012,14,73000,Diesel,Automatic,second,688750,Bmw X1,kaggle_market,6.89
Mercedes-Benz,C-Class,2010,16,40000,Petrol,Automatic,second,569999,Mercedes-Benz C-Class,kaggle_market,5.7
Mercedes-Benz,Gls,2017,9,70000,Petrol,Automatic,first,5035000,Mercedes-Benz Gls,kaggle_market,50.35
Volkswagen,Polo,2022,4,29800,Petrol,Automatic,second,926250,Volkswagen Polo,kaggle_market,9.26
Hyundai,I20,2011,15,60000,Petrol,Manual,second,164350,Hyundai I20,kaggle_market,1.64
Hyundai,I20,2018,8,69000,Diesel,Manual,first,688750,Hyundai I20,kaggle_market,6.89
Mahindra,Marazzo,2018,8,90000,Diesel,Manual,second,522500,Mahindra Marazzo,kaggle_market,5.22
Hyundai,Santro Xing,2008,18,60000,Petrol,Manual,second,199500,Hyundai Santro Xing,kaggle_market,2.0
Hyundai,I20 Active,2015,11,84329,Diesel,Manual,second,631750,Hyundai I20 Active,kaggle_market,6.32
Mercedes-Benz,Cla,2017,9,38000,Diesel,Automatic,first,1710000,Mercedes-Benz Cla,kaggle_market,17.1
Mercedes-Benz,E-Class,2015,11,70000,Diesel,Automatic,second,2161250,Mercedes-Benz E-Class,kaggle_market,21.61
Mercedes-Benz,A Class,2014,12,35000,Diesel,Automatic,second,759050,Mercedes-Benz A Class,kaggle_market,7.59
Bmw,5 Series,2014,12,68000,Diesel,Automatic,second,1472500,Bmw 5 Series,kaggle_market,14.72
Toyota,Innova Crysta,2021,5,35000,Diesel,Automatic,second,2945000,Toyota Innova Crysta,kaggle_market,29.45
Ford,Endeavour,2018,8,90000,Diesel,Automatic,first,1805000,Ford Endeavour,kaggle_market,18.05
Land Rover,Range Rover Sport,2018,8,85000,Diesel,Automatic,first,5510000,Land Rover Range Rover Sport,kaggle_market,55.1
Toyota,Etios,2013,13,87000,Petrol,Manual,first,308750,Toyota Etios,kaggle_market,3.09
Toyota,Innova,2013,13,132000,Diesel,Manual,second,660249,Toyota Innova,kaggle_market,6.6
Skoda,Laura,2010,16,157851,Diesel,Automatic,first,365750,Skoda Laura,kaggle_market,3.66
Ford,Ecosport,2017,9,30000,Petrol,Automatic,second,703000,Ford Ecosport,kaggle_market,7.03
Maruti Suzuki,Swift-Dzire,2013,13,245000,Diesel,Manual,second,228000,Maruti Suzuki Swift-Dzire,kaggle_market,2.28
Renault,Kwid,2018,8,35000,Petrol,Automatic,first,361000,Renault Kwid,kaggle_market,3.61
Hyundai,Grand I10,2014,12,46052,Petrol,Automatic,second,346750,Hyundai Grand I10,kaggle_market,3.47
Nissan,Micra,2016,10,46000,Petrol,Automatic,first,441750,Nissan Micra,kaggle_market,4.42
Maruti Suzuki,Wagon-R,2009,17,75000,Petrol,Manual,second,90250,Maruti Suzuki Wagon-R,kaggle_market,0.9
Maruti Suzuki,Swift,2017,9,108000,Diesel,Manual,second,498750,Maruti Suzuki Swift,kaggle_market,4.99
Mahindra,Scorpio-N,2022,4,20545,Diesel,Manual,second,2042500,Mahindra Scorpio-N,kaggle_market,20.42
Bmw,3 Series Gt,2017,9,112000,Diesel,Automatic,second,2090000,Bmw 3 Series Gt,kaggle_market,20.9
Honda,City,2017,9,35000,Petrol,Manual,second,660250,Honda City,kaggle_market,6.6
Renault,Kwid,2018,8,28000,Petrol,Manual,first,280250,Renault Kwid,kaggle_market,2.8
Honda,City,2018,8,58000,Petrol,Automatic,second,712500,Honda City,kaggle_market,7.12
Volkswagen,Ventotest,2016,10,24000,Petrol,Automatic,first,498750,Volkswagen Ventotest,kaggle_market,4.99
Tata,Tiago,2018,8,43220,Petrol,Automatic,first,456000,Tata Tiago,kaggle_market,4.56
Hyundai,I20,2017,9,56000,Petrol,Manual,second,484500,Hyundai I20,kaggle_market,4.84
Tata,Hexa,2017,9,76250,Diesel,Automatic,second,641250,Tata Hexa,kaggle_market,6.41
Maruti Suzuki,Swift-Dzire,2016,10,139546,Diesel,Manual,second,332500,Maruti Suzuki Swift-Dzire,kaggle_market,3.32
Volvo,S90,2017,9,92000,Diesel,Automatic,second,2327500,Volvo S90,kaggle_market,23.28
Mercedes-Benz,C-Class,2023,3,16600,Diesel,Automatic,first,5225000,Mercedes-Benz C-Class,kaggle_market,52.25
Mahindra,Thar,2021,5,60000,Diesel,Manual,first,1282500,Mahindra Thar,kaggle_market,12.82
Honda,City,2012,14,71000,Petrol,Manual,second,346750,Honda City,kaggle_market,3.47
Ford,Endeavour,2020,6,88000,Diesel,Automatic,second,2469050,Ford Endeavour,kaggle_market,24.69
Hyundai,I10,2013,13,51500,Petrol,Automatic,first,232749,Hyundai I10,kaggle_market,2.33
Maruti Suzuki,Swift,2008,18,100000,Petrol,Manual,second,180500,Maruti Suzuki Swift,kaggle_market,1.8
Datsun,Go,2014,12,225000,Petrol,Manual,second,213750,Datsun Go,kaggle_market,2.14
Maruti Suzuki,S-Cross,2018,8,69000,Diesel,Manual,first,774250,Maruti Suzuki S-Cross,kaggle_market,7.74
Honda,Brio,2015,11,50000,Petrol,Automatic,first,437000,Honda Brio,kaggle_market,4.37
Renault,Duster,2014,12,110000,Diesel,Manual,second,441750,Renault Duster,kaggle_market,4.42
Hyundai,Creta,2020,6,120488,Petrol,Manual,first,821750,Hyundai Creta,kaggle_market,8.22
Maruti Suzuki,Ignis,2019,7,29770,Petrol,Automatic,second,498750,Maruti Suzuki Ignis,kaggle_market,4.99
Honda,City,2014,12,65000,Petrol,Automatic,second,494000,Honda City,kaggle_market,4.94
Honda,Amaze,2021,5,58000,Petrol,Automatic,first,646000,Honda Amaze,kaggle_market,6.46
Bmw,X1,2013,13,92048,Diesel,Automatic,first,1045000,Bmw X1,kaggle_market,10.45
Honda,Brv,2017,9,24000,Petrol,Automatic,second,707750,Honda Brv,kaggle_market,7.08
Hyundai,I20,2016,10,79000,Diesel,Manual,second,403750,Hyundai I20,kaggle_market,4.04
Maruti Suzuki,Swift-Dzire,2015,11,103000,Diesel,Manual,second,532000,Maruti Suzuki Swift-Dzire,kaggle_market,5.32
Maruti Suzuki,Vitara-Brezza,2021,5,25000,Petrol,Manual,first,722000,Maruti Suzuki Vitara-Brezza,kaggle_market,7.22
Volkswagen,Virtus,2023,3,20000,Petrol,Automatic,second,1567500,Volkswagen Virtus,kaggle_market,15.68
Bmw,3 Series Gt,2014,12,89000,Diesel,Automatic,first,1140000,Bmw 3 Series Gt,kaggle_market,11.4
Hyundai,Xcent,2016,10,80000,Petrol,Automatic,second,346750,Hyundai Xcent,kaggle_market,3.47
Maruti Suzuki,Celerio,2020,6,62000,Petrol,Manual,first,498750,Maruti Suzuki Celerio,kaggle_market,4.99
Skoda,Rapid,2015,11,82000,Diesel,Automatic,first,437000,Skoda Rapid,kaggle_market,4.37
Hyundai,Verna,2017,9,68000,Diesel,Manual,second,712500,Hyundai Verna,kaggle_market,7.12
Jaguar,Xe,2020,6,65000,Petrol,Automatic,second,3135000,Jaguar Xe,kaggle_market,31.35
Mahindra,Quanto,2013,13,50308,Diesel,Manual,first,280250,Mahindra Quanto,kaggle_market,2.8
Honda,Amaze,2019,7,57791,Diesel,Manual,first,693500,Honda Amaze,kaggle_market,6.94
Honda,Wrv,2018,8,58960,Diesel,Manual,first,712500,Honda Wrv,kaggle_market,7.12
Jeep,Compass,2017,9,74500,Diesel,Manual,first,807500,Jeep Compass,kaggle_market,8.07
Volkswagen,Polo,2021,5,43000,Petrol,Automatic,second,1111500,Volkswagen Polo,kaggle_market,11.12
Maruti Suzuki,Alto,2011,15,96000,Petrol,Manual,second,128250,Maruti Suzuki Alto,kaggle_market,1.28
Maruti Suzuki,Eeco,2023,3,11293,Petrol,Manual,first,546250,Maruti Suzuki Eeco,kaggle_market,5.46
Hyundai,I10,2011,15,40000,Petrol,Automatic,second,237500,Hyundai I10,kaggle_market,2.38
Toyota,Fortuner,2014,12,127000,Diesel,Manual,second,1548500,Toyota Fortuner,kaggle_market,15.48
Volvo,S60,2012,14,45500,Diesel,Automatic,second,1425000,Volvo S60,kaggle_market,14.25
Mahindra,Xuv500,2016,10,118000,Diesel,Manual,first,688750,Mahindra Xuv500,kaggle_market,6.89
Mercedes-Benz,E-Class,2011,15,75000,Diesel,Automatic,second,1415500,Mercedes-Benz E-Class,kaggle_market,14.16
Honda,Jazz,2017,9,63000,Petrol,Automatic,first,612750,Honda Jazz,kaggle_market,6.13
Hyundai,Creta Facelift,2021,5,39000,Diesel,Manual,first,1139050,Hyundai Creta Facelift,kaggle_market,11.39
Maruti Suzuki,Celerio,2017,9,65000,Petrol,Manual,second,356250,Maruti Suzuki Celerio,kaggle_market,3.56
Toyota,Etios,2018,8,165256,Diesel,Manual,second,536750,Toyota Etios,kaggle_market,5.37
Hyundai,Creta,2021,5,27531,Petrol,Manual,first,1230250,Hyundai Creta,kaggle_market,12.3
Toyota,Fortuner,2017,9,115000,Diesel,Automatic,first,2655250,Toyota Fortuner,kaggle_market,26.55
Maruti Suzuki,Ignis,2019,7,31000,Petrol,Manual,first,475000,Maruti Suzuki Ignis,kaggle_market,4.75
Toyota,Corolla Altis,2015,11,100000,Diesel,Manual,second,617500,Toyota Corolla Altis,kaggle_market,6.18
Mitsubishi,Outlander,2010,16,80000,Petrol,Automatic,second,308750,Mitsubishi Outlander,kaggle_market,3.09
Hyundai,Santro Xing,2009,17,90000,Petrol,Manual,second,156750,Hyundai Santro Xing,kaggle_market,1.57
Mahindra,Thar,2021,5,65000,Diesel,Automatic,second,1249250,Mahindra Thar,kaggle_market,12.49
Maruti Suzuki,Alto-800,2006,20,85000,Petrol,Manual,second,80750,Maruti Suzuki Alto-800,kaggle_market,0.81
Maruti Suzuki,Alto-800,2013,13,35000,Petrol,Manual,second,218500,Maruti Suzuki Alto-800,kaggle_market,2.18
Hyundai,Eon,2014,12,54000,Petrol,Manual,second,185250,Hyundai Eon,kaggle_market,1.85
Tata,Safari,2022,4,46000,Diesel,Automatic,first,1577000,Tata Safari,kaggle_market,15.77
Mercedes-Benz,S-Class,2014,12,190000,Diesel,Automatic,second,2303750,Mercedes-Benz S-Class,kaggle_market,23.04
Toyota,Innova Crysta,2018,8,250000,Diesel,Automatic,first,1709999,Toyota Innova Crysta,kaggle_market,17.1
Toyota,Innova,2011,15,236000,Diesel,Manual,second,945250,Toyota Innova,kaggle_market,9.45
Toyota,Camry,2015,11,53350,Petrol,Automatic,second,1130500,Toyota Camry,kaggle_market,11.3
Maruti Suzuki,Swift,2017,9,69053,Petrol,Manual,second,570000,Maruti Suzuki Swift,kaggle_market,5.7
Tata,Bolt,2016,10,140990,Diesel,Automatic,second,332500,Tata Bolt,kaggle_market,3.32
Hyundai,Creta,2020,6,67000,Diesel,Manual,first,783750,Hyundai Creta,kaggle_market,7.84
Tata,Tiago,2020,6,5589,Petrol,Automatic,first,688750,Tata Tiago,kaggle_market,6.89
Volkswagen,Jetta,2012,14,85000,Diesel,Automatic,first,475000,Volkswagen Jetta,kaggle_market,4.75
Audi,Q7,2018,8,40000,Diesel,Automatic,first,4750000,Audi Q7,kaggle_market,47.5
Ford,Fiesta,2012,14,83000,Petrol,Automatic,second,227050,Ford Fiesta,kaggle_market,2.27
Toyota,Innova,2010,16,225000,Diesel,Manual,first,427500,Toyota Innova,kaggle_market,4.28
Nissan,Sunny,2012,14,68000,Petrol,Manual,second,213750,Nissan Sunny,kaggle_market,2.14
Kia,Sonet,2020,6,79000,Diesel,Automatic,first,1026000,Kia Sonet,kaggle_market,10.26
Volvo,S90,2020,6,36000,Diesel,Automatic,first,3990000,Volvo S90,kaggle_market,39.9
Hyundai,Xcent,2014,12,89084,Petrol,Manual,first,236550,Hyundai Xcent,kaggle_market,2.37
Land Rover,Range Rover Evoque,2016,10,38000,Diesel,Automatic,first,2517500,Land Rover Range Rover Evoque,kaggle_market,25.18
Hyundai,Alcazar,2021,5,35000,Diesel,Automatic,first,1757500,Hyundai Alcazar,kaggle_market,17.58
Honda,Amaze,2015,11,75000,Diesel,Manual,second,356250,Honda Amaze,kaggle_market,3.56
Mahindra,Xuv 300,2020,6,48155,Diesel,Manual,first,836000,Mahindra Xuv 300,kaggle_market,8.36
Maruti Suzuki,Ignis,2018,8,44500,Petrol,Automatic,second,465500,Maruti Suzuki Ignis,kaggle_market,4.66
Ford,Figo,2017,9,121600,Diesel,Manual,second,303050,Ford Figo,kaggle_market,3.03
Audi,Q7,2016,10,99000,Diesel,Automatic,first,2897500,Audi Q7,kaggle_market,28.98
Mahindra,Xuv500,2017,9,119000,Diesel,Manual,second,855000,Mahindra Xuv500,kaggle_market,8.55
Toyota,Innova Hycross,2023,3,30000,Petrol,Automatic,second,2612500,Toyota Innova Hycross,kaggle_market,26.12
Maruti Suzuki,Ritz,2012,14,125000,Diesel,Manual,first,261250,Maruti Suzuki Ritz,kaggle_market,2.61
Toyota,Corolla Altis,2016,10,67000,Petrol,Automatic,second,750500,Toyota Corolla Altis,kaggle_market,7.5
Mercedes-Benz,E-Class,2014,12,51000,Diesel,Automatic,second,1519050,Mercedes-Benz E-Class,kaggle_market,15.19
Volkswagen,Vento,2013,13,67000,Diesel,Manual,second,403750,Volkswagen Vento,kaggle_market,4.04
Maruti Suzuki,Swift,2010,16,42583,Diesel,Manual,second,285000,Maruti Suzuki Swift,kaggle_market,2.85
Renault,Duster,2019,7,71000,Diesel,Automatic,first,569050,Renault Duster,kaggle_market,5.69
Maruti Suzuki,Alto,2010,16,141000,Petrol,Automatic,second,75999,Maruti Suzuki Alto,kaggle_market,0.76
Maruti Suzuki,Swift,2016,10,78000,Diesel,Manual,second,508250,Maruti Suzuki Swift,kaggle_market,5.08
Tata,Tiago,2022,4,17200,Petrol,Manual,first,494000,Tata Tiago,kaggle_market,4.94
Maruti Suzuki,Celerio,2017,9,78000,Petrol,Automatic,first,403750,Maruti Suzuki Celerio,kaggle_market,4.04
Maruti Suzuki,Swift,2006,20,66711,Petrol,Manual,second,137750,Maruti Suzuki Swift,kaggle_market,1.38
Nissan,Teana,2010,16,69500,Petrol,Automatic,second,616550,Nissan Teana,kaggle_market,6.17
Honda,Amaze,2018,8,62000,Petrol,Manual,second,631750,Honda Amaze,kaggle_market,6.32
Volkswagen,Polo,2016,10,65000,Diesel,Automatic,second,361000,Volkswagen Polo,kaggle_market,3.61
Volkswagen,Vento,2017,9,63000,Diesel,Manual,second,731500,Volkswagen Vento,kaggle_market,7.32
Land Rover,Discovery Sport,2017,9,78000,Diesel,Automatic,second,2137500,Land Rover Discovery Sport,kaggle_market,21.38
Volkswagen,Crosspolo,2014,12,104000,Diesel,Manual,second,426550,Volkswagen Crosspolo,kaggle_market,4.27
Skoda,Superb,2018,8,65000,Petrol,Automatic,first,1472500,Skoda Superb,kaggle_market,14.72
Maruti Suzuki,Wagon R,2022,4,9000,Petrol,Automatic,first,617500,Maruti Suzuki Wagon R,kaggle_market,6.18
Ford,Endeavour,2016,10,100000,Diesel,Automatic,second,2612500,Ford Endeavour,kaggle_market,26.12
Toyota,Fortuner,2020,6,40700,Diesel,Automatic,first,3776250,Toyota Fortuner,kaggle_market,37.76
Audi,A6,2015,11,75000,Diesel,Automatic,second,774249,Audi A6,kaggle_market,7.74
Renault,Kwid,2017,9,49600,Petrol,Manual,second,284905,Renault Kwid,kaggle_market,2.85
Ford,Figo,2014,12,36000,Diesel,Automatic,first,285000,Ford Figo,kaggle_market,2.85
Maruti Suzuki,Baleno,2019,7,47000,Petrol,Manual,first,494000,Maruti Suzuki Baleno,kaggle_market,4.94
Toyota,Innova Crysta,2018,8,115000,Diesel,Manual,first,1871500,Toyota Innova Crysta,kaggle_market,18.72
Hyundai,Verna,2010,16,150000,Petrol,Manual,second,261250,Hyundai Verna,kaggle_market,2.61
Mahindra,Xuv500,2020,6,85000,Diesel,Manual,first,973750,Mahindra Xuv500,kaggle_market,9.74
Mahindra,Xuv700,2024,2,13000,Diesel,Automatic,first,1885750,Mahindra Xuv700,kaggle_market,18.86
Mahindra,Xuv500,2015,11,85000,Diesel,Manual,first,707750,Mahindra Xuv500,kaggle_market,7.08
Volkswagen,Taigun,2024,2,1933,Petrol,Automatic,first,1866750,Volkswagen Taigun,kaggle_market,18.67
Audi,A6,2016,10,63000,Diesel,Automatic,second,1709999,Audi A6,kaggle_market,17.1
Mercedes-Benz,Gla Class,2015,11,53000,Diesel,Automatic,second,1610250,Mercedes-Benz Gla Class,kaggle_market,16.1
Mahindra,Xuv500,2018,8,43900,Diesel,Manual,first,1225500,Mahindra Xuv500,kaggle_market,12.26
Hyundai,Grand I10,2014,12,78000,Petrol,Automatic,first,403750,Hyundai Grand I10,kaggle_market,4.04
Jeep,Compass,2017,9,71000,Diesel,Manual,first,1044050,Jeep Compass,kaggle_market,10.44
Mg,Hector Plus,2020,6,81600,Petrol,Automatic,second,969950,Mg Hector Plus,kaggle_market,9.7
Ford,Endeavour,2018,8,64999,Diesel,Automatic,first,2754999,Ford Endeavour,kaggle_market,27.55
Mahindra,Scorpio Classic,2007,19,175000,Diesel,Manual,second,228000,Mahindra Scorpio Classic,kaggle_market,2.28
Audi,Q3,2017,9,65000,Diesel,Automatic,first,1604550,Audi Q3,kaggle_market,16.05
Maruti Suzuki,Baleno,2018,8,29500,Petrol,Automatic,first,660250,Maruti Suzuki Baleno,kaggle_market,6.6
Honda,City Zx,2007,19,85000,Petrol,Manual,second,161500,Honda City Zx,kaggle_market,1.62
Tata,Indica Vista,2012,14,100000,Diesel,Automatic,second,152000,Tata Indica Vista,kaggle_market,1.52
Maruti Suzuki,Celerio,2020,6,42000,Petrol,Manual,second,456000,Maruti Suzuki Celerio,kaggle_market,4.56
Hyundai,Xcent Prime,2014,12,60000,Petrol,Manual,second,266000,Hyundai Xcent Prime,kaggle_market,2.66
Maruti Suzuki,Grand Vitara,2022,4,28850,Petrol,Manual,first,1548500,Maruti Suzuki Grand Vitara,kaggle_market,15.48
Hyundai,Venue,2019,7,82000,Diesel,Manual,second,755250,Hyundai Venue,kaggle_market,7.55
Audi,Q3,2016,10,45000,Diesel,Automatic,first,2042500,Audi Q3,kaggle_market,20.42
Land Rover,Discovery Sport,2020,6,53500,Diesel,Automatic,second,4726250,Land Rover Discovery Sport,kaggle_market,47.26
Mahindra,Xuv500,2017,9,45000,Diesel,Automatic,first,1068750,Mahindra Xuv500,kaggle_market,10.69
Tata,Indica,2011,15,105000,Diesel,Manual,second,128250,Tata Indica,kaggle_market,1.28
Hyundai,Xcent,2014,12,90000,Diesel,Manual,second,389500,Hyundai Xcent,kaggle_market,3.9
Hyundai,Creta,2022,4,71000,Diesel,Manual,first,1467750,Hyundai Creta,kaggle_market,14.68
Hyundai,Fluidic Verna,2011,15,98500,Diesel,Manual,second,303050,Hyundai Fluidic Verna,kaggle_market,3.03
Skoda,Rapid,2014,12,59779,Petrol,Automatic,second,403750,Skoda Rapid,kaggle_market,4.04
Mg,Hector,2021,5,43000,Petrol,Automatic,first,1515250,Mg Hector,kaggle_market,15.15
Kia,Sonet,2021,5,50000,Diesel,Automatic,first,1292000,Kia Sonet,kaggle_market,12.92
Toyota,Fortuner,2014,12,89000,Diesel,Automatic,first,1235000,Toyota Fortuner,kaggle_market,12.35
Toyota,Innova,2013,13,114918,Diesel,Manual,first,736250,Toyota Innova,kaggle_market,7.36
Mahindra,Scorpio,2015,11,83455,Diesel,Manual,second,845500,Mahindra Scorpio,kaggle_market,8.46
Maruti Suzuki,Grand Vitara,2018,8,110000,Diesel,Manual,first,878750,Maruti Suzuki Grand Vitara,kaggle_market,8.79
Opel,Corsa,2002,24,45000,Petrol,Manual,second,180500,Opel Corsa,kaggle_market,1.8
Maruti Suzuki,Zen-Estilo,2006,20,130000,Petrol,Manual,second,85500,Maruti Suzuki Zen-Estilo,kaggle_market,0.86
Audi,A3,2019,7,59000,Diesel,Automatic,second,2090000,Audi A3,kaggle_market,20.9
Mahindra,Bolero,2017,9,129000,Diesel,Manual,first,684000,Mahindra Bolero,kaggle_market,6.84
Maruti Suzuki,Ciaz,2015,11,88000,Petrol,Manual,second,546250,Maruti Suzuki Ciaz,kaggle_market,5.46
Hyundai,Creta,2018,8,91000,Diesel,Manual,first,1026000,Hyundai Creta,kaggle_market,10.26
Honda,Jazz,2016,10,62091,Petrol,Automatic,second,569050,Honda Jazz,kaggle_market,5.69
Maruti Suzuki,New-Gen Swift,2019,7,78000,Petrol,Automatic,first,465500,Maruti Suzuki New-Gen Swift,kaggle_market,4.66
Ford,Endeavour,2018,8,62000,Diesel,Automatic,first,3277500,Ford Endeavour,kaggle_market,32.78
Maruti Suzuki,Vitara-Brezza,2016,10,84000,Diesel,Manual,first,593751,Maruti Suzuki Vitara-Brezza,kaggle_market,5.94
Hyundai,Venue,2019,7,128122,Diesel,Manual,first,712500,Hyundai Venue,kaggle_market,7.12
Nissan,Micra,2016,10,54000,Petrol,Automatic,second,465500,Nissan Micra,kaggle_market,4.66
Kia,Seltos,2021,5,40000,Petrol,Automatic,first,1472500,Kia Seltos,kaggle_market,14.72
Audi,Q3,2014,12,110000,Diesel,Automatic,second,1567500,Audi Q3,kaggle_market,15.68
Mahindra,Xuv500,2017,9,94054,Diesel,Automatic,first,1074450,Mahindra Xuv500,kaggle_market,10.74
Hyundai,I10,2011,15,100000,Petrol,Manual,second,218500,Hyundai I10,kaggle_market,2.18
Volkswagen,Polo,2014,12,82000,Petrol,Manual,second,285000,Volkswagen Polo,kaggle_market,2.85
Kia,Seltos,2020,6,44197,Diesel,Automatic,first,1562750,Kia Seltos,kaggle_market,15.63
Mahindra,Bolero,2020,6,53000,Diesel,Manual,first,665000,Mahindra Bolero,kaggle_market,6.65
Mahindra,Xuv500,2018,8,61000,Diesel,Manual,first,897750,Mahindra Xuv500,kaggle_market,8.98
Mini,Cooper S,2019,7,17000,Petrol,Automatic,second,4369999,Mini Cooper S,kaggle_market,43.7
Maruti Suzuki,S-Presso,2020,6,54000,Petrol,Manual,first,408500,Maruti Suzuki S-Presso,kaggle_market,4.08
Tata,Indica,2008,18,24000,Petrol,Manual,first,123500,Tata Indica,kaggle_market,1.24
Honda,Jazz,2016,10,62000,Petrol,Automatic,second,380000,Honda Jazz,kaggle_market,3.8
Ford,Fiesta,2010,16,93000,Diesel,Manual,second,166250,Ford Fiesta,kaggle_market,1.66
Maruti Suzuki,Swift,2019,7,57000,Petrol,Automatic,first,565250,Maruti Suzuki Swift,kaggle_market,5.65
Mercedes-Benz,E-Class,2018,8,75000,Diesel,Automatic,first,2845250,Mercedes-Benz E-Class,kaggle_market,28.45
Mahindra,Thar,2022,4,26000,Diesel,Automatic,first,1700500,Mahindra Thar,kaggle_market,17.0
Maruti Suzuki,Vitara-Brezza,2018,8,32000,Diesel,Manual,first,641250,Maruti Suzuki Vitara-Brezza,kaggle_market,6.41
Mg,Hector,2021,5,9000,Petrol,Automatic,first,1634950,Mg Hector,kaggle_market,16.35
Mercedes-Benz,S-Class,2001,25,95000,Petrol,Automatic,second,379050,Mercedes-Benz S-Class,kaggle_market,3.79
Hyundai,I10,2011,15,67000,Petrol,Manual,first,199500,Hyundai I10,kaggle_market,2.0
Toyota,Innova,2010,16,187000,Diesel,Manual,second,513000,Toyota Innova,kaggle_market,5.13
Audi,A8 L,2015,11,59000,Diesel,Automatic,first,2232500,Audi A8 L,kaggle_market,22.32
Toyota,Innova,2013,13,250000,Diesel,Manual,second,759999,Toyota Innova,kaggle_market,7.6
Maruti Suzuki,Swift-Dzire,2014,12,71500,Diesel,Manual,second,474050,Maruti Suzuki Swift-Dzire,kaggle_market,4.74
Ford,Free Style,2019,7,51000,Diesel,Manual,first,375250,Ford Free Style,kaggle_market,3.75
Renault,Kwid,2017,9,30000,Petrol,Automatic,second,356250,Renault Kwid,kaggle_market,3.56
Audi,A6,2015,11,93000,Diesel,Automatic,first,1035500,Audi A6,kaggle_market,10.36
Hyundai,Grand I10 Nios,2019,7,59284,Petrol,Automatic,second,506350,Hyundai Grand I10 Nios,kaggle_market,5.06
Skoda,Superb,2017,9,85000,Petrol,Automatic,first,1591250,Skoda Superb,kaggle_market,15.91
Hyundai,Creta,2021,5,56000,Diesel,Manual,second,1510500,Hyundai Creta,kaggle_market,15.1
Renault,Kwid,2018,8,70000,Petrol,Automatic,second,308750,Renault Kwid,kaggle_market,3.09
Honda,Jazz,2016,10,36000,Petrol,Automatic,second,593750,Honda Jazz,kaggle_market,5.94
Hyundai,Venue,2022,4,45000,Petrol,Manual,first,722000,Hyundai Venue,kaggle_market,7.22
Audi,Q3,2013,13,175000,Diesel,Automatic,first,1306250,Audi Q3,kaggle_market,13.06
Skoda,Slavia,2022,4,48000,Petrol,Manual,first,1282500,Skoda Slavia,kaggle_market,12.82
Hyundai,I20,2022,4,45000,Petrol,Manual,first,688750,Hyundai I20,kaggle_market,6.89
Toyota,Corolla Altis,2014,12,190000,Diesel,Manual,first,897750,Toyota Corolla Altis,kaggle_market,8.98
Toyota,Innova Crysta,2019,7,27000,Petrol,Automatic,first,1804050,Toyota Innova Crysta,kaggle_market,18.04
Tata,Harrier,2022,4,14000,Diesel,Automatic,first,1691000,Tata Harrier,kaggle_market,16.91
Maruti Suzuki,Ignis,2022,4,39000,Petrol,Automatic,first,641250,Maruti Suzuki Ignis,kaggle_market,6.41
Maruti Suzuki,Swift-Dzire,2010,16,85000,Petrol,Manual,second,166250,Maruti Suzuki Swift-Dzire,kaggle_market,1.66
Tata,Zest,2015,11,140000,Diesel,Manual,second,237500,Tata Zest,kaggle_market,2.38
Bmw,X1,2017,9,57000,Diesel,Automatic,second,1709999,Bmw X1,kaggle_market,17.1
Tata,Hexa,2020,6,85000,Diesel,Manual,first,593750,Tata Hexa,kaggle_market,5.94
Toyota,Innova,2014,12,96760,Diesel,Manual,second,926250,Toyota Innova,kaggle_market,9.26
Tata,Tiago,2017,9,52000,Petrol,Automatic,second,380000,Tata Tiago,kaggle_market,3.8
Toyota,Innova Crysta,2018,8,151000,Diesel,Automatic,first,1567500,Toyota Innova Crysta,kaggle_market,15.68
Maruti Suzuki,Swift,2018,8,68364,Petrol,Manual,first,650750,Maruti Suzuki Swift,kaggle_market,6.51
Kia,Sonet,2022,4,27000,Diesel,Manual,first,1116250,Kia Sonet,kaggle_market,11.16
Hyundai,Creta,2021,5,32000,Diesel,Manual,first,926250,Hyundai Creta,kaggle_market,9.26
Maruti Suzuki,Baleno,2016,10,31000,Petrol,Automatic,second,4749050,Maruti Suzuki Baleno,kaggle_market,47.49
Ford,Ecosport,2013,13,119000,Diesel,Manual,second,427500,Ford Ecosport,kaggle_market,4.28
Toyota,Fortuner,2012,14,168554,Diesel,Manual,second,935750,Toyota Fortuner,kaggle_market,9.36
Maruti Suzuki,Swift-Dzire,2009,17,98000,Diesel,Manual,second,232750,Maruti Suzuki Swift-Dzire,kaggle_market,2.33
Mercedes-Benz,Gla,2016,10,50000,Petrol,Automatic,second,1505750,Mercedes-Benz Gla,kaggle_market,15.06
Maruti Suzuki,800,2009,17,97000,Diesel,Automatic,second,114000,Maruti Suzuki 800,kaggle_market,1.14
Maruti Suzuki,Baleno,2016,10,60837,Petrol,Manual,first,443650,Maruti Suzuki Baleno,kaggle_market,4.44
Maruti Suzuki,Celerio,2014,12,60000,Petrol,Automatic,first,275500,Maruti Suzuki Celerio,kaggle_market,2.76
Honda,Wrv,2017,9,41000,Diesel,Manual,first,736250,Honda Wrv,kaggle_market,7.36
Toyota,Innova,2013,13,130000,Diesel,Manual,first,665000,Toyota Innova,kaggle_market,6.65
Maruti Suzuki,Sx4,2010,16,123000,Petrol,Manual,second,199500,Maruti Suzuki Sx4,kaggle_market,2.0
Hyundai,Verna,2020,6,49500,Petrol,Automatic,first,1044050,Hyundai Verna,kaggle_market,10.44
Renault,Triber,2021,5,58000,Petrol,Automatic,second,451250,Renault Triber,kaggle_market,4.51
Hyundai,Eon,2015,11,3586,Petrol,Manual,first,152000,Hyundai Eon,kaggle_market,1.52
Mahindra,Marazzo,2019,7,40000,Diesel,Automatic,first,807500,Mahindra Marazzo,kaggle_market,8.07
Ford,Endeavour,2016,10,99000,Diesel,Automatic,second,1567500,Ford Endeavour,kaggle_market,15.68
Nissan,Sunny,2011,15,52000,Petrol,Manual,first,189050,Nissan Sunny,kaggle_market,1.89
Toyota,Fortuner,2018,8,90000,Diesel,Automatic,second,3310750,Toyota Fortuner,kaggle_market,33.11
Ford,Endeavour,2021,5,45000,Diesel,Automatic,first,3403850,Ford Endeavour,kaggle_market,34.04
Fiat,Linea,2010,16,112000,Diesel,Manual,second,275500,Fiat Linea,kaggle_market,2.76
Volkswagen,Tiguan,2018,8,74656,Diesel,Automatic,first,1757500,Volkswagen Tiguan,kaggle_market,17.58
Hyundai,Creta,2016,10,75000,Diesel,Manual,second,935750,Hyundai Creta,kaggle_market,9.36
Maruti Suzuki,Swift-Dzire,2016,10,61000,Diesel,Manual,second,536750,Maruti Suzuki Swift-Dzire,kaggle_market,5.37
Maruti Suzuki,Alto-800,2017,9,72000,Petrol,Manual,second,247000,Maruti Suzuki Alto-800,kaggle_market,2.47
Maruti Suzuki,Gypsy,2014,12,120000,Petrol,Manual,second,399000,Maruti Suzuki Gypsy,kaggle_market,3.99
Toyota,Etios,2015,11,203000,Diesel,Manual,second,427500,Toyota Etios,kaggle_market,4.28
Hyundai,Venue,2022,4,39000,Petrol,Manual,second,907250,Hyundai Venue,kaggle_market,9.07
Hyundai,Creta,2016,10,78000,Diesel,Manual,second,783750,Hyundai Creta,kaggle_market,7.84
Hyundai,Verna,2018,8,48000,Petrol,Automatic,second,854999,Hyundai Verna,kaggle_market,8.55
Audi,A6,2016,10,63000,Petrol,Automatic,second,1648250,Audi A6,kaggle_market,16.48
Toyota,Innova,2014,12,50999,Diesel,Manual,second,1282500,Toyota Innova,kaggle_market,12.82
Maruti Suzuki,Baleno,2017,9,66500,Petrol,Manual,first,631750,Maruti Suzuki Baleno,kaggle_market,6.32
Hyundai,Verna,2018,8,63000,Diesel,Manual,first,826500,Hyundai Verna,kaggle_market,8.26
Bmw,5 Series,2022,4,17000,Diesel,Automatic,first,5937500,Bmw 5 Series,kaggle_market,59.38
Maruti Suzuki,Baleno,2020,6,17500,Petrol,Automatic,first,565250,Maruti Suzuki Baleno,kaggle_market,5.65
Mercedes-Benz,C-Class,2016,10,53000,Diesel,Automatic,first,3610000,Mercedes-Benz C-Class,kaggle_market,36.1
Hyundai,I20,2016,10,37200,Petrol,Manual,second,560500,Hyundai I20,kaggle_market,5.6
Hyundai,Grand I10 Nios,2021,5,40000,Petrol,Automatic,first,593750,Hyundai Grand I10 Nios,kaggle_market,5.94
Kia,Sonet,2022,4,69726,Diesel,Manual,first,997500,Kia Sonet,kaggle_market,9.98
Maruti Suzuki,S-Presso,2020,6,52000,Petrol,Automatic,first,465500,Maruti Suzuki S-Presso,kaggle_market,4.66
Kia,Carnival,2022,4,39000,Diesel,Automatic,first,2945000,Kia Carnival,kaggle_market,29.45
Maruti Suzuki,Xl6,2019,7,71000,Petrol,Automatic,first,878750,Maruti Suzuki Xl6,kaggle_market,8.79
Maruti Suzuki,Wagon-R,2021,5,113707,Petrol,Manual,first,460750,Maruti Suzuki Wagon-R,kaggle_market,4.61
Maruti Suzuki,Ritz,2016,10,66000,Diesel,Manual,first,275500,Maruti Suzuki Ritz,kaggle_market,2.76
Hyundai,Creta,2018,8,50480,Diesel,Automatic,first,1187501,Hyundai Creta,kaggle_market,11.88
Maruti Suzuki,Swift,2012,14,77000,Diesel,Manual,first,284050,Maruti Suzuki Swift,kaggle_market,2.84
Audi,A4,2015,11,76000,Petrol,Automatic,second,1377500,Audi A4,kaggle_market,13.78
Renault,Duster,2015,11,138624,Diesel,Manual,first,399000,Renault Duster,kaggle_market,3.99
Hyundai,Fluidic Verna,2014,12,43000,Petrol,Manual,second,522500,Hyundai Fluidic Verna,kaggle_market,5.22
Mahindra,Verito,2011,15,220000,Diesel,Manual,second,223250,Mahindra Verito,kaggle_market,2.23
Mahindra,Xuv500,2012,14,73000,Diesel,Manual,second,346750,Mahindra Xuv500,kaggle_market,3.47
Ford,Ecosport,2013,13,65000,Diesel,Manual,second,380000,Ford Ecosport,kaggle_market,3.8
Hyundai,Verna,2013,13,90000,Diesel,Manual,second,502550,Hyundai Verna,kaggle_market,5.03
Tata,Safari,2012,14,79800,Diesel,Manual,second,270750,Tata Safari,kaggle_market,2.71
Tata,Hexa,2017,9,99000,Diesel,Automatic,first,949050,Tata Hexa,kaggle_market,9.49
Jaguar,Xf,2011,15,98000,Diesel,Automatic,first,1187500,Jaguar Xf,kaggle_market,11.88
Maruti Suzuki,Vitara-Brezza,2016,10,128000,Diesel,Manual,first,726750,Maruti Suzuki Vitara-Brezza,kaggle_market,7.27
Bmw,X5,2018,8,55000,Diesel,Automatic,first,4180000,Bmw X5,kaggle_market,41.8
Maruti Suzuki,Omni,2005,21,91000,Petrol,Manual,second,123500,Maruti Suzuki Omni,kaggle_market,1.24
Ford,Endeavour,2017,9,200000,Diesel,Automatic,first,1890500,Ford Endeavour,kaggle_market,18.9
Honda,Crv,2014,12,65000,Petrol,Automatic,first,712500,Honda Crv,kaggle_market,7.12
Maruti Suzuki,Celerio,2016,10,34000,Petrol,Automatic,second,379999,Maruti Suzuki Celerio,kaggle_market,3.8
Bmw,6 Series Gt,2019,7,85000,Petrol,Automatic,first,3230000,Bmw 6 Series Gt,kaggle_market,32.3
Skoda,Rapid,2019,7,77873,Petrol,Manual,first,608000,Skoda Rapid,kaggle_market,6.08
Mahindra,Thar,2022,4,98000,Diesel,Automatic,first,1520000,Mahindra Thar,kaggle_market,15.2
Ford,Figo Aspire,2016,10,45000,Petrol,Manual,second,327750,Ford Figo Aspire,kaggle_market,3.28
Honda,Jazz,2016,10,66000,Petrol,Automatic,second,465500,Honda Jazz,kaggle_market,4.66
Maruti Suzuki,Ritz,2014,12,145999,Diesel,Manual,first,356250,Maruti Suzuki Ritz,kaggle_market,3.56
Toyota,Innova Crysta,2018,8,188000,Diesel,Manual,first,1425000,Toyota Innova Crysta,kaggle_market,14.25
Maruti Suzuki,Swift-Dzire,2018,8,210000,Diesel,Manual,second,475000,Maruti Suzuki Swift-Dzire,kaggle_market,4.75
Ford,Fiesta,2011,15,175000,Diesel,Manual,second,237500,Ford Fiesta,kaggle_market,2.38
Maruti Suzuki,Ciaz,2016,10,62982,Petrol,Manual,second,593750,Maruti Suzuki Ciaz,kaggle_market,5.94
Hyundai,Grand I10 Nios,2021,5,19500,Petrol,Manual,second,546250,Hyundai Grand I10 Nios,kaggle_market,5.46
Hyundai,Grand I10 Nios,2020,6,47523,Petrol,Manual,first,470250,Hyundai Grand I10 Nios,kaggle_market,4.7
Maruti Suzuki,Swift-Dzire,2018,8,130000,Petrol,Manual,first,570000,Maruti Suzuki Swift-Dzire,kaggle_market,5.7
Tata,Indigo Cs,2010,16,164000,Diesel,Manual,second,118750,Tata Indigo Cs,kaggle_market,1.19
Maruti Suzuki,Swift,2015,11,74000,Petrol,Manual,second,370500,Maruti Suzuki Swift,kaggle_market,3.7
Jeep,Wrangler,2022,4,15000,Petrol,Automatic,first,6650000,Jeep Wrangler,kaggle_market,66.5
Toyota,Innova Crysta,2019,7,55000,Diesel,Automatic,first,2118500,Toyota Innova Crysta,kaggle_market,21.18
Honda,City,2016,10,52000,Petrol,Manual,first,474050,Honda City,kaggle_market,4.74
Mercedes-Benz,Gle Class,2020,6,19000,Diesel,Automatic,first,7647500,Mercedes-Benz Gle Class,kaggle_market,76.47
Maruti Suzuki,Wagon-R,2022,4,22000,Petrol,Automatic,first,570000,Maruti Suzuki Wagon-R,kaggle_market,5.7
Volvo,Xc60,2023,3,9700,Petrol,Automatic,first,5700000,Volvo Xc60,kaggle_market,57.0
Hyundai,Verna,2016,10,55000,Petrol,Automatic,second,266000,Hyundai Verna,kaggle_market,2.66
Bmw,7 Series,2017,9,58900,Diesel,Automatic,second,4607500,Bmw 7 Series,kaggle_market,46.08
Kia,Seltos,2022,4,48000,Diesel,Manual,second,1130500,Kia Seltos,kaggle_market,11.3
Mahindra,Scorpio,2022,4,69120,Diesel,Manual,first,1515250,Mahindra Scorpio,kaggle_market,15.15
Hyundai,Verna,2019,7,29000,Petrol,Automatic,second,950000,Hyundai Verna,kaggle_market,9.5
Renault,Kwid,2022,4,17000,Petrol,Manual,first,380000,Renault Kwid,kaggle_market,3.8
Volkswagen,Ventotest,2012,14,68000,Diesel,Manual,second,370500,Volkswagen Ventotest,kaggle_market,3.7
Mercedes-Benz,Gla,2022,4,25700,Diesel,Automatic,first,4465000,Mercedes-Benz Gla,kaggle_market,44.65
Tata,Nexon,2019,7,70000,Diesel,Manual,first,546250,Tata Nexon,kaggle_market,5.46
Maruti Suzuki,Ritz,2010,16,75000,Petrol,Manual,second,228000,Maruti Suzuki Ritz,kaggle_market,2.28
Hyundai,Grand I10,2019,7,54252,Petrol,Automatic,first,498750,Hyundai Grand I10,kaggle_market,4.99
Hyundai,Santa Fe,2015,11,95000,Diesel,Automatic,second,807500,Hyundai Santa Fe,kaggle_market,8.07
Tata,Nano Genx,2015,11,26000,Petrol,Automatic,first,237500,Tata Nano Genx,kaggle_market,2.38
Mercedes-Benz,C-Class,2011,15,60000,Petrol,Automatic,first,1092500,Mercedes-Benz C-Class,kaggle_market,10.92
Ford,Ecosport,2014,12,110000,Petrol,Manual,second,332500,Ford Ecosport,kaggle_market,3.32
Hyundai,I20,2010,16,82487,Petrol,Automatic,second,265999,Hyundai I20,kaggle_market,2.66
Maruti Suzuki,Swift-Dzire,2017,9,85000,Diesel,Automatic,second,532000,Maruti Suzuki Swift-Dzire,kaggle_market,5.32
Volkswagen,Polo,2014,12,90000,Petrol,Manual,second,378944,Volkswagen Polo,kaggle_market,3.79
Renault,Kwid,2018,8,60000,Petrol,Automatic,first,384750,Renault Kwid,kaggle_market,3.85
Mahindra,Scorpio,2021,5,59642,Diesel,Manual,first,1111500,Mahindra Scorpio,kaggle_market,11.12
Renault,Duster,2018,8,100000,Diesel,Manual,first,793250,Renault Duster,kaggle_market,7.93
Hyundai,Verna,2019,7,72000,Diesel,Manual,second,738150,Hyundai Verna,kaggle_market,7.38
Toyota,Innova Crysta,2017,9,110000,Diesel,Automatic,second,1484850,Toyota Innova Crysta,kaggle_market,14.85
Tata,Altroz,2020,6,26000,Petrol,Manual,first,721050,Tata Altroz,kaggle_market,7.21
Maruti Suzuki,Alto,2010,16,76000,Petrol,Manual,second,197600,Maruti Suzuki Alto,kaggle_market,1.98
Bmw,X1,2020,6,45000,Petrol,Automatic,first,3515000,Bmw X1,kaggle_market,35.15
Hyundai,Creta,2018,8,76500,Diesel,Manual,first,760000,Hyundai Creta,kaggle_market,7.6
Porsche,Cayenne,2011,15,56000,Diesel,Automatic,second,1254000,Porsche Cayenne,kaggle_market,12.54
Mahindra,Xuv 300,2022,4,12000,Petrol,Manual,first,901550,Mahindra Xuv 300,kaggle_market,9.02
Maruti Suzuki,Wagon R,2020,6,36230,Petrol,Automatic,first,593750,Maruti Suzuki Wagon R,kaggle_market,5.94
Toyota,Innova Hycross,2022,4,35000,Petrol,Automatic,first,2090000,Toyota Innova Hycross,kaggle_market,20.9
Maruti Suzuki,Celerio,2018,8,73000,Petrol,Automatic,first,451250,Maruti Suzuki Celerio,kaggle_market,4.51
Hyundai,Santro Xing,2012,14,97000,Petrol,Manual,second,142500,Hyundai Santro Xing,kaggle_market,1.42
Toyota,Fortuner,2017,9,63000,Diesel,Automatic,second,3135000,Toyota Fortuner,kaggle_market,31.35
Honda,Brio,2012,14,90000,Petrol,Manual,first,275500,Honda Brio,kaggle_market,2.76
Toyota,Land Cruiser,2009,17,120000,Diesel,Automatic,second,3990000,Toyota Land Cruiser,kaggle_market,39.9
Hyundai,Creta,2017,9,45000,Petrol,Automatic,first,825550,Hyundai Creta,kaggle_market,8.26
Honda,City,2017,9,29000,Petrol,Automatic,second,736250,Honda City,kaggle_market,7.36
Maruti Suzuki,Swift,2019,7,30000,Petrol,Manual,first,579500,Maruti Suzuki Swift,kaggle_market,5.8
Renault,Triber,2024,2,12000,Petrol,Manual,first,593750,Renault Triber,kaggle_market,5.94
Mahindra,Thar,2022,4,7500,Petrol,Automatic,first,1187500,Mahindra Thar,kaggle_market,11.88
Hyundai,Creta,2016,10,84000,Diesel,Automatic,first,688750,Hyundai Creta,kaggle_market,6.89
Maruti Suzuki,Swift,2019,7,71000,Petrol,Automatic,first,616550,Maruti Suzuki Swift,kaggle_market,6.17
Chevrolet,Spark,2011,15,68892,Petrol,Manual,first,87400,Chevrolet Spark,kaggle_market,0.87
Tata,Indica V2,2015,11,96000,Diesel,Manual,second,141550,Tata Indica V2,kaggle_market,1.42
Bmw,5 Series,2020,6,65000,Diesel,Automatic,second,4560000,Bmw 5 Series,kaggle_market,45.6
Toyota,Innova Crysta,2020,6,55000,Diesel,Automatic,first,2470000,Toyota Innova Crysta,kaggle_market,24.7
Maruti Suzuki,Fronx,2024,2,8000,Petrol,Manual,first,95000,Maruti Suzuki Fronx,kaggle_market,0.95
Volkswagen,Ventotest,2017,9,78000,Petrol,Automatic,second,536750,Volkswagen Ventotest,kaggle_market,5.37
Skoda,Fabia,2012,14,67000,Diesel,Manual,first,142500,Skoda Fabia,kaggle_market,1.42
Bmw,3 Series,2014,12,48000,Diesel,Automatic,first,1353750,Bmw 3 Series,kaggle_market,13.54
Hyundai,Creta,2018,8,110000,Diesel,Manual,first,1068750,Hyundai Creta,kaggle_market,10.69
Toyota,Fortuner,2013,13,110000,Diesel,Manual,second,1285350,Toyota Fortuner,kaggle_market,12.85
Maruti Suzuki,Baleno,2016,10,90000,Diesel,Manual,second,513000,Maruti Suzuki Baleno,kaggle_market,5.13
Ford,Endeavour,2016,10,56000,Diesel,Automatic,second,2137500,Ford Endeavour,kaggle_market,21.38
Maruti Suzuki,Swift-Dzire,2013,13,102000,Petrol,Manual,second,342000,Maruti Suzuki Swift-Dzire,kaggle_market,3.42
Toyota,Camry,2014,12,122000,Petrol,Automatic,second,854050,Toyota Camry,kaggle_market,8.54
Tata,Punch,2022,4,7900,Petrol,Automatic,second,845500,Tata Punch,kaggle_market,8.46
Maruti Suzuki,Baleno,2018,8,108000,Diesel,Manual,second,522500,Maruti Suzuki Baleno,kaggle_market,5.22
Toyota,Urban Cruiser Hyryder,2022,4,36240,Petrol,Manual,first,1472500,Toyota Urban Cruiser Hyryder,kaggle_market,14.72
Hyundai,Accent Hatchback,2005,21,150000,Petrol,Manual,first,90250,Hyundai Accent Hatchback,kaggle_market,0.9
Renault,Triber,2019,7,39892,Petrol,Manual,first,532000,Renault Triber,kaggle_market,5.32
Mahindra,Xylo,2016,10,220000,Diesel,Manual,second,441750,Mahindra Xylo,kaggle_market,4.42
Tata,Nexon,2020,6,105800,Petrol,Automatic,first,641250,Tata Nexon,kaggle_market,6.41
Maruti Suzuki,Baleno,2020,6,37000,Petrol,Manual,first,631750,Maruti Suzuki Baleno,kaggle_market,6.32
Honda,City,2021,5,20000,Petrol,Automatic,second,1258750,Honda City,kaggle_market,12.59
Toyota,Etios Liva,2019,7,112500,Diesel,Manual,second,807500,Toyota Etios Liva,kaggle_market,8.07
Hyundai,Aura,2020,6,94000,Diesel,Automatic,second,712500,Hyundai Aura,kaggle_market,7.12
Maruti Suzuki,Baleno,2016,10,72000,Petrol,Automatic,second,517750,Maruti Suzuki Baleno,kaggle_market,5.18
Mercedes-Benz,C-Class,2003,23,87000,Petrol,Automatic,second,251750,Mercedes-Benz C-Class,kaggle_market,2.52
Audi,A4,2013,13,25000,Diesel,Manual,first,902500,Audi A4,kaggle_market,9.02
Renault,Kwid,2016,10,38000,Petrol,Manual,second,223250,Renault Kwid,kaggle_market,2.23
Renault,Lodgy,2016,10,86000,Diesel,Manual,first,356251,Renault Lodgy,kaggle_market,3.56
Hyundai,Verna,2012,14,120000,Diesel,Automatic,second,427500,Hyundai Verna,kaggle_market,4.28
Hyundai,Eon,2012,14,48449,Petrol,Manual,second,199500,Hyundai Eon,kaggle_market,2.0
Maruti Suzuki,Wagon-R,2014,12,123000,Petrol,Manual,second,332500,Maruti Suzuki Wagon-R,kaggle_market,3.32
Hyundai,I20,2012,14,74000,Diesel,Manual,first,280250,Hyundai I20,kaggle_market,2.8
Skoda,Slavia,2022,4,84000,Petrol,Automatic,first,978500,Skoda Slavia,kaggle_market,9.78
Toyota,Fortuner,2015,11,95000,Diesel,Manual,second,1087750,Toyota Fortuner,kaggle_market,10.88
Maruti Suzuki,Alto-800,2019,7,17405,Petrol,Manual,first,308750,Maruti Suzuki Alto-800,kaggle_market,3.09
Maruti Suzuki,Baleno,2019,7,75000,Petrol,Automatic,second,617500,Maruti Suzuki Baleno,kaggle_market,6.18
Ford,Ecosport,2021,5,42850,Diesel,Manual,first,855000,Ford Ecosport,kaggle_market,8.55
Toyota,Fortuner,2018,8,50200,Diesel,Automatic,second,2280000,Toyota Fortuner,kaggle_market,22.8
Audi,A4,2012,14,68000,Diesel,Automatic,second,712500,Audi A4,kaggle_market,7.12
Kia,Seltos,2022,4,39000,Diesel,Automatic,first,1733750,Kia Seltos,kaggle_market,17.34
Maruti Suzuki,Wagon-R,2017,9,58670,Petrol,Manual,first,346750,Maruti Suzuki Wagon-R,kaggle_market,3.47
Tata,Vista Tech,2011,15,138000,Diesel,Manual,first,211090,Tata Vista Tech,kaggle_market,2.11
Maruti Suzuki,Wagon-R,2016,10,62000,Petrol,Automatic,second,346750,Maruti Suzuki Wagon-R,kaggle_market,3.47
Hyundai,Grand I10,2017,9,39510,Petrol,Automatic,second,403845,Hyundai Grand I10,kaggle_market,4.04
Maruti Suzuki,Wagon-R,2016,10,42000,Petrol,Automatic,first,295450,Maruti Suzuki Wagon-R,kaggle_market,2.95
Honda,Amaze,2015,11,50000,Petrol,Manual,first,237491,Honda Amaze,kaggle_market,2.37
Toyota,Innova Crysta,2022,4,55000,Diesel,Automatic,first,1947500,Toyota Innova Crysta,kaggle_market,19.48
Toyota,Fortuner,2018,8,38000,Diesel,Automatic,first,2826250,Toyota Fortuner,kaggle_market,28.26
Chevrolet,Beat,2015,11,61000,Diesel,Manual,second,174800,Chevrolet Beat,kaggle_market,1.75
Maruti Suzuki,Ignis,2017,9,48125,Petrol,Manual,first,413250,Maruti Suzuki Ignis,kaggle_market,4.13
Honda,Amaze,2021,5,119000,Diesel,Automatic,first,855000,Honda Amaze,kaggle_market,8.55
Maruti Suzuki,Brezza,2017,9,56000,Diesel,Manual,second,589000,Maruti Suzuki Brezza,kaggle_market,5.89
Toyota,Innova Crysta,2018,8,99500,Diesel,Automatic,second,1851550,Toyota Innova Crysta,kaggle_market,18.52
Hyundai,Tucson,2017,9,55000,Diesel,Automatic,first,1130500,Hyundai Tucson,kaggle_market,11.3
Chevrolet,Captiva,2012,14,175300,Diesel,Automatic,second,375250,Chevrolet Captiva,kaggle_market,3.75
Mg,Hector,2020,6,96000,Diesel,Manual,first,1211250,Mg Hector,kaggle_market,12.11
Hyundai,I20,2018,8,43000,Petrol,Manual,first,565250,Hyundai I20,kaggle_market,5.65
Hyundai,Creta,2018,8,54000,Diesel,Automatic,second,854050,Hyundai Creta,kaggle_market,8.54
Tata,Hexa,2017,9,77652,Diesel,Automatic,second,688750,Tata Hexa,kaggle_market,6.89
Honda,Amaze,2022,4,25000,Petrol,Automatic,first,764750,Honda Amaze,kaggle_market,7.65
Bmw,3 Series,2014,12,50000,Diesel,Automatic,first,1353750,Bmw 3 Series,kaggle_market,13.54
Mg,Hector Plus,2023,3,10300,Petrol,Automatic,second,2018750,Mg Hector Plus,kaggle_market,20.19
Honda,Jazz,2019,7,62000,Petrol,Automatic,first,617500,Honda Jazz,kaggle_market,6.18
Hyundai,Creta,2019,7,110000,Diesel,Automatic,first,1225500,Hyundai Creta,kaggle_market,12.26
Ford,Endeavour,2020,6,85000,Diesel,Automatic,first,2835750,Ford Endeavour,kaggle_market,28.36
Skoda,Kushaq,2022,4,24000,Petrol,Manual,first,1187500,Skoda Kushaq,kaggle_market,11.88
Toyota,Innova Crysta,2021,5,90000,Diesel,Automatic,first,1876250,Toyota Innova Crysta,kaggle_market,18.76
Volvo,S90,2018,8,76000,Diesel,Automatic,first,2612500,Volvo S90,kaggle_market,26.12
Toyota,Fortuner,2015,11,84000,Diesel,Automatic,first,1116250,Toyota Fortuner,kaggle_market,11.16
Maruti Suzuki,Swift-Dzire,2016,10,108000,Diesel,Manual,first,536750,Maruti Suzuki Swift-Dzire,kaggle_market,5.37
Audi,A3 Cabriolet,2016,10,37909,Petrol,Automatic,second,2754999,Audi A3 Cabriolet,kaggle_market,27.55
Mahindra,Xuv500,2014,12,70000,Diesel,Manual,first,759050,Mahindra Xuv500,kaggle_market,7.59
Hyundai,I10,2009,17,55000,Petrol,Automatic,second,213750,Hyundai I10,kaggle_market,2.14
Renault,Duster,2016,10,72000,Diesel,Automatic,second,380000,Renault Duster,kaggle_market,3.8
Audi,A6,2022,4,50000,Petrol,Automatic,second,4275000,Audi A6,kaggle_market,42.75
Volkswagen,Polo,2017,9,70677,Petrol,Manual,first,521550,Volkswagen Polo,kaggle_market,5.22
Maruti Suzuki,Ciaz,2014,12,63079,Petrol,Manual,first,247950,Maruti Suzuki Ciaz,kaggle_market,2.48
Honda,City Zx,2005,21,105000,Petrol,Manual,second,123500,Honda City Zx,kaggle_market,1.24
Maruti Suzuki,Swift-Dzire,2021,5,56000,Petrol,Manual,first,593750,Maruti Suzuki Swift-Dzire,kaggle_market,5.94
Maruti Suzuki,Estilo,2009,17,72000,Petrol,Manual,second,151050,Maruti Suzuki Estilo,kaggle_market,1.51
Jeep,Wrangler,2023,3,7000,Petrol,Automatic,first,5785500,Jeep Wrangler,kaggle_market,57.86
Mercedes-Benz,Cla,2019,7,42000,Petrol,Automatic,first,2660000,Mercedes-Benz Cla,kaggle_market,26.6
Bmw,X5,2016,10,71000,Diesel,Automatic,second,2850000,Bmw X5,kaggle_market,28.5
Volkswagen,Jetta,2012,14,175000,Diesel,Manual,second,380000,Volkswagen Jetta,kaggle_market,3.8
Hyundai,Tucson,2017,9,85000,Diesel,Automatic,second,949999,Hyundai Tucson,kaggle_market,9.5
Toyota,Innova,2012,14,98000,Diesel,Manual,second,807500,Toyota Innova,kaggle_market,8.07
Toyota,Fortuner,2015,11,155000,Diesel,Automatic,second,1211250,Toyota Fortuner,kaggle_market,12.11
Kia,Seltos,2022,4,17000,Petrol,Automatic,first,1496250,Kia Seltos,kaggle_market,14.96
Kia,Sonet,2021,5,17451,Petrol,Automatic,first,1201750,Kia Sonet,kaggle_market,12.02
Maruti Suzuki,S-Presso,2022,4,12000,Petrol,Automatic,first,494000,Maruti Suzuki S-Presso,kaggle_market,4.94
Toyota,Innova,2016,10,215000,Diesel,Manual,second,1182750,Toyota Innova,kaggle_market,11.83
Hyundai,Creta,2017,9,54000,Diesel,Automatic,first,1187500,Hyundai Creta,kaggle_market,11.88
Honda,Amaze,2013,13,85000,Diesel,Manual,second,284050,Honda Amaze,kaggle_market,2.84
Hyundai,Xcent,2018,8,134286,Diesel,Manual,second,346750,Hyundai Xcent,kaggle_market,3.47
Toyota,Etios,2018,8,87600,Diesel,Manual,second,432250,Toyota Etios,kaggle_market,4.32
Honda,City,2015,11,138753,Diesel,Manual,second,313500,Honda City,kaggle_market,3.14
Maruti Suzuki,S-Cross1,2018,8,167000,Diesel,Manual,second,680199,Maruti Suzuki S-Cross1,kaggle_market,6.8
Hyundai,I20,2018,8,77665,Petrol,Manual,first,569050,Hyundai I20,kaggle_market,5.69
Mercedes-Benz,A-Class Limousine,2023,3,6700,Petrol,Automatic,first,3633750,Mercedes-Benz A-Class Limousine,kaggle_market,36.34
Chevrolet,Beat,2012,14,82098,Diesel,Manual,second,156750,Chevrolet Beat,kaggle_market,1.57
Bmw,5 Series,2018,8,37000,Diesel,Automatic,first,4560000,Bmw 5 Series,kaggle_market,45.6
Hyundai,I10,2010,16,42000,Petrol,Manual,first,163400,Hyundai I10,kaggle_market,1.63
Honda,Amaze,2015,11,82000,Petrol,Automatic,first,370500,Honda Amaze,kaggle_market,3.7
Mahindra,Xuv500,2015,11,75000,Diesel,Manual,first,517750,Mahindra Xuv500,kaggle_market,5.18
Maruti Suzuki,Celerio,2018,8,75698,Petrol,Manual,second,408500,Maruti Suzuki Celerio,kaggle_market,4.08
Toyota,Innova,2014,12,324900,Diesel,Manual,first,788499,Toyota Innova,kaggle_market,7.88
Land Rover,Discovery Sport,2018,8,93000,Diesel,Automatic,second,2612500,Land Rover Discovery Sport,kaggle_market,26.12
Toyota,Fortuner,2017,9,95000,Diesel,Automatic,second,2493750,Toyota Fortuner,kaggle_market,24.94
Maruti Suzuki,Swift,2012,14,75211,Petrol,Manual,second,308750,Maruti Suzuki Swift,kaggle_market,3.09
Jeep,Compass,2018,8,40000,Petrol,Automatic,second,1092500,Jeep Compass,kaggle_market,10.92
Hyundai,I20,2018,8,88250,Diesel,Manual,first,783750,Hyundai I20,kaggle_market,7.84
Volkswagen,Beetle,2009,17,38000,Petrol,Automatic,second,2660000,Volkswagen Beetle,kaggle_market,26.6
Maruti Suzuki,Ignis,2022,4,38000,Petrol,Manual,first,465500,Maruti Suzuki Ignis,kaggle_market,4.66
Hyundai,I20,2023,3,4431,Petrol,Manual,first,1035500,Hyundai I20,kaggle_market,10.36
Hyundai,Creta,2015,11,74000,Diesel,Manual,second,616550,Hyundai Creta,kaggle_market,6.17
Toyota,Innova Crysta,2021,5,7500,Diesel,Automatic,first,3144500,Toyota Innova Crysta,kaggle_market,31.44
Toyota,Innova,2012,14,65000,Diesel,Manual,second,646000,Toyota Innova,kaggle_market,6.46
Isuzu,D-Max V-Cross,2020,6,66658,Diesel,Manual,first,1610250,Isuzu D-Max V-Cross,kaggle_market,16.1
Maruti Suzuki,Wagon R,2009,17,72000,Petrol,Manual,second,123499,Maruti Suzuki Wagon R,kaggle_market,1.23
Mahindra,Kuv 100,2016,10,70000,Petrol,Manual,first,255550,Mahindra Kuv 100,kaggle_market,2.56
Maruti Suzuki,Swift,2022,4,23000,Petrol,Manual,first,663100,Maruti Suzuki Swift,kaggle_market,6.63
Nissan,Kicks,2019,7,54000,Petrol,Manual,first,612750,Nissan Kicks,kaggle_market,6.13
Honda,Jazz,2019,7,6585,Petrol,Manual,first,285000,Honda Jazz,kaggle_market,2.85
Skoda,Rapid,2015,11,72000,Diesel,Automatic,second,450300,Skoda Rapid,kaggle_market,4.5
Maruti Suzuki,Swift-Dzire,2012,14,156300,Petrol,Manual,second,285000,Maruti Suzuki Swift-Dzire,kaggle_market,2.85
Mercedes-Benz,C-Class,2021,5,6000,Diesel,Automatic,first,4417500,Mercedes-Benz C-Class,kaggle_market,44.18
Hyundai,Venue,2020,6,18000,Petrol,Automatic,first,902500,Hyundai Venue,kaggle_market,9.02
Mercedes-Benz,Amg C 43,2016,10,35000,Petrol,Automatic,second,4607500,Mercedes-Benz Amg C 43,kaggle_market,46.08
Maruti Suzuki,Swift,2013,13,150000,Petrol,Manual,second,304000,Maruti Suzuki Swift,kaggle_market,3.04
Kia,Seltos,2020,6,50000,Diesel,Automatic,first,1282500,Kia Seltos,kaggle_market,12.82
Bmw,X6,2015,11,49000,Petrol,Automatic,second,6460000,Bmw X6,kaggle_market,64.6
Volkswagen,Taigun,2021,5,19000,Petrol,Automatic,second,1121000,Volkswagen Taigun,kaggle_market,11.21
Toyota,Corolla Altis,2013,13,28001,Diesel,Manual,first,546250,Toyota Corolla Altis,kaggle_market,5.46
Maruti Suzuki,Celerio,2014,12,77000,Petrol,Automatic,first,247000,Maruti Suzuki Celerio,kaggle_market,2.47
Audi,Q3,2014,12,84000,Diesel,Automatic,second,807500,Audi Q3,kaggle_market,8.07
Chevrolet,Tavera,2015,11,120000,Diesel,Manual,second,532000,Chevrolet Tavera,kaggle_market,5.32
Mahindra,Alturas G4,2019,7,60000,Diesel,Automatic,first,1805000,Mahindra Alturas G4,kaggle_market,18.05
Maruti Suzuki,Wagon-R,2020,6,6000,Petrol,Manual,first,522500,Maruti Suzuki Wagon-R,kaggle_market,5.22
Maruti Suzuki,Baleno,2017,9,58000,Diesel,Manual,first,618450,Maruti Suzuki Baleno,kaggle_market,6.18
Hyundai,Creta,2021,5,63000,Diesel,Automatic,first,1472500,Hyundai Creta,kaggle_market,14.72
Renault,Duster,2014,12,128000,Diesel,Manual,second,359100,Renault Duster,kaggle_market,3.59
Toyota,Innova,2015,11,145500,Diesel,Manual,first,1178000,Toyota Innova,kaggle_market,11.78
Renault,Kwid,2019,7,90000,Petrol,Manual,second,308750,Renault Kwid,kaggle_market,3.09
Volvo,Xc 90,2019,7,40000,Diesel,Automatic,first,6555000,Volvo Xc 90,kaggle_market,65.55
Tata,Tiago,2018,8,56000,Petrol,Manual,first,247000,Tata Tiago,kaggle_market,2.47
Mahindra,Tuv,2016,10,78000,Diesel,Automatic,second,555750,Mahindra Tuv,kaggle_market,5.56
Mercedes-Benz,C Class,2011,15,96500,Diesel,Automatic,second,551000,Mercedes-Benz C Class,kaggle_market,5.51
Renault,Duster,2013,13,87000,Diesel,Manual,second,413250,Renault Duster,kaggle_market,4.13
Maruti Suzuki,Baleno,2015,11,87000,Diesel,Manual,second,522500,Maruti Suzuki Baleno,kaggle_market,5.22
Maruti Suzuki,Celerio,2014,12,51000,Petrol,Manual,second,351500,Maruti Suzuki Celerio,kaggle_market,3.52
Hyundai,I10,2013,13,64000,Petrol,Automatic,second,312550,Hyundai I10,kaggle_market,3.13
Bmw,3 Series,2010,16,150000,Diesel,Automatic,second,617500,Bmw 3 Series,kaggle_market,6.18
Maruti Suzuki,Alto-K10,2008,18,82000,Petrol,Automatic,second,171000,Maruti Suzuki Alto-K10,kaggle_market,1.71
Tata,Nexon,2021,5,67000,Diesel,Manual,first,845500,Tata Nexon,kaggle_market,8.46
Renault,Kwid,2017,9,71000,Petrol,Manual,first,232750,Renault Kwid,kaggle_market,2.33
Toyota,Etios,2014,12,95000,Diesel,Manual,first,660250,Toyota Etios,kaggle_market,6.6
Maruti Suzuki,Wagon-R,2015,11,85000,Petrol,Manual,first,427500,Maruti Suzuki Wagon-R,kaggle_market,4.28
Hyundai,Verna,2014,12,76000,Diesel,Automatic,second,441750,Hyundai Verna,kaggle_market,4.42
Maruti Suzuki,Wagon-R-1-0,2010,16,63000,Petrol,Manual,first,199500,Maruti Suzuki Wagon-R-1-0,kaggle_market,2.0
Maruti Suzuki,Vitara-Brezza,2019,7,89500,Diesel,Automatic,second,635835,Maruti Suzuki Vitara-Brezza,kaggle_market,6.36
Toyota,Corolla Altis,2015,11,98000,Petrol,Manual,first,473944,Toyota Corolla Altis,kaggle_market,4.74
Mahindra,Bolero Power Plus,2017,9,129000,Diesel,Manual,first,688750,Mahindra Bolero Power Plus,kaggle_market,6.89
Chevrolet,Cruze,2011,15,53000,Diesel,Automatic,second,280250,Chevrolet Cruze,kaggle_market,2.8
Mg,Hector,2020,6,90000,Diesel,Manual,first,1306250,Mg Hector,kaggle_market,13.06
Skoda,Fabia,2010,16,45000,Petrol,Manual,second,156750,Skoda Fabia,kaggle_market,1.57
Nissan,Micra,2020,6,16330,Petrol,Automatic,first,546250,Nissan Micra,kaggle_market,5.46
Hyundai,Eon,2015,11,81000,Petrol,Manual,second,199500,Hyundai Eon,kaggle_market,2.0
Volkswagen,Polo,2015,11,50000,Diesel,Manual,second,617500,Volkswagen Polo,kaggle_market,6.18
Kia,Carnival,2021,5,25000,Diesel,Automatic,second,2275250,Kia Carnival,kaggle_market,22.75
Mercedes-Benz,S-Class,2013,13,85000,Diesel,Automatic,second,1092500,Mercedes-Benz S-Class,kaggle_market,10.92
Tata,Indica V2,2009,17,31000,Diesel,Automatic,second,99750,Tata Indica V2,kaggle_market,1.0
Mahindra,Xuv500,2014,12,180000,Diesel,Manual,first,807500,Mahindra Xuv500,kaggle_market,8.07
Maruti Suzuki,Swift,2007,19,135767,Petrol,Manual,first,142500,Maruti Suzuki Swift,kaggle_market,1.42
Maruti Suzuki,Vitara-Brezza,2018,8,78000,Diesel,Manual,first,712500,Maruti Suzuki Vitara-Brezza,kaggle_market,7.12
Ford,Figo Aspire,2017,9,56500,Diesel,Manual,second,463600,Ford Figo Aspire,kaggle_market,4.64
Toyota,Innova Crysta,2019,7,53000,Diesel,Manual,first,1567500,Toyota Innova Crysta,kaggle_market,15.68
Hyundai,I10,2013,13,53416,Petrol,Manual,second,270750,Hyundai I10,kaggle_market,2.71
Skoda,Superb,2014,12,96000,Diesel,Automatic,first,807500,Skoda Superb,kaggle_market,8.07
Volvo,Xc40,2018,8,226350,Diesel,Automatic,first,2351250,Volvo Xc40,kaggle_market,23.51
Chevrolet,Beat,2013,13,21000,Petrol,Manual,first,185250,Chevrolet Beat,kaggle_market,1.85
Honda,Brv,2018,8,82502,Petrol,Manual,first,665000,Honda Brv,kaggle_market,6.65
Ford,Ecosport,2017,9,105000,Diesel,Manual,second,616550,Ford Ecosport,kaggle_market,6.17
Maruti Suzuki,Alto-800,2011,15,40000,Petrol,Manual,second,200450,Maruti Suzuki Alto-800,kaggle_market,2.0
Hyundai,Eon,2015,11,58122,Petrol,Manual,second,266000,Hyundai Eon,kaggle_market,2.66
Skoda,Octavia,2022,4,23000,Petrol,Automatic,second,2175500,Skoda Octavia,kaggle_market,21.76
Honda,City,2016,10,71000,Petrol,Automatic,first,641250,Honda City,kaggle_market,6.41
Maruti Suzuki,Swift Dzire,2017,9,69000,Diesel,Manual,first,650750,Maruti Suzuki Swift Dzire,kaggle_market,6.51
Jeep,Compass,2018,8,46300,Diesel,Manual,second,940500,Jeep Compass,kaggle_market,9.4
Maruti Suzuki,Swift-Dzire,2017,9,38000,Petrol,Manual,first,503500,Maruti Suzuki Swift-Dzire,kaggle_market,5.04
Mercedes-Benz,Gle,2017,9,57000,Diesel,Automatic,second,2897500,Mercedes-Benz Gle,kaggle_market,28.98
Mahindra,Alturas G4,2020,6,50000,Diesel,Automatic,second,1482000,Mahindra Alturas G4,kaggle_market,14.82
Mahindra,Xuv500,2017,9,118000,Diesel,Automatic,second,664050,Mahindra Xuv500,kaggle_market,6.64
Kia,Sonet,2022,4,23000,Petrol,Automatic,first,1092500,Kia Sonet,kaggle_market,10.92
Volkswagen,Polo,2013,13,113000,Diesel,Manual,first,284050,Volkswagen Polo,kaggle_market,2.84
Audi,A6,2019,7,60000,Diesel,Automatic,second,2232500,Audi A6,kaggle_market,22.32
Toyota,Innova,2013,13,132000,Diesel,Manual,second,659299,Toyota Innova,kaggle_market,6.59
Hyundai,Santro,2006,20,50000,Petrol,Manual,second,71250,Hyundai Santro,kaggle_market,0.71
Volkswagen,Polo,2016,10,144,Diesel,Manual,second,536750,Volkswagen Polo,kaggle_market,5.37
Mercedes-Benz,Gle,2019,7,30000,Diesel,Automatic,first,4655000,Mercedes-Benz Gle,kaggle_market,46.55
Toyota,Innova Crysta,2017,9,68000,Diesel,Automatic,second,1197000,Toyota Innova Crysta,kaggle_market,11.97
Skoda,Fabia,2012,14,80000,Diesel,Manual,first,308750,Skoda Fabia,kaggle_market,3.09
Bmw,3 Series,2012,14,35000,Diesel,Automatic,second,1187500,Bmw 3 Series,kaggle_market,11.88
Mahindra,Scorpio,2015,11,81000,Diesel,Manual,first,617500,Mahindra Scorpio,kaggle_market,6.18
Audi,A4,2015,11,72000,Diesel,Automatic,second,1159950,Audi A4,kaggle_market,11.6
Hyundai,Verna,2017,9,130000,Diesel,Automatic,second,759050,Hyundai Verna,kaggle_market,7.59
Maruti Suzuki,Alto-K10,2011,15,95500,Petrol,Manual,second,180500,Maruti Suzuki Alto-K10,kaggle_market,1.8
Honda,Accord,2013,13,67100,Petrol,Automatic,second,485450,Honda Accord,kaggle_market,4.85
Honda,City,2014,12,116000,Diesel,Manual,second,617500,Honda City,kaggle_market,6.18
Renault,Lodgy,2016,10,150000,Diesel,Manual,second,427500,Renault Lodgy,kaggle_market,4.28
Maruti Suzuki,Vitara-Brezza,2016,10,88000,Diesel,Manual,second,631750,Maruti Suzuki Vitara-Brezza,kaggle_market,6.32
Tata,Harrier,2022,4,33000,Diesel,Manual,first,1377500,Tata Harrier,kaggle_market,13.78
Bmw,7 Series,2010,16,86000,Diesel,Automatic,second,973750,Bmw 7 Series,kaggle_market,9.74
Toyota,Land Cruiser,1999,27,30000,Petrol,Automatic,first,1995000,Toyota Land Cruiser,kaggle_market,19.95
Hyundai,Aura,2021,5,40000,Petrol,Manual,first,665000,Hyundai Aura,kaggle_market,6.65
Hyundai,I20,2014,12,80000,Petrol,Automatic,second,337250,Hyundai I20,kaggle_market,3.37
Tata,Zest,2014,12,85000,Petrol,Automatic,second,237500,Tata Zest,kaggle_market,2.38
Honda,City,2019,7,49500,Diesel,Manual,first,854050,Honda City,kaggle_market,8.54
Maruti Suzuki,Fronx,2024,2,8254,Petrol,Manual,first,783750,Maruti Suzuki Fronx,kaggle_market,7.84
Bmw,3 Series,2012,14,135000,Diesel,Automatic,first,712500,Bmw 3 Series,kaggle_market,7.12
Ssangyong,Rexton,2013,13,120000,Diesel,Automatic,second,228000,Ssangyong Rexton,kaggle_market,2.28
Mahindra,Scorpio Classic,2016,10,55000,Diesel,Manual,second,684000,Mahindra Scorpio Classic,kaggle_market,6.84
Hyundai,Eon,2016,10,56000,Petrol,Manual,second,228000,Hyundai Eon,kaggle_market,2.28
Mahindra,Rexton,2013,13,105000,Diesel,Automatic,second,437950,Mahindra Rexton,kaggle_market,4.38
Maruti Suzuki,Wagon-R,2012,14,134000,Petrol,Manual,first,304000,Maruti Suzuki Wagon-R,kaggle_market,3.04
Hyundai,I10,2016,10,44103,Petrol,Automatic,second,441750,Hyundai I10,kaggle_market,4.42
Maruti Suzuki,Eeco,2011,15,69000,Petrol,Manual,first,232750,Maruti Suzuki Eeco,kaggle_market,2.33
Honda,Jazz,2021,5,34000,Petrol,Automatic,first,750500,Honda Jazz,kaggle_market,7.5
Hyundai,New I20,2022,4,12214,Petrol,Automatic,first,905350,Hyundai New I20,kaggle_market,9.05
Maruti Suzuki,Wagon-R,2010,16,36836,Petrol,Automatic,first,228000,Maruti Suzuki Wagon-R,kaggle_market,2.28
Honda,City,2017,9,54000,Petrol,Automatic,second,679250,Honda City,kaggle_market,6.79
Maruti Suzuki,Swift,2014,12,89000,Diesel,Manual,second,484500,Maruti Suzuki Swift,kaggle_market,4.84
Honda,City,2015,11,77000,Petrol,Automatic,second,565250,Honda City,kaggle_market,5.65
Mahindra,Xylo,2015,11,267000,Diesel,Manual,second,294500,Mahindra Xylo,kaggle_market,2.94
Maruti Suzuki,S-Presso,2020,6,28000,Petrol,Manual,first,422750,Maruti Suzuki S-Presso,kaggle_market,4.23
Maruti Suzuki,Swift,2014,12,85000,Diesel,Manual,first,346750,Maruti Suzuki Swift,kaggle_market,3.47
Mitsubishi,Outlander,2011,15,130000,Petrol,Automatic,second,237500,Mitsubishi Outlander,kaggle_market,2.38
Tata,Curvv,2019,7,22000,Petrol,Automatic,second,6840000,Tata Curvv,kaggle_market,68.4
Hyundai,I10,2014,12,80000,Petrol,Automatic,second,332500,Hyundai I10,kaggle_market,3.32
Maruti Suzuki,Swift-Dzire,2017,9,75000,Petrol,Manual,second,427500,Maruti Suzuki Swift-Dzire,kaggle_market,4.28
Toyota,Estima,2012,14,45000,Petrol,Automatic,first,2185000,Toyota Estima,kaggle_market,21.85
Renault,Kwid,2017,9,39000,Petrol,Automatic,first,256500,Renault Kwid,kaggle_market,2.56
Mahindra,Xuv500,2014,12,110000,Diesel,Manual,first,831250,Mahindra Xuv500,kaggle_market,8.31
Hyundai,I10,2009,17,66000,Petrol,Automatic,second,261250,Hyundai I10,kaggle_market,2.61
Maruti Suzuki,Celerio,2017,9,59968,Petrol,Manual,first,365750,Maruti Suzuki Celerio,kaggle_market,3.66
Audi,Q7,2020,6,44000,Diesel,Automatic,first,6816249,Audi Q7,kaggle_market,68.16
Toyota,Innova Crysta,2021,5,24000,Diesel,Automatic,first,2992500,Toyota Innova Crysta,kaggle_market,29.92
Opel,Corsa,2004,22,70000,Petrol,Manual,second,64600,Opel Corsa,kaggle_market,0.65
Hyundai,I10,2008,18,105000,Petrol,Manual,second,236550,Hyundai I10,kaggle_market,2.37
Volkswagen,Virtus,2022,4,40000,Petrol,Manual,second,1139905,Volkswagen Virtus,kaggle_market,11.4
Ford,Ikon,2009,17,95000,Diesel,Manual,second,142500,Ford Ikon,kaggle_market,1.42
Mercedes-Benz,C-Class,2014,12,64000,Diesel,Automatic,second,1400300,Mercedes-Benz C-Class,kaggle_market,14.0
Toyota,Innova Crysta,2018,8,85000,Diesel,Automatic,first,1605500,Toyota Innova Crysta,kaggle_market,16.06
Hyundai,Verna,2023,3,24600,Petrol,Automatic,first,1519050,Hyundai Verna,kaggle_market,15.19
Hyundai,I20,2012,14,95000,Petrol,Manual,second,333450,Hyundai I20,kaggle_market,3.33
Mg,Gloster,2022,4,52000,Diesel,Automatic,second,3610000,Mg Gloster,kaggle_market,36.1
Skoda,Slavia,2022,4,20000,Petrol,Automatic,first,1045000,Skoda Slavia,kaggle_market,10.45
Honda,Brv,2016,10,38000,Petrol,Automatic,second,712500,Honda Brv,kaggle_market,7.12
Honda,Amaze,2019,7,52400,Petrol,Manual,second,513000,Honda Amaze,kaggle_market,5.13
Toyota,Innova Crysta,2020,6,22000,Diesel,Manual,second,2185000,Toyota Innova Crysta,kaggle_market,21.85
Bmw,3 Series,2013,13,58000,Diesel,Automatic,second,2279050,Bmw 3 Series,kaggle_market,22.79
Volkswagen,Ventotest,2012,14,100000,Diesel,Manual,second,356250,Volkswagen Ventotest,kaggle_market,3.56
Hyundai,Elite I20,2017,9,26000,Petrol,Manual,first,555750,Hyundai Elite I20,kaggle_market,5.56
Volkswagen,Polo,2018,8,82886,Diesel,Automatic,first,745750,Volkswagen Polo,kaggle_market,7.46
Maruti Suzuki,Baleno,2017,9,90000,Diesel,Manual,first,617500,Maruti Suzuki Baleno,kaggle_market,6.18
Maruti Suzuki,Ertiga,2012,14,98580,Diesel,Manual,first,247000,Maruti Suzuki Ertiga,kaggle_market,2.47
Maruti Suzuki,Alto-800,2013,13,82743,Petrol,Manual,first,204250,Maruti Suzuki Alto-800,kaggle_market,2.04
Honda,City Zx,2015,11,83000,Petrol,Automatic,second,532000,Honda City Zx,kaggle_market,5.32
Maruti Suzuki,Celerio,2014,12,17000,Petrol,Automatic,second,327750,Maruti Suzuki Celerio,kaggle_market,3.28
Bmw,5 Series Gt,2010,16,80000,Diesel,Automatic,second,886350,Bmw 5 Series Gt,kaggle_market,8.86
Maruti Suzuki,Ritz,2016,10,135000,Diesel,Manual,second,284050,Maruti Suzuki Ritz,kaggle_market,2.84
Maruti Suzuki,Alto K10,2018,8,11000,Petrol,Automatic,second,359100,Maruti Suzuki Alto K10,kaggle_market,3.59
Kia,Seltos,2021,5,89000,Diesel,Automatic,first,1581750,Kia Seltos,kaggle_market,15.82
Hyundai,Creta,2020,6,74000,Diesel,Automatic,first,1424999,Hyundai Creta,kaggle_market,14.25
Maruti Suzuki,Alto-800,2022,4,3350,Petrol,Manual,second,370500,Maruti Suzuki Alto-800,kaggle_market,3.7
Tata,Nexon,2018,8,80000,Diesel,Automatic,second,722000,Tata Nexon,kaggle_market,7.22
Toyota,Etios,2018,8,90000,Diesel,Manual,first,788500,Toyota Etios,kaggle_market,7.88
Hyundai,Creta,2018,8,87695,Diesel,Manual,first,759999,Hyundai Creta,kaggle_market,7.6
Hyundai,Grand I10,2018,8,21000,Petrol,Automatic,first,441750,Hyundai Grand I10,kaggle_market,4.42
Mahindra,Alturas G4,2019,7,30700,Diesel,Automatic,first,2270500,Mahindra Alturas G4,kaggle_market,22.7
Hyundai,I20 Active,2017,9,69000,Petrol,Manual,first,446500,Hyundai I20 Active,kaggle_market,4.46
Maruti Suzuki,Alto,2010,16,100000,Petrol,Manual,second,213750,Maruti Suzuki Alto,kaggle_market,2.14
Maruti Suzuki,Swift,2016,10,117592,Petrol,Manual,first,522500,Maruti Suzuki Swift,kaggle_market,5.22
Mahindra,Bolero,2016,10,112000,Diesel,Manual,first,722000,Mahindra Bolero,kaggle_market,7.22
Nissan,Sunny,2013,13,111519,Diesel,Manual,second,175750,Nissan Sunny,kaggle_market,1.76
Hyundai,Creta,2021,5,83000,Diesel,Manual,first,1225500,Hyundai Creta,kaggle_market,12.26
Volkswagen,Ameo,2018,8,106901,Diesel,Automatic,first,688750,Volkswagen Ameo,kaggle_market,6.89
Maruti Suzuki,Celerio,2018,8,25193,Petrol,Manual,first,351500,Maruti Suzuki Celerio,kaggle_market,3.52
Maruti Suzuki,Celerio,2015,11,61479,Petrol,Automatic,first,346750,Maruti Suzuki Celerio,kaggle_market,3.47
Hyundai,Grand I10,2015,11,69000,Petrol,Manual,second,418000,Hyundai Grand I10,kaggle_market,4.18
Nissan,Terrano,2014,12,150000,Diesel,Manual,second,541500,Nissan Terrano,kaggle_market,5.42
Hyundai,I20,2011,15,82000,Petrol,Manual,first,228000,Hyundai I20,kaggle_market,2.28
Hyundai,I20,2016,10,80000,Petrol,Manual,first,479750,Hyundai I20,kaggle_market,4.8
Mahindra,Marazzo,2018,8,95000,Diesel,Manual,first,831250,Mahindra Marazzo,kaggle_market,8.31
Bmw,X3,2012,14,100000,Diesel,Automatic,second,902500,Bmw X3,kaggle_market,9.02
Fiat,Avventura,2016,10,63000,Diesel,Manual,second,389500,Fiat Avventura,kaggle_market,3.9
Renault,Kwid,2017,9,100000,Petrol,Manual,first,190000,Renault Kwid,kaggle_market,1.9
Hyundai,Eon,2011,15,33000,Petrol,Manual,second,209000,Hyundai Eon,kaggle_market,2.09
Maruti Suzuki,Ignis,2017,9,53000,Petrol,Automatic,first,522500,Maruti Suzuki Ignis,kaggle_market,5.22
Nissan,Terrano,2013,13,99000,Diesel,Manual,second,399000,Nissan Terrano,kaggle_market,3.99
Hyundai,Elite I20,2019,7,70000,Diesel,Manual,second,693500,Hyundai Elite I20,kaggle_market,6.94
Maruti Suzuki,Swift-Dzire,2009,17,43256,Petrol,Manual,second,275500,Maruti Suzuki Swift-Dzire,kaggle_market,2.76
Maruti Suzuki,Swift,2010,16,99000,Diesel,Manual,second,270750,Maruti Suzuki Swift,kaggle_market,2.71
Land Rover,Range Rover Evoque,2021,5,31527,Diesel,Automatic,second,5320000,Land Rover Range Rover Evoque,kaggle_market,53.2
Bmw,3 Series Gt,2014,12,68000,Diesel,Automatic,second,1471550,Bmw 3 Series Gt,kaggle_market,14.72
Toyota,Fortuner,2014,12,175000,Diesel,Automatic,second,1163750,Toyota Fortuner,kaggle_market,11.64
Honda,Amaze,2018,8,29295,Petrol,Automatic,second,503500,Honda Amaze,kaggle_market,5.04
Honda,City,2015,11,63007,Petrol,Manual,first,617500,Honda City,kaggle_market,6.18
Maruti Suzuki,Celerio,2014,12,61000,Petrol,Automatic,first,361000,Maruti Suzuki Celerio,kaggle_market,3.61
Mercedes-Benz,Gls,2018,8,45000,Diesel,Automatic,second,6649999,Mercedes-Benz Gls,kaggle_market,66.5
Maruti Suzuki,Celerio,2018,8,89124,Petrol,Automatic,second,460750,Maruti Suzuki Celerio,kaggle_market,4.61
Hyundai,Santro Xing,2012,14,83000,Petrol,Manual,second,141550,Hyundai Santro Xing,kaggle_market,1.42
Hyundai,I20,2014,12,73000,Petrol,Manual,second,503500,Hyundai I20,kaggle_market,5.04
Toyota,Corolla Altis,2017,9,46868,Petrol,Automatic,second,688749,Toyota Corolla Altis,kaggle_market,6.89
Mahindra,Scorpio,2017,9,71000,Diesel,Manual,second,826500,Mahindra Scorpio,kaggle_market,8.26
Maruti Suzuki,Swift,2018,8,62000,Petrol,Automatic,second,584250,Maruti Suzuki Swift,kaggle_market,5.84
Mercedes-Benz,E-Class,2014,12,80000,Diesel,Automatic,second,1325250,Mercedes-Benz E-Class,kaggle_market,13.25
Mitsubishi,Pajero Sport,2015,11,80000,Diesel,Automatic,second,1273000,Mitsubishi Pajero Sport,kaggle_market,12.73
Toyota,Fortuner,2022,4,34000,Diesel,Automatic,first,4180000,Toyota Fortuner,kaggle_market,41.8
Mahindra,Scorpio,2020,6,153058,Diesel,Manual,first,945250,Mahindra Scorpio,kaggle_market,9.45
Jaguar,Others,2014,12,74000,Diesel,Automatic,first,2137500,Jaguar Others,kaggle_market,21.38
Volkswagen,Polo,2019,7,40000,Petrol,Manual,first,726750,Volkswagen Polo,kaggle_market,7.27
Toyota,Innova,2015,11,111000,Diesel,Manual,second,712500,Toyota Innova,kaggle_market,7.12
Renault,Triber,2021,5,70000,Petrol,Manual,first,584250,Renault Triber,kaggle_market,5.84
Chevrolet,Cruze,2017,9,64000,Diesel,Automatic,second,555750,Chevrolet Cruze,kaggle_market,5.56
Honda,Jazz,2021,5,31000,Petrol,Automatic,second,798000,Honda Jazz,kaggle_market,7.98
Tata,Harrier,2021,5,47000,Diesel,Automatic,first,1116250,Tata Harrier,kaggle_market,11.16
Honda,Mobilio,2014,12,90000,Diesel,Manual,second,489250,Honda Mobilio,kaggle_market,4.89
Mercedes-Benz,Gla Class,2015,11,72000,Diesel,Automatic,first,1568450,Mercedes-Benz Gla Class,kaggle_market,15.68
Renault,Triber,2021,5,40000,Petrol,Automatic,first,593750,Renault Triber,kaggle_market,5.94
Toyota,Innova Crysta,2018,8,133000,Diesel,Automatic,first,1567500,Toyota Innova Crysta,kaggle_market,15.68
Hyundai,Grand I10,2014,12,70000,Petrol,Automatic,first,370500,Hyundai Grand I10,kaggle_market,3.7
Ford,Endeavour,2019,7,63988,Diesel,Automatic,first,2945000,Ford Endeavour,kaggle_market,29.45
Volkswagen,Vento,2013,13,52000,Petrol,Automatic,first,418000,Volkswagen Vento,kaggle_market,4.18
Audi,A6,2017,9,43000,Diesel,Automatic,second,2802500,Audi A6,kaggle_market,28.02
Hyundai,Verna,2016,10,65000,Petrol,Automatic,first,660250,Hyundai Verna,kaggle_market,6.6
Tata,Nano,2016,10,80000,Petrol,Manual,second,118750,Tata Nano,kaggle_market,1.19
Mercedes-Benz,Gla,2019,7,33500,Diesel,Automatic,first,1757500,Mercedes-Benz Gla,kaggle_market,17.58
Maruti Suzuki,Swift-Dzire,2012,14,74000,Petrol,Manual,first,304000,Maruti Suzuki Swift-Dzire,kaggle_market,3.04
Hyundai,Elite I20,2014,12,107000,Diesel,Manual,second,380000,Hyundai Elite I20,kaggle_market,3.8
Ssangyong,Rexton,2013,13,85000,Diesel,Automatic,second,546250,Ssangyong Rexton,kaggle_market,5.46
Maruti Suzuki,Vitara-Brezza,2019,7,98250,Diesel,Manual,second,522500,Maruti Suzuki Vitara-Brezza,kaggle_market,5.22
Honda,Amaze,2021,5,69052,Petrol,Manual,second,548150,Honda Amaze,kaggle_market,5.48
Hyundai,Creta,2023,3,21000,Petrol,Automatic,first,1614999,Hyundai Creta,kaggle_market,16.15
Toyota,Fortuner,2010,16,140000,Diesel,Manual,second,734350,Toyota Fortuner,kaggle_market,7.34
Maruti Suzuki,Swift,2011,15,90401,Petrol,Manual,second,313500,Maruti Suzuki Swift,kaggle_market,3.14
Kia,Sonet,2023,3,20600,Diesel,Manual,first,1187500,Kia Sonet,kaggle_market,11.88
Mahindra,Scorpio,2017,9,60000,Diesel,Manual,first,840750,Mahindra Scorpio,kaggle_market,8.41
Maruti Suzuki,Alto,2012,14,128835,Petrol,Manual,first,147250,Maruti Suzuki Alto,kaggle_market,1.47
Honda,Wrv,2018,8,83000,Petrol,Manual,first,636500,Honda Wrv,kaggle_market,6.36
Volkswagen,Polo,2016,10,152000,Diesel,Manual,second,474999,Volkswagen Polo,kaggle_market,4.75
Hyundai,I20,2011,15,100000,Diesel,Manual,second,280250,Hyundai I20,kaggle_market,2.8
Hyundai,I10,2011,15,56000,Petrol,Manual,first,166250,Hyundai I10,kaggle_market,1.66
Hyundai,Xcent,2016,10,59000,Petrol,Automatic,second,265050,Hyundai Xcent,kaggle_market,2.65
Toyota,Innova,2015,11,295000,Diesel,Manual,first,1263500,Toyota Innova,kaggle_market,12.64
Volkswagen,Tiguan,2017,9,68000,Diesel,Automatic,first,1424999,Volkswagen Tiguan,kaggle_market,14.25
Fiat,Grand Punto,2012,14,90000,Petrol,Manual,second,128250,Fiat Grand Punto,kaggle_market,1.28
Mahindra,Scorpio,2017,9,78197,Diesel,Manual,first,902500,Mahindra Scorpio,kaggle_market,9.02
Chevrolet,Cruze,2010,16,75000,Diesel,Manual,second,275500,Chevrolet Cruze,kaggle_market,2.76
Mahindra,Bolero Neo,2021,5,65000,Diesel,Manual,second,831250,Mahindra Bolero Neo,kaggle_market,8.31
Tata,Indica Vista,2011,15,48000,Diesel,Manual,second,90250,Tata Indica Vista,kaggle_market,0.9
Hyundai,I20,2023,3,22000,Petrol,Manual,first,736250,Hyundai I20,kaggle_market,7.36
Volvo,Xc 90,2017,9,98000,Diesel,Automatic,second,2850000,Volvo Xc 90,kaggle_market,28.5
Jeep,Wrangler,2022,4,39000,Petrol,Automatic,first,5510000,Jeep Wrangler,kaggle_market,55.1
Mahindra,Thar,2020,6,76108,Diesel,Automatic,first,1277750,Mahindra Thar,kaggle_market,12.78
Maruti Suzuki,S-Cross1,2018,8,90000,Diesel,Manual,first,498750,Maruti Suzuki S-Cross1,kaggle_market,4.99
Bmw,X5,2020,6,60000,Diesel,Automatic,first,6546450,Bmw X5,kaggle_market,65.46
Hyundai,Verna,2018,8,70000,Diesel,Automatic,first,902499,Hyundai Verna,kaggle_market,9.02
Mahindra,Scorpio,2018,8,90000,Diesel,Manual,first,1234050,Mahindra Scorpio,kaggle_market,12.34
Mahindra,Thar,2022,4,7000,Diesel,Automatic,first,1539000,Mahindra Thar,kaggle_market,15.39
Hyundai,Grand I10,2018,8,10000,Petrol,Manual,second,399950,Hyundai Grand I10,kaggle_market,4.0
Maruti Suzuki,Baleno,2021,5,22000,Petrol,Manual,first,627000,Maruti Suzuki Baleno,kaggle_market,6.27
Volkswagen,Ameo,2018,8,85400,Diesel,Automatic,first,446500,Volkswagen Ameo,kaggle_market,4.46
Jeep,Compass,2019,7,59000,Petrol,Automatic,second,1282500,Jeep Compass,kaggle_market,12.82
Mahindra,Kuv 100,2016,10,107000,Diesel,Manual,first,399000,Mahindra Kuv 100,kaggle_market,3.99
Maruti Suzuki,Swift,2018,8,91000,Diesel,Automatic,first,627000,Maruti Suzuki Swift,kaggle_market,6.27
Maruti Suzuki,Celerio,2015,11,114000,Petrol,Automatic,second,356250,Maruti Suzuki Celerio,kaggle_market,3.56
Mercedes-Benz,C-Class,2011,15,68000,Petrol,Automatic,second,855000,Mercedes-Benz C-Class,kaggle_market,8.55
Toyota,Fortuner,2014,12,90220,Diesel,Automatic,first,1044999,Toyota Fortuner,kaggle_market,10.45
Mercedes-Benz,E-Class,2013,13,68000,Petrol,Automatic,second,1211250,Mercedes-Benz E-Class,kaggle_market,12.11
Volkswagen,Polo,2015,11,40200,Petrol,Manual,first,474050,Volkswagen Polo,kaggle_market,4.74
Hyundai,Creta,2016,10,90500,Diesel,Automatic,first,759999,Hyundai Creta,kaggle_market,7.6
Maruti Suzuki,Baleno,2018,8,67000,Petrol,Automatic,second,498750,Maruti Suzuki Baleno,kaggle_market,4.99
Maruti Suzuki,Ciaz,2016,10,67000,Petrol,Manual,first,426550,Maruti Suzuki Ciaz,kaggle_market,4.27
Volkswagen,Ventotest,2012,14,90000,Petrol,Manual,first,275500,Volkswagen Ventotest,kaggle_market,2.76
Mercedes-Benz,C-Class,2016,10,43000,Petrol,Automatic,first,2755000,Mercedes-Benz C-Class,kaggle_market,27.55
Volkswagen,Ventotest,2013,13,65000,Petrol,Automatic,first,331550,Volkswagen Ventotest,kaggle_market,3.32
Maruti Suzuki,Ciaz,2017,9,93000,Diesel,Manual,second,570000,Maruti Suzuki Ciaz,kaggle_market,5.7
Tata,Zest,2018,8,190000,Diesel,Manual,first,237500,Tata Zest,kaggle_market,2.38
Mercedes-Benz,S-Class,2008,18,70000,Diesel,Automatic,second,950000,Mercedes-Benz S-Class,kaggle_market,9.5
Maruti Suzuki,Wagon-R-1-0,2017,9,84127,Petrol,Manual,first,356250,Maruti Suzuki Wagon-R-1-0,kaggle_market,3.56
Honda,City,2019,7,37000,Petrol,Automatic,second,888250,Honda City,kaggle_market,8.88
Renault,Duster,2017,9,58000,Diesel,Manual,first,527250,Renault Duster,kaggle_market,5.27
Maruti Suzuki,Wagon-R-1-0,2013,13,70000,Petrol,Manual,second,209000,Maruti Suzuki Wagon-R-1-0,kaggle_market,2.09
Maruti Suzuki,800,2002,24,51000,Petrol,Manual,first,74100,Maruti Suzuki 800,kaggle_market,0.74
Nissan,Magnite,2022,4,17000,Petrol,Manual,first,707750,Nissan Magnite,kaggle_market,7.08
Maruti Suzuki,Celerio,2015,11,72000,Petrol,Automatic,second,348650,Maruti Suzuki Celerio,kaggle_market,3.49
Tata,Indica V2,2010,16,82000,Diesel,Manual,first,128250,Tata Indica V2,kaggle_market,1.28
Hyundai,Grand I10 Nios,2021,5,20121,Petrol,Manual,second,631750,Hyundai Grand I10 Nios,kaggle_market,6.32
Toyota,Fortuner,2015,11,168000,Diesel,Manual,first,1473450,Toyota Fortuner,kaggle_market,14.73
Mahindra,Xuv 300,2021,5,17000,Petrol,Manual,second,878750,Mahindra Xuv 300,kaggle_market,8.79
Maruti Suzuki,Swift,2010,16,130000,Diesel,Manual,first,351500,Maruti Suzuki Swift,kaggle_market,3.52
Mahindra,Bolero,2018,8,48248,Diesel,Manual,second,712500,Mahindra Bolero,kaggle_market,7.12
Mahindra,Bolero Neo,2022,4,42000,Diesel,Manual,first,859750,Mahindra Bolero Neo,kaggle_market,8.6
Maruti Suzuki,Wagon-R,2015,11,85000,Petrol,Manual,second,283100,Maruti Suzuki Wagon-R,kaggle_market,2.83
Renault,Duster,2013,13,86000,Diesel,Manual,second,213750,Renault Duster,kaggle_market,2.14
Maruti Suzuki,Swift-Dzire,2010,16,150549,Diesel,Manual,first,361000,Maruti Suzuki Swift-Dzire,kaggle_market,3.61
Honda,City,2014,12,65000,Petrol,Automatic,first,361000,Honda City,kaggle_market,3.61
Honda,City,2017,9,45000,Petrol,Automatic,second,736250,Honda City,kaggle_market,7.36
Maruti Suzuki,Eeco,2021,5,50000,Petrol,Automatic,second,456000,Maruti Suzuki Eeco,kaggle_market,4.56
Mahindra,Ssangyong Rexton,2013,13,65000,Diesel,Automatic,second,546250,Mahindra Ssangyong Rexton,kaggle_market,5.46
Bmw,5 Series,2013,13,54000,Diesel,Automatic,first,1045000,Bmw 5 Series,kaggle_market,10.45
Toyota,Corolla,2008,18,55000,Petrol,Automatic,second,280250,Toyota Corolla,kaggle_market,2.8
Maruti Suzuki,Alto-800,2016,10,59521,Petrol,Manual,first,232750,Maruti Suzuki Alto-800,kaggle_market,2.33
Ford,Ecosport,2019,7,126353,Diesel,Manual,second,741000,Ford Ecosport,kaggle_market,7.41
Hyundai,New I20,2020,6,48298,Petrol,Automatic,second,897750,Hyundai New I20,kaggle_market,8.98
Maruti Suzuki,Alto-K10,2018,8,27000,Petrol,Automatic,first,346750,Maruti Suzuki Alto-K10,kaggle_market,3.47
Hyundai,Creta,2017,9,58212,Diesel,Automatic,first,783750,Hyundai Creta,kaggle_market,7.84
Mercedes-Benz,E-Class,2017,9,60000,Diesel,Automatic,first,2137500,Mercedes-Benz E-Class,kaggle_market,21.38
Mahindra,Bolero,2013,13,57450,Diesel,Manual,first,365750,Mahindra Bolero,kaggle_market,3.66
Lexus,Es,2022,4,30000,Petrol,Automatic,first,5700000,Lexus Es,kaggle_market,57.0
Mahindra,Tuv 300,2015,11,79900,Diesel,Automatic,first,546250,Mahindra Tuv 300,kaggle_market,5.46
Hyundai,Eon,2016,10,23000,Petrol,Manual,first,256500,Hyundai Eon,kaggle_market,2.56
Hyundai,Verna,2012,14,77000,Petrol,Manual,first,370500,Hyundai Verna,kaggle_market,3.7
Volvo,S60,2012,14,45000,Diesel,Automatic,second,1235000,Volvo S60,kaggle_market,12.35
Maruti Suzuki,Vitara-Brezza,2019,7,70737,Diesel,Automatic,second,770450,Maruti Suzuki Vitara-Brezza,kaggle_market,7.7
Mercedes-Benz,Gla Class,2019,7,40000,Diesel,Automatic,second,1900000,Mercedes-Benz Gla Class,kaggle_market,19.0
Mahindra,Xuv500,2018,8,71000,Diesel,Manual,first,897750,Mahindra Xuv500,kaggle_market,8.98
Jeep,Compass,2018,8,80000,Diesel,Manual,first,931000,Jeep Compass,kaggle_market,9.31
Honda,City,2013,13,90000,Petrol,Manual,first,356250,Honda City,kaggle_market,3.56
Audi,A6,2013,13,125000,Diesel,Automatic,second,855000,Audi A6,kaggle_market,8.55
Honda,Amaze,2018,8,42000,Diesel,Manual,second,356250,Honda Amaze,kaggle_market,3.56
Honda,Amaze,2018,8,77000,Diesel,Manual,first,522500,Honda Amaze,kaggle_market,5.22
Maruti Suzuki,Celerio,2019,7,68000,Petrol,Automatic,second,403750,Maruti Suzuki Celerio,kaggle_market,4.04
Land Rover,Discovery Sport,2019,7,97000,Diesel,Automatic,second,2850000,Land Rover Discovery Sport,kaggle_market,28.5
Bmw,X3,2022,4,11000,Petrol,Automatic,first,6365000,Bmw X3,kaggle_market,63.65
Maruti Suzuki,Swift-Dzire,2019,7,106000,Diesel,Manual,first,551000,Maruti Suzuki Swift-Dzire,kaggle_market,5.51
Kia,Sonet,2021,5,81236,Petrol,Automatic,first,921500,Kia Sonet,kaggle_market,9.22
Maruti Suzuki,Baleno,2017,9,102000,Petrol,Manual,second,513000,Maruti Suzuki Baleno,kaggle_market,5.13
Bmw,3 Series,2012,14,80000,Diesel,Automatic,second,617500,Bmw 3 Series,kaggle_market,6.18
Maruti Suzuki,Swift-Dzire,2013,13,98000,Diesel,Manual,first,365750,Maruti Suzuki Swift-Dzire,kaggle_market,3.66
Jaguar,F-Pace,2021,5,19000,Petrol,Automatic,first,5866250,Jaguar F-Pace,kaggle_market,58.66
Volkswagen,Tiguan,2018,8,93173,Diesel,Automatic,first,1852500,Volkswagen Tiguan,kaggle_market,18.52
Honda,City,2003,23,102300,Petrol,Manual,second,118750,Honda City,kaggle_market,1.19
Ford,Endeavour,2017,9,144000,Diesel,Automatic,first,2090000,Ford Endeavour,kaggle_market,20.9
Toyota,Innova,2010,16,288000,Diesel,Manual,second,664050,Toyota Innova,kaggle_market,6.64
Toyota,Innova,2013,13,125000,Diesel,Manual,second,1021250,Toyota Innova,kaggle_market,10.21
Maruti Suzuki,Swift,2018,8,36000,Petrol,Automatic,first,631750,Maruti Suzuki Swift,kaggle_market,6.32
Land Rover,Discovery,2019,7,28000,Petrol,Automatic,first,4156250,Land Rover Discovery,kaggle_market,41.56
Ford,Fiesta,2008,18,158000,Petrol,Automatic,second,114000,Ford Fiesta,kaggle_market,1.14
Mahindra,Xuv700,2023,3,25000,Petrol,Automatic,first,2161250,Mahindra Xuv700,kaggle_market,21.61
Maruti Suzuki,Swift,2022,4,40000,Petrol,Automatic,first,736250,Maruti Suzuki Swift,kaggle_market,7.36
Honda,City,2016,10,141000,Diesel,Manual,second,579500,Honda City,kaggle_market,5.8
Skoda,Laura,2010,16,82000,Diesel,Manual,first,451250,Skoda Laura,kaggle_market,4.51
Honda,Brio,2014,12,67000,Petrol,Automatic,first,275500,Honda Brio,kaggle_market,2.76
Mahindra,Thar,2021,5,70000,Diesel,Manual,first,1282500,Mahindra Thar,kaggle_market,12.82
Hyundai,I20,2012,14,46000,Petrol,Manual,second,304950,Hyundai I20,kaggle_market,3.05
Tata,Tiago,2020,6,70716,Petrol,Manual,first,465500,Tata Tiago,kaggle_market,4.66
Audi,Q3,2018,8,55000,Diesel,Automatic,second,1330000,Audi Q3,kaggle_market,13.3
Kia,Carnival,2022,4,25000,Diesel,Automatic,second,3419050,Kia Carnival,kaggle_market,34.19
Maruti Suzuki,Alto-800,2020,6,46000,Petrol,Manual,first,346750,Maruti Suzuki Alto-800,kaggle_market,3.47
Hyundai,I10,2013,13,63000,Petrol,Manual,second,175750,Hyundai I10,kaggle_market,1.76
Maruti Suzuki,Swift,2018,8,55000,Petrol,Automatic,second,536750,Maruti Suzuki Swift,kaggle_market,5.37
Hyundai,Grand I10 Nios,2022,4,35000,Petrol,Automatic,first,650750,Hyundai Grand I10 Nios,kaggle_market,6.51
Hyundai,Grand I10 Nios,2021,5,22000,Petrol,Manual,first,521550,Hyundai Grand I10 Nios,kaggle_market,5.22
Renault,Duster,2016,10,82000,Diesel,Manual,first,546250,Renault Duster,kaggle_market,5.46
Mahindra,Xuv700,2021,5,23883,Petrol,Automatic,second,2132750,Mahindra Xuv700,kaggle_market,21.33
Chevrolet,Enjoy,2014,12,90000,Diesel,Manual,second,313500,Chevrolet Enjoy,kaggle_market,3.14
Volkswagen,Ventotest,2012,14,32000,Petrol,Automatic,second,427500,Volkswagen Ventotest,kaggle_market,4.28
Maruti Suzuki,Swift-Dzire,2016,10,95000,Petrol,Manual,second,484500,Maruti Suzuki Swift-Dzire,kaggle_market,4.84
Toyota,Fortuner,2013,13,150000,Diesel,Automatic,second,1320500,Toyota Fortuner,kaggle_market,13.2
Mahindra,Scorpio,2014,12,113000,Diesel,Automatic,second,755250,Mahindra Scorpio,kaggle_market,7.55
Tata,Indigo Ecs,2012,14,98000,Petrol,Manual,second,137750,Tata Indigo Ecs,kaggle_market,1.38
Mercedes-Benz,C-Class,2018,8,70000,Diesel,Automatic,first,2137500,Mercedes-Benz C-Class,kaggle_market,21.38
Chevrolet,Enjoy,2013,13,136000,Diesel,Manual,second,418000,Chevrolet Enjoy,kaggle_market,4.18
Bmw,3 Series,2015,11,70000,Diesel,Automatic,first,869250,Bmw 3 Series,kaggle_market,8.69
Land Rover,Range Rover Sport,2021,5,37000,Petrol,Automatic,first,9120000,Land Rover Range Rover Sport,kaggle_market,91.2
Mercedes-Benz,M-Class,2012,14,90000,Diesel,Automatic,second,1567500,Mercedes-Benz M-Class,kaggle_market,15.68
Volkswagen,Polo,2017,9,55200,Petrol,Automatic,first,560500,Volkswagen Polo,kaggle_market,5.6
Hyundai,I10,2015,11,79000,Petrol,Manual,first,323000,Hyundai I10,kaggle_market,3.23
Toyota,Innova Crysta,2020,6,36000,Diesel,Automatic,second,2270500,Toyota Innova Crysta,kaggle_market,22.7
Datsun,Go Plus,2018,8,50002,Petrol,Manual,first,256500,Datsun Go Plus,kaggle_market,2.56
Maruti Suzuki,Baleno,2021,5,40022,Petrol,Manual,first,608000,Maruti Suzuki Baleno,kaggle_market,6.08
Nissan,Terrano,2014,12,80000,Diesel,Manual,second,360050,Nissan Terrano,kaggle_market,3.6
Tata,Altroz,2022,4,10000,Petrol,Automatic,first,940500,Tata Altroz,kaggle_market,9.4
Toyota,Innova Crysta,2017,9,115000,Diesel,Automatic,second,1600750,Toyota Innova Crysta,kaggle_market,16.01
Hyundai,Elite I20,2019,7,24000,Petrol,Automatic,first,688750,Hyundai Elite I20,kaggle_market,6.89
Kia,Sonet,2020,6,38271,Petrol,Automatic,second,992750,Kia Sonet,kaggle_market,9.93
Hyundai,I20,2014,12,86000,Diesel,Manual,second,422750,Hyundai I20,kaggle_market,4.23
Kia,Sonet,2020,6,35000,Diesel,Manual,first,902500,Kia Sonet,kaggle_market,9.02
Tata,Nexon,2019,7,47000,Petrol,Manual,first,569999,Tata Nexon,kaggle_market,5.7
Mahindra,Thar,2021,5,28000,Diesel,Manual,first,1372750,Mahindra Thar,kaggle_market,13.73
Renault,Kwid,2019,7,36000,Petrol,Manual,second,294500,Renault Kwid,kaggle_market,2.94
Maruti Suzuki,Wagon-R,2009,17,72000,Petrol,Manual,second,122550,Maruti Suzuki Wagon-R,kaggle_market,1.23
Volkswagen,Polo,2013,13,61000,Petrol,Automatic,first,389500,Volkswagen Polo,kaggle_market,3.9
Land Rover,Range Rover,2012,14,23102,Diesel,Automatic,second,4555250,Land Rover Range Rover,kaggle_market,45.55
Maruti Suzuki,Vitara-Brezza,2020,6,51421,Petrol,Manual,first,745750,Maruti Suzuki Vitara-Brezza,kaggle_market,7.46
Maruti Suzuki,A-Star,2013,13,26263,Petrol,Automatic,first,346750,Maruti Suzuki A-Star,kaggle_market,3.47
Mahindra,Scorpio,2019,7,42000,Diesel,Manual,second,1330000,Mahindra Scorpio,kaggle_market,13.3
Maruti Suzuki,Eeco,2023,3,15000,Petrol,Manual,first,570000,Maruti Suzuki Eeco,kaggle_market,5.7
Toyota,Fortuner,2015,11,163000,Diesel,Manual,first,1472500,Toyota Fortuner,kaggle_market,14.72
Maruti Suzuki,S-Cross,2018,8,94000,Diesel,Manual,first,797999,Maruti Suzuki S-Cross,kaggle_market,7.98
Maruti Suzuki,Baleno,2018,8,32000,Petrol,Automatic,first,655500,Maruti Suzuki Baleno,kaggle_market,6.56
Mahindra,Xuv500,2016,10,122000,Diesel,Automatic,second,807500,Mahindra Xuv500,kaggle_market,8.07
Maruti Suzuki,Baleno,2020,6,40000,Petrol,Manual,first,617500,Maruti Suzuki Baleno,kaggle_market,6.18
Jeep,Compass,2018,8,52000,Diesel,Manual,first,996550,Jeep Compass,kaggle_market,9.97
Maruti Suzuki,Ciaz,2017,9,86000,Diesel,Manual,first,522500,Maruti Suzuki Ciaz,kaggle_market,5.22
Hyundai,Grand I10,2016,10,96290,Petrol,Manual,second,358150,Hyundai Grand I10,kaggle_market,3.58
Mahindra,Bolero,2013,13,61000,Diesel,Manual,second,427500,Mahindra Bolero,kaggle_market,4.28
Kia,Carnival,2021,5,80500,Diesel,Automatic,first,2518450,Kia Carnival,kaggle_market,25.18
Maruti Suzuki,Swift-Dzire,2018,8,80000,Diesel,Manual,second,712500,Maruti Suzuki Swift-Dzire,kaggle_market,7.12
Mahindra,Scorpio,2015,11,140000,Diesel,Automatic,second,711550,Mahindra Scorpio,kaggle_market,7.12
Bmw,3 Series Gran Limousine,2021,5,18800,Petrol,Automatic,first,4702500,Bmw 3 Series Gran Limousine,kaggle_market,47.02
Hyundai,Verna,2018,8,50000,Diesel,Manual,second,551000,Hyundai Verna,kaggle_market,5.51
Toyota,Innova,2014,12,174000,Diesel,Manual,second,850250,Toyota Innova,kaggle_market,8.5
Renault,Duster,2014,12,100000,Diesel,Manual,second,342000,Renault Duster,kaggle_market,3.42
Hyundai,Creta,2019,7,90000,Diesel,Manual,first,1064000,Hyundai Creta,kaggle_market,10.64
Hyundai,I10,2010,16,66000,Petrol,Automatic,second,280250,Hyundai I10,kaggle_market,2.8
Lexus,Nx,2019,7,57000,Petrol,Automatic,second,3705000,Lexus Nx,kaggle_market,37.05
Toyota,Innova Crysta,2018,8,140000,Diesel,Manual,first,1663450,Toyota Innova Crysta,kaggle_market,16.63
Hyundai,Fluidic Verna,2018,8,77000,Diesel,Automatic,first,831250,Hyundai Fluidic Verna,kaggle_market,8.31
Maruti Suzuki,Wagon R 1.0,2018,8,32000,Petrol,Manual,second,375250,Maruti Suzuki Wagon R 1.0,kaggle_market,3.75
Mahindra,Bolero,2010,16,71000,Diesel,Manual,second,280250,Mahindra Bolero,kaggle_market,2.8
Hyundai,I10,2013,13,63000,Petrol,Manual,second,209000,Hyundai I10,kaggle_market,2.09
Hyundai,Venue,2019,7,28000,Petrol,Automatic,first,878750,Hyundai Venue,kaggle_market,8.79
Maruti Suzuki,Swift,2016,10,80000,Petrol,Manual,first,430350,Maruti Suzuki Swift,kaggle_market,4.3
Mahindra,Scorpio,2006,20,132884,Diesel,Manual,second,218500,Mahindra Scorpio,kaggle_market,2.18
Mahindra,Xuv500,2017,9,55000,Diesel,Automatic,first,1377500,Mahindra Xuv500,kaggle_market,13.78
Hyundai,Eon,2014,12,30000,Petrol,Manual,first,199500,Hyundai Eon,kaggle_market,2.0
Ford,Ecosport,2015,11,58000,Diesel,Manual,first,320150,Ford Ecosport,kaggle_market,3.2
Volkswagen,Vento,2016,10,136000,Diesel,Automatic,first,593750,Volkswagen Vento,kaggle_market,5.94
Toyota,Innova,2006,20,200000,Diesel,Manual,second,209000,Toyota Innova,kaggle_market,2.09
Tata,Nano,2014,12,66000,Petrol,Automatic,second,99750,Tata Nano,kaggle_market,1.0
Maruti Suzuki,Wagon-R,2013,13,130000,Petrol,Manual,second,251750,Maruti Suzuki Wagon-R,kaggle_market,2.52
Mahindra,Thar,2024,2,7000,Diesel,Automatic,first,1496250,Mahindra Thar,kaggle_market,14.96
Kia,Sonet,2020,6,87000,Diesel,Manual,second,978500,Kia Sonet,kaggle_market,9.78
Mahindra,Kuv 100,2017,9,55000,Diesel,Manual,first,413250,Mahindra Kuv 100,kaggle_market,4.13
Hyundai,Grand I10,2009,17,120000,Petrol,Manual,first,161500,Hyundai Grand I10,kaggle_market,1.62
Hyundai,Creta,2019,7,66651,Diesel,Automatic,second,969950,Hyundai Creta,kaggle_market,9.7
Hyundai,I20,2011,15,108000,Petrol,Manual,second,285000,Hyundai I20,kaggle_market,2.85
Toyota,Innova,2014,12,135000,Diesel,Manual,second,1040250,Toyota Innova,kaggle_market,10.4
Ford,Ecosport,2015,11,52500,Petrol,Automatic,first,531999,Ford Ecosport,kaggle_market,5.32
Maruti Suzuki,Wagon-R,2011,15,33600,Petrol,Manual,second,213750,Maruti Suzuki Wagon-R,kaggle_market,2.14
Mahindra,Tuv,2017,9,103000,Diesel,Automatic,second,565250,Mahindra Tuv,kaggle_market,5.65
Chevrolet,Spark,2008,18,38319,Petrol,Manual,second,132050,Chevrolet Spark,kaggle_market,1.32
Maruti Suzuki,Swift,2014,12,100000,Diesel,Manual,second,465500,Maruti Suzuki Swift,kaggle_market,4.66
Maruti Suzuki,Xl6,2021,5,40000,Petrol,Manual,second,888250,Maruti Suzuki Xl6,kaggle_market,8.88
Maruti Suzuki,Sx4,2007,19,60000,Petrol,Manual,second,118750,Maruti Suzuki Sx4,kaggle_market,1.19
Isuzu,Mux,2017,9,75000,Diesel,Automatic,first,1377500,Isuzu Mux,kaggle_market,13.78
Hyundai,New I20,2014,12,55000,Petrol,Manual,second,441750,Hyundai New I20,kaggle_market,4.42
Volkswagen,Ventotest,2011,15,78000,Diesel,Manual,second,275500,Volkswagen Ventotest,kaggle_market,2.76
Maruti Suzuki,Swift-Dzire,2017,9,101000,Diesel,Manual,first,617500,Maruti Suzuki Swift-Dzire,kaggle_market,6.18
Mahindra,Jeep,2008,18,9350,Diesel,Manual,second,380000,Mahindra Jeep,kaggle_market,3.8
Maruti Suzuki,Swift-Dzire,2015,11,67000,Petrol,Manual,second,332499,Maruti Suzuki Swift-Dzire,kaggle_market,3.32
Volkswagen,Polo,2015,11,90000,Diesel,Manual,second,370500,Volkswagen Polo,kaggle_market,3.7
Tata,Safari Storme,2017,9,81000,Diesel,Manual,second,688750,Tata Safari Storme,kaggle_market,6.89
Mahindra,Scorpio Classic,2021,5,64000,Diesel,Manual,second,1169450,Mahindra Scorpio Classic,kaggle_market,11.69
Mahindra,Scorpio,2015,11,93000,Diesel,Manual,first,641250,Mahindra Scorpio,kaggle_market,6.41
Tata,Nexon,2019,7,41000,Petrol,Automatic,second,498750,Tata Nexon,kaggle_market,4.99
Volkswagen,Ventotest,2019,7,28000,Petrol,Manual,first,807500,Volkswagen Ventotest,kaggle_market,8.07
Honda,City,2010,16,93500,Petrol,Manual,second,199499,Honda City,kaggle_market,1.99
Hyundai,Santro Xing,2007,19,95000,Petrol,Manual,first,57000,Hyundai Santro Xing,kaggle_market,0.57
Audi,A3,2015,11,140000,Diesel,Automatic,second,1211250,Audi A3,kaggle_market,12.11
Honda,Wrv,2018,8,80000,Diesel,Manual,second,598500,Honda Wrv,kaggle_market,5.98
Maruti Suzuki,Xl6,2021,5,64000,Petrol,Manual,first,878750,Maruti Suzuki Xl6,kaggle_market,8.79
Mercedes-Benz,Glc,2019,7,30000,Diesel,Automatic,second,4740500,Mercedes-Benz Glc,kaggle_market,47.4
Skoda,Octavia,2018,8,94425,Diesel,Automatic,first,1235000,Skoda Octavia,kaggle_market,12.35
Toyota,Corolla Altis,2010,16,72000,Petrol,Manual,second,213750,Toyota Corolla Altis,kaggle_market,2.14
Chevrolet,Optra Magnum,2010,16,56700,Petrol,Automatic,second,128250,Chevrolet Optra Magnum,kaggle_market,1.28
Audi,A4,2017,9,29600,Diesel,Automatic,second,1946550,Audi A4,kaggle_market,19.47
Audi,A4,2017,9,95000,Diesel,Automatic,first,1615000,Audi A4,kaggle_market,16.15
Honda,City,2011,15,78000,Petrol,Manual,second,204250,Honda City,kaggle_market,2.04
Hyundai,Venue,2019,7,60000,Diesel,Manual,first,707750,Hyundai Venue,kaggle_market,7.08
Hyundai,Grand I10,2015,11,43000,Petrol,Manual,second,331550,Hyundai Grand I10,kaggle_market,3.32
Hyundai,Venue,2022,4,17000,Petrol,Manual,first,788500,Hyundai Venue,kaggle_market,7.88
Hyundai,Grand I10,2015,11,48000,Petrol,Manual,first,346750,Hyundai Grand I10,kaggle_market,3.47
Toyota,2.8 Legender 4X2,2024,2,6000,Diesel,Automatic,first,5225000,Toyota 2.8 Legender 4X2,kaggle_market,52.25
Honda,Amaze,2021,5,32000,Petrol,Automatic,first,560500,Honda Amaze,kaggle_market,5.6
Tata,Harrier,2021,5,71000,Diesel,Automatic,first,1662500,Tata Harrier,kaggle_market,16.62
Chevrolet,Spark,2010,16,93000,Petrol,Manual,second,160550,Chevrolet Spark,kaggle_market,1.61
Toyota,Yaris,2021,5,32000,Petrol,Automatic,first,973750,Toyota Yaris,kaggle_market,9.74
Honda,Brio,2016,10,90000,Petrol,Manual,first,332500,Honda Brio,kaggle_market,3.32
Mahindra,Scorpio Classic,2023,3,31500,Diesel,Manual,first,1605500,Mahindra Scorpio Classic,kaggle_market,16.06
Mercedes-Benz,Gl-Class,2015,11,115000,Diesel,Automatic,second,2365500,Mercedes-Benz Gl-Class,kaggle_market,23.66
Audi,A6,2012,14,67000,Diesel,Automatic,second,1045000,Audi A6,kaggle_market,10.45
Skoda,Rapid,2015,11,39500,Petrol,Manual,second,331550,Skoda Rapid,kaggle_market,3.32
Mahindra,Scorpio,2013,13,87000,Diesel,Manual,second,546250,Mahindra Scorpio,kaggle_market,5.46
Honda,City Zx,2008,18,90000,Petrol,Manual,second,137750,Honda City Zx,kaggle_market,1.38
Maruti Suzuki,Baleno,2021,5,47000,Petrol,Manual,second,546250,Maruti Suzuki Baleno,kaggle_market,5.46
Hyundai,Verna,2017,9,89410,Diesel,Manual,first,750500,Hyundai Verna,kaggle_market,7.5
Honda,Amaze,2021,5,52689,Petrol,Automatic,first,674500,Honda Amaze,kaggle_market,6.74
Jaguar,Xf,2014,12,68000,Diesel,Automatic,second,973750,Jaguar Xf,kaggle_market,9.74
Volkswagen,Ameo,2019,7,92000,Diesel,Automatic,second,608000,Volkswagen Ameo,kaggle_market,6.08
Maruti Suzuki,Baleno,2018,8,54000,Diesel,Manual,first,636500,Maruti Suzuki Baleno,kaggle_market,6.36
Volkswagen,Ventotest,2015,11,66000,Diesel,Manual,second,465500,Volkswagen Ventotest,kaggle_market,4.66
Hyundai,I20,2019,7,45000,Petrol,Automatic,first,688750,Hyundai I20,kaggle_market,6.89
Audi,A6,2012,14,86310,Diesel,Manual,first,902500,Audi A6,kaggle_market,9.02
Hyundai,Eon,2013,13,58836,Petrol,Manual,second,223250,Hyundai Eon,kaggle_market,2.23
Toyota,Corolla Altis,2017,9,100000,Petrol,Automatic,second,850250,Toyota Corolla Altis,kaggle_market,8.5
Mahindra,Xuv 300,2021,5,69846,Diesel,Automatic,first,1035500,Mahindra Xuv 300,kaggle_market,10.36
Maruti Suzuki,Alto-800,2015,11,150000,Petrol,Automatic,second,161500,Maruti Suzuki Alto-800,kaggle_market,1.62
Hyundai,Creta,2018,8,95000,Diesel,Manual,first,854050,Hyundai Creta,kaggle_market,8.54
Mercedes-Benz,Glc Class,2021,5,28000,Diesel,Automatic,first,6507500,Mercedes-Benz Glc Class,kaggle_market,65.08
Maruti Suzuki,Alto-800,2019,7,26000,Petrol,Manual,first,313500,Maruti Suzuki Alto-800,kaggle_market,3.14
Toyota,Corolla Altis,2012,14,115000,Diesel,Manual,second,394250,Toyota Corolla Altis,kaggle_market,3.94
Maruti Suzuki,Grand Vitara,2021,5,31000,Petrol,Manual,first,707750,Maruti Suzuki Grand Vitara,kaggle_market,7.08
Tata,Tiago,2018,8,77400,Diesel,Manual,first,470250,Tata Tiago,kaggle_market,4.7
Mercedes-Benz,Gla,2016,10,35300,Diesel,Automatic,second,1781250,Mercedes-Benz Gla,kaggle_market,17.81
Mahindra,Marazzo,2020,6,52000,Diesel,Automatic,first,902500,Mahindra Marazzo,kaggle_market,9.02
Ford,Endeavour,2018,8,49000,Diesel,Automatic,first,2365500,Ford Endeavour,kaggle_market,23.66
Maruti Suzuki,Swift,2017,9,72000,Petrol,Manual,second,513000,Maruti Suzuki Swift,kaggle_market,5.13
Maruti Suzuki,Alto,2005,21,250000,Petrol,Manual,second,71250,Maruti Suzuki Alto,kaggle_market,0.71
Toyota,Innova,2011,15,105000,Diesel,Manual,second,399950,Toyota Innova,kaggle_market,4.0
Maruti Suzuki,Celerio,2018,8,54553,Petrol,Manual,second,308750,Maruti Suzuki Celerio,kaggle_market,3.09
Kia,Sonet,2021,5,77000,Diesel,Manual,first,1093450,Kia Sonet,kaggle_market,10.93
Tata,Nexon,2022,4,55000,Diesel,Automatic,first,1225500,Tata Nexon,kaggle_market,12.26
Mercedes-Benz,A-Class Limousine,2023,3,15000,Diesel,Automatic,first,3610000,Mercedes-Benz A-Class Limousine,kaggle_market,36.1
Toyota,Innova Crysta,2017,9,99000,Diesel,Manual,second,1781250,Toyota Innova Crysta,kaggle_market,17.81
Maruti Suzuki,Ciaz,2016,10,114000,Petrol,Manual,first,474050,Maruti Suzuki Ciaz,kaggle_market,4.74
Chevrolet,Sail,2016,10,120000,Diesel,Manual,second,232750,Chevrolet Sail,kaggle_market,2.33
Mahindra,Xylo,2015,11,123000,Diesel,Manual,second,688750,Mahindra Xylo,kaggle_market,6.89
Honda,Crv,2010,16,94000,Petrol,Automatic,second,451250,Honda Crv,kaggle_market,4.51
Renault,Duster,2014,12,96500,Diesel,Manual,second,256500,Renault Duster,kaggle_market,2.56
Mercedes-Benz,C-Class,2020,6,29000,Diesel,Automatic,second,3800000,Mercedes-Benz C-Class,kaggle_market,38.0
Kia,Sonet,2022,4,26793,Petrol,Manual,first,779950,Kia Sonet,kaggle_market,7.8
Honda,Jazz,2017,9,52639,Petrol,Automatic,first,450300,Honda Jazz,kaggle_market,4.5
Tata,Harrier,2023,3,7500,Diesel,Manual,first,1591250,Tata Harrier,kaggle_market,15.91
Bmw,5 Series,2012,14,50000,Diesel,Automatic,first,1187500,Bmw 5 Series,kaggle_market,11.88
Maruti Suzuki,Wagon-R,2004,22,110000,Petrol,Manual,second,95000,Maruti Suzuki Wagon-R,kaggle_market,0.95
Skoda,Rapid,2013,13,107316,Diesel,Manual,first,413250,Skoda Rapid,kaggle_market,4.13
Toyota,Corolla,2006,20,114831,Petrol,Automatic,second,213750,Toyota Corolla,kaggle_market,2.14
Mahindra,Xuv500,2016,10,80000,Diesel,Manual,second,427500,Mahindra Xuv500,kaggle_market,4.28
Maruti Suzuki,Omni,2011,15,55000,Petrol,Manual,second,242250,Maruti Suzuki Omni,kaggle_market,2.42
Tata,Nexon,2018,8,98000,Diesel,Manual,first,498750,Tata Nexon,kaggle_market,4.99
Ford,Endeavour,2018,8,93000,Diesel,Automatic,first,1899050,Ford Endeavour,kaggle_market,18.99
Bmw,X3,2017,9,156000,Diesel,Automatic,first,1900000,Bmw X3,kaggle_market,19.0
Tata,Altroz,2021,5,27999,Petrol,Manual,first,627000,Tata Altroz,kaggle_market,6.27
Maruti Suzuki,S-Presso,2020,6,19000,Petrol,Automatic,first,460750,Maruti Suzuki S-Presso,kaggle_market,4.61
Tata,Tiago,2021,5,25000,Petrol,Automatic,first,617500,Tata Tiago,kaggle_market,6.18
Kia,Seltos,2021,5,43123,Petrol,Automatic,first,1372750,Kia Seltos,kaggle_market,13.73
Mercedes-Benz,Gla,2016,10,57000,Diesel,Automatic,first,1225500,Mercedes-Benz Gla,kaggle_market,12.26
Hyundai,Santro Xing,2010,16,84500,Petrol,Manual,second,171000,Hyundai Santro Xing,kaggle_market,1.71
Kia,Carens,2022,4,39000,Diesel,Manual,second,1282500,Kia Carens,kaggle_market,12.82
Maruti Suzuki,Celerio,2017,9,47000,Petrol,Manual,second,370500,Maruti Suzuki Celerio,kaggle_market,3.7
Maruti Suzuki,Vitara-Brezza,2018,8,72000,Diesel,Manual,first,546250,Maruti Suzuki Vitara-Brezza,kaggle_market,5.46
Maruti Suzuki,Ritz,2016,10,128069,Diesel,Manual,first,308750,Maruti Suzuki Ritz,kaggle_market,3.09
Hyundai,I20 Active,2015,11,47000,Diesel,Manual,first,617499,Hyundai I20 Active,kaggle_market,6.17
Hyundai,Creta,2023,3,70000,Diesel,Automatic,first,1710000,Hyundai Creta,kaggle_market,17.1
Renault,Kwid,2016,10,17000,Petrol,Manual,second,280250,Renault Kwid,kaggle_market,2.8
Honda,City,2010,16,126000,Petrol,Manual,second,356250,Honda City,kaggle_market,3.56
Maruti Suzuki,Wagon-R,2012,14,83000,Petrol,Manual,second,199500,Maruti Suzuki Wagon-R,kaggle_market,2.0
Maruti Suzuki,Swift,2016,10,47884,Petrol,Manual,first,427500,Maruti Suzuki Swift,kaggle_market,4.28
Land Rover,Range Rover Sport,2019,7,64000,Diesel,Automatic,first,7505000,Land Rover Range Rover Sport,kaggle_market,75.05
Kia,Carnival,2021,5,23000,Diesel,Automatic,first,2560250,Kia Carnival,kaggle_market,25.6
Toyota,Fortuner,2021,5,31500,Diesel,Automatic,first,3514050,Toyota Fortuner,kaggle_market,35.14
Maruti Suzuki,Baleno,2019,7,65000,Petrol,Automatic,second,555750,Maruti Suzuki Baleno,kaggle_market,5.56
Maruti Suzuki,Swift-Dzire,2015,11,87419,Petrol,Manual,second,494000,Maruti Suzuki Swift-Dzire,kaggle_market,4.94
Hyundai,Grand I10,2018,8,65000,Diesel,Manual,first,422750,Hyundai Grand I10,kaggle_market,4.23
Volkswagen,Ventotest,2015,11,69000,Petrol,Automatic,second,498750,Volkswagen Ventotest,kaggle_market,4.99
Maruti Suzuki,Wagon-R,2009,17,90000,Petrol,Manual,second,114000,Maruti Suzuki Wagon-R,kaggle_market,1.14
Audi,A6,2021,5,8000,Petrol,Automatic,first,5605000,Audi A6,kaggle_market,56.05
Bmw,5 Series,2023,3,7000,Diesel,Automatic,first,6270000,Bmw 5 Series,kaggle_market,62.7
Ford,Ecosport,2016,10,69000,Diesel,Manual,first,474050,Ford Ecosport,kaggle_market,4.74
Maruti Suzuki,Baleno,2023,3,22000,Petrol,Manual,first,892999,Maruti Suzuki Baleno,kaggle_market,8.93
Renault,Duster,2017,9,102500,Diesel,Automatic,second,570000,Renault Duster,kaggle_market,5.7
Maruti Suzuki,Swift,2012,14,112,Diesel,Manual,second,379050,Maruti Suzuki Swift,kaggle_market,3.79
Skoda,Octavia,2014,12,78000,Diesel,Automatic,second,579500,Skoda Octavia,kaggle_market,5.8
Land Rover,Range Rover Velar,2020,6,54000,Petrol,Automatic,second,7125000,Land Rover Range Rover Velar,kaggle_market,71.25
Toyota,Innova Crysta,2017,9,35000,Diesel,Automatic,second,2375000,Toyota Innova Crysta,kaggle_market,23.75
Hyundai,Elite I20,2017,9,40000,Petrol,Manual,first,426550,Hyundai Elite I20,kaggle_market,4.27
Hyundai,Elantra,2015,11,70000,Petrol,Automatic,second,546250,Hyundai Elantra,kaggle_market,5.46
Maruti Suzuki,Swift-Dzire,2011,15,103000,Petrol,Manual,second,280250,Maruti Suzuki Swift-Dzire,kaggle_market,2.8
Hyundai,Creta,2018,8,57000,Petrol,Automatic,first,1021250,Hyundai Creta,kaggle_market,10.21
Honda,City,2009,17,120000,Petrol,Manual,second,213750,Honda City,kaggle_market,2.14
Chevrolet,Cruze,2014,12,60000,Diesel,Automatic,second,427500,Chevrolet Cruze,kaggle_market,4.28
Chevrolet,Optrasrv,2006,20,90000,Petrol,Manual,second,141550,Chevrolet Optrasrv,kaggle_market,1.42
Maruti Suzuki,Baleno,2017,9,57000,Diesel,Manual,first,617500,Maruti Suzuki Baleno,kaggle_market,6.18
Hyundai,Creta,2020,6,75000,Diesel,Automatic,second,1591250,Hyundai Creta,kaggle_market,15.91
Hyundai,Grand I10 Nios,2020,6,62000,Petrol,Manual,first,551000,Hyundai Grand I10 Nios,kaggle_market,5.51
Mercedes-Benz,C Class,2019,7,9000,Petrol,Automatic,first,3325000,Mercedes-Benz C Class,kaggle_market,33.25
Tata,Nexon,2018,8,76209,Petrol,Automatic,second,632700,Tata Nexon,kaggle_market,6.33
Volkswagen,Passat,2019,7,70450,Diesel,Automatic,first,2090000,Volkswagen Passat,kaggle_market,20.9
Mahindra,Xuv700,2022,4,13000,Petrol,Automatic,first,2042500,Mahindra Xuv700,kaggle_market,20.42
Hyundai,Creta,2022,4,38000,Petrol,Manual,first,1116250,Hyundai Creta,kaggle_market,11.16
Audi,A3,2015,11,44000,Diesel,Automatic,first,1586500,Audi A3,kaggle_market,15.86
Skoda,Kushaq,2021,5,8600,Petrol,Automatic,first,1615000,Skoda Kushaq,kaggle_market,16.15
Hyundai,I10,2011,15,85000,Petrol,Manual,second,285000,Hyundai I10,kaggle_market,2.85
Bmw,3 Series Gt,2018,8,70000,Diesel,Automatic,first,1985500,Bmw 3 Series Gt,kaggle_market,19.86
Hyundai,Verna,2016,10,60000,Diesel,Automatic,first,517750,Hyundai Verna,kaggle_market,5.18
Toyota,Innova,2015,11,150000,Diesel,Manual,first,926250,Toyota Innova,kaggle_market,9.26
Toyota,Etios,2016,10,119830,Diesel,Manual,second,508250,Toyota Etios,kaggle_market,5.08
Audi,2.9 Sportback,2018,8,44000,Petrol,Automatic,second,7125000,Audi 2.9 Sportback,kaggle_market,71.25
Maruti Suzuki,Swift-Dzire,2020,6,64000,Petrol,Automatic,first,745750,Maruti Suzuki Swift-Dzire,kaggle_market,7.46
Audi,Q5,2014,12,95000,Diesel,Automatic,first,798000,Audi Q5,kaggle_market,7.98
Mahindra,Xuv500,2015,11,98000,Diesel,Manual,second,617500,Mahindra Xuv500,kaggle_market,6.18
Toyota,Fortuner,2018,8,120000,Diesel,Automatic,second,3230000,Toyota Fortuner,kaggle_market,32.3
Hyundai,Grand I10 Nios,2023,3,10000,Petrol,Automatic,first,736250,Hyundai Grand I10 Nios,kaggle_market,7.36
Skoda,Superb,2021,5,62000,Petrol,Automatic,second,2303750,Skoda Superb,kaggle_market,23.04
Maruti Suzuki,Swift-Dzire,2017,9,76000,Petrol,Automatic,second,589000,Maruti Suzuki Swift-Dzire,kaggle_market,5.89
Hyundai,New I20,2022,4,21000,Petrol,Manual,first,817000,Hyundai New I20,kaggle_market,8.17
Renault,Kwid,2019,7,49600,Petrol,Automatic,first,350550,Renault Kwid,kaggle_market,3.51
Maruti Suzuki,Ignis,2021,5,14607,Petrol,Automatic,first,567150,Maruti Suzuki Ignis,kaggle_market,5.67
Land Rover,Discovery Sport,2015,11,75000,Diesel,Automatic,first,1900000,Land Rover Discovery Sport,kaggle_market,19.0
Honda,City,2010,16,74000,Petrol,Manual,second,228000,Honda City,kaggle_market,2.28
Hyundai,Creta,2020,6,90000,Diesel,Manual,second,1068750,Hyundai Creta,kaggle_market,10.69
Ford,Aspire,2019,7,61000,Diesel,Manual,first,451250,Ford Aspire,kaggle_market,4.51
Maruti Suzuki,Vitara-Brezza,2019,7,61000,Diesel,Automatic,second,802750,Maruti Suzuki Vitara-Brezza,kaggle_market,8.03
Hyundai,Grand I10,2015,11,92000,Diesel,Manual,second,427500,Hyundai Grand I10,kaggle_market,4.28
Honda,City,2014,12,90000,Diesel,Manual,second,465500,Honda City,kaggle_market,4.66
Maruti Suzuki,Alto-K10,2019,7,53000,Petrol,Automatic,first,375250,Maruti Suzuki Alto-K10,kaggle_market,3.75
Honda,Jazz,2012,14,70000,Petrol,Manual,second,332500,Honda Jazz,kaggle_market,3.32
Toyota,Fortuner,2013,13,113000,Diesel,Automatic,second,902500,Toyota Fortuner,kaggle_market,9.02
Toyota,Fortuner,2014,12,75000,Diesel,Automatic,second,1140000,Toyota Fortuner,kaggle_market,11.4
Mercedes-Benz,S-Class,2015,11,45000,Diesel,Automatic,second,3895000,Mercedes-Benz S-Class,kaggle_market,38.95
Toyota,Innova,2011,15,165000,Diesel,Manual,second,926250,Toyota Innova,kaggle_market,9.26
Maruti Suzuki,Alto-800,2013,13,59000,Petrol,Manual,second,208999,Maruti Suzuki Alto-800,kaggle_market,2.09
Maruti Suzuki,Alto-K10,2015,11,15000,Petrol,Automatic,second,342000,Maruti Suzuki Alto-K10,kaggle_market,3.42
Ford,Ecosport,2017,9,79840,Diesel,Manual,first,489250,Ford Ecosport,kaggle_market,4.89
Hyundai,I10,2013,13,42500,Petrol,Automatic,first,318250,Hyundai I10,kaggle_market,3.18
Maruti Suzuki,Celerio,2017,9,85000,Petrol,Automatic,first,432250,Maruti Suzuki Celerio,kaggle_market,4.32
Maruti Suzuki,Alto-800,2014,12,115000,Petrol,Manual,second,171000,Maruti Suzuki Alto-800,kaggle_market,1.71
Toyota,Fortuner,2019,7,85000,Diesel,Automatic,first,2993450,Toyota Fortuner,kaggle_market,29.93
Toyota,Innova Crysta,2020,6,72000,Diesel,Automatic,first,2066250,Toyota Innova Crysta,kaggle_market,20.66
Maruti Suzuki,Swift,2021,5,73086,Petrol,Manual,first,598500,Maruti Suzuki Swift,kaggle_market,5.98
Honda,Amaze,2015,11,40000,Diesel,Manual,second,456950,Honda Amaze,kaggle_market,4.57
Ford,Ecosport,2016,10,68000,Diesel,Manual,first,474050,Ford Ecosport,kaggle_market,4.74
Hyundai,I10,2010,16,60000,Petrol,Automatic,second,261250,Hyundai I10,kaggle_market,2.61
Ford,Figo,2013,13,108000,Diesel,Manual,second,180500,Ford Figo,kaggle_market,1.8
Maruti Suzuki,Sx4,2010,16,74000,Petrol,Manual,second,313500,Maruti Suzuki Sx4,kaggle_market,3.14
Maruti Suzuki,Wagon-R,2016,10,45000,Petrol,Automatic,first,284050,Maruti Suzuki Wagon-R,kaggle_market,2.84
Hyundai,Creta,2021,5,36046,Petrol,Automatic,first,1389850,Hyundai Creta,kaggle_market,13.9
Maruti Suzuki,Wagon-R,2009,17,225000,Petrol,Manual,second,199500,Maruti Suzuki Wagon-R,kaggle_market,2.0
Honda,Amaze,2019,7,44199,Petrol,Automatic,first,603250,Honda Amaze,kaggle_market,6.03
Mercedes-Benz,C-Class,2017,9,43000,Diesel,Automatic,first,2517500,Mercedes-Benz C-Class,kaggle_market,25.18
Maruti Suzuki,Baleno,2018,8,32000,Petrol,Manual,first,650750,Maruti Suzuki Baleno,kaggle_market,6.51
Maruti Suzuki,Baleno-Rs,2020,6,45000,Petrol,Manual,first,902500,Maruti Suzuki Baleno-Rs,kaggle_market,9.02
Land Rover,Discovery,2019,7,87000,Diesel,Automatic,second,2565000,Land Rover Discovery,kaggle_market,25.65
Maruti Suzuki,Swift-Dzire,2015,11,88000,Diesel,Manual,second,323000,Maruti Suzuki Swift-Dzire,kaggle_market,3.23
Renault,Captur,2019,7,46231,Diesel,Manual,second,617500,Renault Captur,kaggle_market,6.18
Maruti Suzuki,Wagon-R,2019,7,53000,Petrol,Automatic,first,465500,Maruti Suzuki Wagon-R,kaggle_market,4.66
Mercedes-Benz,C-Class,2017,9,27230,Diesel,Automatic,second,3158750,Mercedes-Benz C-Class,kaggle_market,31.59
Hyundai,Grand I10,2014,12,92000,Petrol,Manual,second,304000,Hyundai Grand I10,kaggle_market,3.04
Chevrolet,Cruze,2010,16,70000,Diesel,Automatic,second,287850,Chevrolet Cruze,kaggle_market,2.88
Toyota,Innova Crysta,2019,7,55000,Diesel,Automatic,first,2033000,Toyota Innova Crysta,kaggle_market,20.33
Mahindra,Ssangyong-Rexton,2014,12,91000,Diesel,Manual,second,555750,Mahindra Ssangyong-Rexton,kaggle_market,5.56
Skoda,Rapid,2016,10,88888,Petrol,Automatic,second,337250,Skoda Rapid,kaggle_market,3.37
Volkswagen,Polo,2013,13,61000,Diesel,Manual,second,275500,Volkswagen Polo,kaggle_market,2.76
Land Rover,Range Rover Evoque,2013,13,113000,Diesel,Automatic,second,1890500,Land Rover Range Rover Evoque,kaggle_market,18.9
Toyota,Innova,2010,16,230000,Diesel,Manual,second,688750,Toyota Innova,kaggle_market,6.89
Chevrolet,Cruze,2015,11,65000,Diesel,Automatic,second,460750,Chevrolet Cruze,kaggle_market,4.61
Maruti Suzuki,Maruti-Suzuki-Dzire,2016,10,115000,Diesel,Automatic,first,523450,Maruti Suzuki Maruti-Suzuki-Dzire,kaggle_market,5.23
Ford,Endeavour,2011,15,96000,Diesel,Automatic,second,333450,Ford Endeavour,kaggle_market,3.33
Bmw,3 Series Gt,2016,10,97000,Diesel,Automatic,first,1520000,Bmw 3 Series Gt,kaggle_market,15.2
Honda,Amaze,2015,11,46000,Petrol,Automatic,second,331550,Honda Amaze,kaggle_market,3.32
Chevrolet,Cruze,2011,15,97000,Diesel,Automatic,second,389500,Chevrolet Cruze,kaggle_market,3.9
Maruti Suzuki,Alto-800,2016,10,61000,Petrol,Manual,second,218500,Maruti Suzuki Alto-800,kaggle_market,2.18
Honda,City,2016,10,38000,Diesel,Manual,first,736250,Honda City,kaggle_market,7.36
Maruti Suzuki,Alto-800,2013,13,76000,Petrol,Manual,second,269800,Maruti Suzuki Alto-800,kaggle_market,2.7
Hyundai,Santa Fe,2016,10,94000,Diesel,Automatic,second,707750,Hyundai Santa Fe,kaggle_market,7.08
Volkswagen,Polo,2017,9,60000,Diesel,Manual,second,703000,Volkswagen Polo,kaggle_market,7.03
Tata,Nano,2010,16,9167,Petrol,Manual,first,52250,Tata Nano,kaggle_market,0.52
Bmw,7 Series,2015,11,20000,Diesel,Automatic,first,3515000,Bmw 7 Series,kaggle_market,35.15
Ford,Endeavour,2016,10,88500,Diesel,Automatic,second,1505750,Ford Endeavour,kaggle_market,15.06
Honda,Accord,2012,14,86000,Petrol,Automatic,second,370500,Honda Accord,kaggle_market,3.7
Hyundai,I10,2012,14,29000,Petrol,Manual,second,189999,Hyundai I10,kaggle_market,1.9
Honda,Amaze,2019,7,19000,Petrol,Automatic,first,660250,Honda Amaze,kaggle_market,6.6
Skoda,Rapid,2013,13,69000,Diesel,Manual,first,332499,Skoda Rapid,kaggle_market,3.32
Maruti Suzuki,Ertiga,2016,10,59000,Diesel,Manual,second,779000,Maruti Suzuki Ertiga,kaggle_market,7.79
Maruti Suzuki,Swift,2024,2,19000,Petrol,Manual,first,691600,Maruti Suzuki Swift,kaggle_market,6.92
Toyota,Innova,2015,11,177000,Diesel,Manual,first,546250,Toyota Innova,kaggle_market,5.46
Skoda,Kodiaq,2023,3,15000,Petrol,Automatic,first,3990000,Skoda Kodiaq,kaggle_market,39.9
Mg,Hector Plus,2023,3,42500,Petrol,Automatic,first,1757500,Mg Hector Plus,kaggle_market,17.58
Maruti Suzuki,Baleno,2019,7,251174,Diesel,Automatic,first,95000,Maruti Suzuki Baleno,kaggle_market,0.95
Maruti Suzuki,Wagon-R,2019,7,19000,Petrol,Manual,first,498750,Maruti Suzuki Wagon-R,kaggle_market,4.99
Renault,Triber,2021,5,18000,Petrol,Automatic,second,522500,Renault Triber,kaggle_market,5.22
Maruti Suzuki,Vitara-Brezza,2022,4,30000,Petrol,Manual,first,902500,Maruti Suzuki Vitara-Brezza,kaggle_market,9.02
Maruti Suzuki,Swift,2018,8,80000,Petrol,Automatic,first,474999,Maruti Suzuki Swift,kaggle_market,4.75
Honda,City,2016,10,71000,Petrol,Automatic,second,522499,Honda City,kaggle_market,5.22
Ford,Figo,2015,11,63500,Petrol,Manual,first,232749,Ford Figo,kaggle_market,2.33
Maruti Suzuki,Ignis,2022,4,8000,Petrol,Automatic,second,635550,Maruti Suzuki Ignis,kaggle_market,6.36
Hyundai,Getz,2005,21,50000,Petrol,Manual,second,64600,Hyundai Getz,kaggle_market,0.65
Skoda,Slavia,2022,4,14000,Petrol,Automatic,first,1596000,Skoda Slavia,kaggle_market,15.96
Hyundai,I10,2011,15,20198,Petrol,Manual,first,166250,Hyundai I10,kaggle_market,1.66
Maruti Suzuki,Grand Vitara,2023,3,17000,Petrol,Manual,first,1420250,Maruti Suzuki Grand Vitara,kaggle_market,14.2
Ford,Figo,2016,10,44000,Petrol,Automatic,second,427500,Ford Figo,kaggle_market,4.28
Maruti Suzuki,Ritz,2012,14,70000,Diesel,Manual,second,327750,Maruti Suzuki Ritz,kaggle_market,3.28
Toyota,Innova,2014,12,225000,Diesel,Manual,second,522500,Toyota Innova,kaggle_market,5.22
Mahindra,Jeep,1999,27,78000,Diesel,Manual,second,76000,Mahindra Jeep,kaggle_market,0.76
Maruti Suzuki,Ignis,2018,8,40200,Petrol,Manual,second,522500,Maruti Suzuki Ignis,kaggle_market,5.22
Volkswagen,Polo,2017,9,77948,Diesel,Manual,second,522499,Volkswagen Polo,kaggle_market,5.22
Honda,City,2021,5,62000,Petrol,Automatic,first,997500,Honda City,kaggle_market,9.98
Maruti Suzuki,Maruti-Suzuki-Dzire,2010,16,118979,Diesel,Manual,first,190000,Maruti Suzuki Maruti-Suzuki-Dzire,kaggle_market,1.9
Tata,Harrier,2023,3,10000,Diesel,Automatic,first,2565000,Tata Harrier,kaggle_market,25.65
Mercedes-Benz,M-Class,2013,13,130000,Diesel,Automatic,second,1795500,Mercedes-Benz M-Class,kaggle_market,17.95
Mahindra,Bolero,2015,11,115217,Diesel,Manual,first,736250,Mahindra Bolero,kaggle_market,7.36
Hyundai,Tucson,2019,7,42000,Petrol,Automatic,first,1553250,Hyundai Tucson,kaggle_market,15.53
Maruti Suzuki,Celerio,2014,12,50000,Petrol,Automatic,second,332500,Maruti Suzuki Celerio,kaggle_market,3.32
Honda,Civic,2010,16,72000,Petrol,Manual,second,283100,Honda Civic,kaggle_market,2.83
Hyundai,I20,2017,9,70000,Diesel,Manual,first,484500,Hyundai I20,kaggle_market,4.84
Jeep,Compass,2017,9,45000,Diesel,Manual,first,1187500,Jeep Compass,kaggle_market,11.88
Mahindra,Bolero Power Plus,2013,13,180000,Diesel,Automatic,second,332500,Mahindra Bolero Power Plus,kaggle_market,3.32
Mahindra,Xuv500,2018,8,46000,Diesel,Manual,second,826500,Mahindra Xuv500,kaggle_market,8.26
Maruti Suzuki,Swift-Dzire,2013,13,57500,Petrol,Manual,first,541500,Maruti Suzuki Swift-Dzire,kaggle_market,5.42
Mahindra,Rexton,2014,12,85000,Diesel,Automatic,second,522500,Mahindra Rexton,kaggle_market,5.22
Ford,Mustang,2017,9,24000,Petrol,Automatic,first,7790000,Ford Mustang,kaggle_market,77.9
Honda,Cr-V,2019,7,129000,Petrol,Automatic,second,1710000,Honda Cr-V,kaggle_market,17.1
Maruti Suzuki,Eeco,2022,4,80000,Petrol,Manual,first,237500,Maruti Suzuki Eeco,kaggle_market,2.38
Maruti Suzuki,Wagon R 1.0,2016,10,65000,Petrol,Automatic,second,437000,Maruti Suzuki Wagon R 1.0,kaggle_market,4.37
Honda,Amaze,2019,7,51000,Petrol,Manual,first,546250,Honda Amaze,kaggle_market,5.46
Honda,Brio,2012,14,60000,Petrol,Manual,second,266000,Honda Brio,kaggle_market,2.66
Ford,Endeavour,2018,8,74000,Diesel,Automatic,first,2517500,Ford Endeavour,kaggle_market,25.18
Maruti Suzuki,Alto-K10,2014,12,57862,Petrol,Manual,second,273600,Maruti Suzuki Alto-K10,kaggle_market,2.74
Hyundai,Eon,2015,11,89000,Petrol,Manual,second,247000,Hyundai Eon,kaggle_market,2.47
Maruti Suzuki,Swift,2021,5,63946,Petrol,Automatic,first,584250,Maruti Suzuki Swift,kaggle_market,5.84
Audi,A6,2014,12,66000,Diesel,Automatic,first,845500,Audi A6,kaggle_market,8.46
Hyundai,Verna,2023,3,15000,Petrol,Automatic,first,1662500,Hyundai Verna,kaggle_market,16.62
Mercedes-Benz,M-Class,2015,11,73000,Diesel,Automatic,second,1876250,Mercedes-Benz M-Class,kaggle_market,18.76
Maruti Suzuki,Eeco,2016,10,12500,Petrol,Manual,first,393300,Maruti Suzuki Eeco,kaggle_market,3.93
Hyundai,Creta,2017,9,77971,Diesel,Manual,first,726750,Hyundai Creta,kaggle_market,7.27
Nissan,Micra,2018,8,67000,Petrol,Manual,first,427500,Nissan Micra,kaggle_market,4.28
Honda,City,2014,12,65000,Petrol,Automatic,first,380000,Honda City,kaggle_market,3.8
Maruti Suzuki,Vitara-Brezza,2017,9,55000,Diesel,Manual,second,399000,Maruti Suzuki Vitara-Brezza,kaggle_market,3.99
Audi,A4,2011,15,78000,Diesel,Automatic,second,750500,Audi A4,kaggle_market,7.5
Volkswagen,Polo,2019,7,76832,Petrol,Automatic,second,897750,Volkswagen Polo,kaggle_market,8.98
Hyundai,Alcazar,2021,5,28987,Diesel,Automatic,first,1615000,Hyundai Alcazar,kaggle_market,16.15
Hyundai,Creta,2017,9,55000,Petrol,Automatic,second,826500,Hyundai Creta,kaggle_market,8.26
Toyota,Etios Liva,2014,12,100080,Diesel,Manual,second,389500,Toyota Etios Liva,kaggle_market,3.9
Toyota,Innova Crysta,2016,10,142000,Diesel,Automatic,second,1315750,Toyota Innova Crysta,kaggle_market,13.16
Hyundai,Eon,2018,8,80000,Petrol,Automatic,second,104500,Hyundai Eon,kaggle_market,1.04
Hyundai,Verna,2015,11,42500,Petrol,Automatic,second,593750,Hyundai Verna,kaggle_market,5.94
Maruti Suzuki,Sx4,2010,16,60000,Petrol,Automatic,first,166250,Maruti Suzuki Sx4,kaggle_market,1.66
Maruti Suzuki,Celerio,2017,9,53000,Petrol,Automatic,first,470250,Maruti Suzuki Celerio,kaggle_market,4.7
Maruti Suzuki,Celerio,2018,8,85000,Petrol,Manual,second,361000,Maruti Suzuki Celerio,kaggle_market,3.61
Honda,City,2011,15,78000,Petrol,Manual,second,199500,Honda City,kaggle_market,2.0
Mercedes-Benz,E-Class,2012,14,49000,Diesel,Automatic,second,940500,Mercedes-Benz E-Class,kaggle_market,9.4
Honda,City,2014,12,99939,Petrol,Manual,second,323000,Honda City,kaggle_market,3.23
Maruti Suzuki,Zen-Estilo,2010,16,45078,Petrol,Manual,first,128250,Maruti Suzuki Zen-Estilo,kaggle_market,1.28
Tata,Nano,2016,10,36000,Petrol,Manual,first,171000,Tata Nano,kaggle_market,1.71
Mg,Hector,2020,6,48000,Petrol,Automatic,first,1358500,Mg Hector,kaggle_market,13.58
Maruti Suzuki,Baleno,2016,10,64000,Petrol,Automatic,second,536750,Maruti Suzuki Baleno,kaggle_market,5.37
Hyundai,Venue,2020,6,46462,Petrol,Manual,first,673550,Hyundai Venue,kaggle_market,6.74
Hyundai,Alcazar,2017,9,15000,Petrol,Automatic,first,1800250,Hyundai Alcazar,kaggle_market,18.0
Tata,Indica,2014,12,164278,Diesel,Manual,second,104500,Tata Indica,kaggle_market,1.04
Mercedes-Benz,Gla Class,2018,8,39507,Petrol,Automatic,first,1828750,Mercedes-Benz Gla Class,kaggle_market,18.29
Jeep,Compass,2021,5,46000,Diesel,Automatic,first,2089050,Jeep Compass,kaggle_market,20.89
Maruti Suzuki,Swift-Dzire,2016,10,61620,Diesel,Manual,first,441750,Maruti Suzuki Swift-Dzire,kaggle_market,4.42
Volkswagen,Ventotest,2013,13,44000,Petrol,Automatic,first,356250,Volkswagen Ventotest,kaggle_market,3.56
Renault,Kwid,2021,5,28000,Petrol,Manual,second,356250,Renault Kwid,kaggle_market,3.56
Toyota,Glanza,2020,6,84450,Petrol,Manual,second,590900,Toyota Glanza,kaggle_market,5.91
Hyundai,Verna,2011,15,148000,Petrol,Automatic,second,275500,Hyundai Verna,kaggle_market,2.76
Honda,Mobilio,2015,11,20000,Petrol,Manual,first,451250,Honda Mobilio,kaggle_market,4.51
Bmw,5 Series,2019,7,48000,Diesel,Automatic,second,3562500,Bmw 5 Series,kaggle_market,35.62
Lexus,Nx,2018,8,28000,Petrol,Automatic,first,5367500,Lexus Nx,kaggle_market,53.68
Volkswagen,Ventotest,2017,9,53000,Petrol,Automatic,second,464550,Volkswagen Ventotest,kaggle_market,4.65
Skoda,Rapid,2016,10,50000,Petrol,Automatic,first,475000,Skoda Rapid,kaggle_market,4.75
Mahindra,Thar,2021,5,22000,Petrol,Automatic,first,1306250,Mahindra Thar,kaggle_market,13.06
Maruti Suzuki,Swift-Dzire,2015,11,59200,Petrol,Manual,second,403750,Maruti Suzuki Swift-Dzire,kaggle_market,4.04
Bmw,5 Series,2022,4,11000,Diesel,Automatic,first,7410000,Bmw 5 Series,kaggle_market,74.1
Mahindra,Bolero,2015,11,91000,Diesel,Manual,second,361000,Mahindra Bolero,kaggle_market,3.61
Ford,Ecosport,2020,6,51000,Petrol,Automatic,first,831250,Ford Ecosport,kaggle_market,8.31
Renault,Kwid,2018,8,50743,Petrol,Manual,first,300200,Renault Kwid,kaggle_market,3.0
Audi,A4,2016,10,55500,Diesel,Automatic,second,2137500,Audi A4,kaggle_market,21.38
Maruti Suzuki,Alto,2010,16,89000,Petrol,Manual,second,141550,Maruti Suzuki Alto,kaggle_market,1.42
Toyota,Innova Crysta,2017,9,90000,Petrol,Automatic,first,1258750,Toyota Innova Crysta,kaggle_market,12.59
Volkswagen,Polo,2014,12,60000,Diesel,Manual,second,316350,Volkswagen Polo,kaggle_market,3.16
Tata,Harrier,2021,5,40000,Diesel,Manual,second,1026000,Tata Harrier,kaggle_market,10.26
Maruti Suzuki,Omni,2008,18,87913,Petrol,Manual,second,90250,Maruti Suzuki Omni,kaggle_market,0.9
Toyota,Innova,2015,11,132000,Diesel,Manual,second,817000,Toyota Innova,kaggle_market,8.17
Maruti Suzuki,Celerio,2014,12,95000,Petrol,Automatic,second,361000,Maruti Suzuki Celerio,kaggle_market,3.61
Bmw,3 Series,2018,8,98500,Diesel,Automatic,second,2280000,Bmw 3 Series,kaggle_market,22.8
Ford,Free Style,2020,6,41000,Petrol,Manual,second,427500,Ford Free Style,kaggle_market,4.28
Renault,Duster,2014,12,176000,Diesel,Manual,second,441750,Renault Duster,kaggle_market,4.42
Bmw,5 Series,2018,8,60000,Diesel,Automatic,first,4465000,Bmw 5 Series,kaggle_market,44.65
Mahindra,Xuv500,2012,14,88500,Diesel,Manual,second,460750,Mahindra Xuv500,kaggle_market,4.61
Mitsubishi,Pajero Sport,2015,11,87000,Diesel,Automatic,second,845500,Mitsubishi Pajero Sport,kaggle_market,8.46
Maruti Suzuki,Baleno,2016,10,129000,Diesel,Manual,first,593750,Maruti Suzuki Baleno,kaggle_market,5.94
Maruti Suzuki,Sx4,2011,15,45000,Diesel,Manual,first,200450,Maruti Suzuki Sx4,kaggle_market,2.0
Maruti Suzuki,Wagon-R,2010,16,75198,Petrol,Manual,first,171000,Maruti Suzuki Wagon-R,kaggle_market,1.71
Maruti Suzuki,Baleno,2020,6,18100,Petrol,Manual,first,617500,Maruti Suzuki Baleno,kaggle_market,6.18
Hyundai,Alcazar,2022,4,41000,Diesel,Automatic,first,1496250,Hyundai Alcazar,kaggle_market,14.96
Mahindra,Scorpio,2015,11,74749,Diesel,Manual,first,627950,Mahindra Scorpio,kaggle_market,6.28
Mahindra,Xuv500,2015,11,55000,Diesel,Manual,second,711550,Mahindra Xuv500,kaggle_market,7.12
Volkswagen,Polo,2013,13,69000,Diesel,Manual,second,375250,Volkswagen Polo,kaggle_market,3.75
Honda,City Zx,2018,8,83568,Diesel,Manual,second,807500,Honda City Zx,kaggle_market,8.07
Bmw,7 Series,2014,12,107000,Diesel,Automatic,second,2660000,Bmw 7 Series,kaggle_market,26.6
Maruti Suzuki,Ertiga,2012,14,110000,Diesel,Automatic,second,612750,Maruti Suzuki Ertiga,kaggle_market,6.13
Maruti Suzuki,A-Star,2009,17,56000,Petrol,Manual,second,242250,Maruti Suzuki A-Star,kaggle_market,2.42
Hyundai,I10,2010,16,35000,Petrol,Manual,first,204249,Hyundai I10,kaggle_market,2.04
Maruti Suzuki,Baleno,2019,7,37000,Petrol,Automatic,second,712500,Maruti Suzuki Baleno,kaggle_market,7.12
Maruti Suzuki,Swift-Dzire,2016,10,70000,Petrol,Manual,first,546250,Maruti Suzuki Swift-Dzire,kaggle_market,5.46
Skoda,Superb,2011,15,65000,Diesel,Automatic,first,489250,Skoda Superb,kaggle_market,4.89
Maruti Suzuki,Alto K10,2017,9,76443,Petrol,Manual,first,294500,Maruti Suzuki Alto K10,kaggle_market,2.94
Toyota,Yaris,2021,5,30000,Petrol,Automatic,second,855000,Toyota Yaris,kaggle_market,8.55
Honda,City,2017,9,70000,Petrol,Automatic,second,608000,Honda City,kaggle_market,6.08
Honda,Amaze,2020,6,34000,Petrol,Automatic,first,802750,Honda Amaze,kaggle_market,8.03
Kia,Sonet,2023,3,39000,Petrol,Manual,first,821750,Kia Sonet,kaggle_market,8.22
Toyota,Innova Crysta,2019,7,68000,Diesel,Automatic,first,2517500,Toyota Innova Crysta,kaggle_market,25.18
Skoda,Rapid,2015,11,110000,Diesel,Automatic,second,522500,Skoda Rapid,kaggle_market,5.22
Hyundai,Creta,2019,7,98000,Diesel,Automatic,first,807500,Hyundai Creta,kaggle_market,8.07
Audi,A6,2012,14,80000,Diesel,Automatic,first,1092500,Audi A6,kaggle_market,10.92
Mahindra,Xuv500,2018,8,100214,Diesel,Automatic,second,1123850,Mahindra Xuv500,kaggle_market,11.24
Land Rover,Range Rover Velar,2023,3,17000,Petrol,Automatic,first,8540500,Land Rover Range Rover Velar,kaggle_market,85.4
Maruti Suzuki,Alto-800,2015,11,85000,Petrol,Manual,second,171000,Maruti Suzuki Alto-800,kaggle_market,1.71
Hyundai,Creta,2023,3,27000,Petrol,Manual,first,1353750,Hyundai Creta,kaggle_market,13.54
Honda,Amaze,2014,12,61472,Petrol,Manual,second,236550,Honda Amaze,kaggle_market,2.37
Tata,Tiago,2020,6,26000,Petrol,Manual,second,422750,Tata Tiago,kaggle_market,4.23
Renault,Kwid,2017,9,44000,Petrol,Manual,first,280250,Renault Kwid,kaggle_market,2.8
Mercedes-Benz,Gle Class,2016,10,130000,Diesel,Automatic,first,2422500,Mercedes-Benz Gle Class,kaggle_market,24.22
Maruti Suzuki,Swift,2022,4,23000,Petrol,Manual,first,641250,Maruti Suzuki Swift,kaggle_market,6.41
Skoda,Octavia,2018,8,28000,Diesel,Automatic,second,2850000,Skoda Octavia,kaggle_market,28.5
Bmw,3 Series,2013,13,54000,Diesel,Automatic,first,1230250,Bmw 3 Series,kaggle_market,12.3
Honda,Amaze,2016,10,63000,Diesel,Manual,second,489250,Honda Amaze,kaggle_market,4.89
Volkswagen,Ameo,2018,8,85000,Diesel,Manual,first,451250,Volkswagen Ameo,kaggle_market,4.51
Honda,City,2019,7,49000,Petrol,Automatic,first,760000,Honda City,kaggle_market,7.6
Ford,Endeavour,2021,5,82000,Diesel,Manual,first,3301250,Ford Endeavour,kaggle_market,33.01
Maruti Suzuki,Esteem,2006,20,45000,Petrol,Manual,second,76000,Maruti Suzuki Esteem,kaggle_market,0.76
Mahindra,Scorpio-N,2023,3,24000,Diesel,Automatic,first,2328450,Mahindra Scorpio-N,kaggle_market,23.28
Maruti Suzuki,Alto,2007,19,100000,Petrol,Manual,second,171000,Maruti Suzuki Alto,kaggle_market,1.71
Hyundai,Grand I10,2015,11,48000,Diesel,Manual,second,104500,Hyundai Grand I10,kaggle_market,1.04
Honda,Amaze,2016,10,54000,Diesel,Manual,first,280250,Honda Amaze,kaggle_market,2.8
Audi,A4,2012,14,97000,Diesel,Automatic,second,1083000,Audi A4,kaggle_market,10.83
Maruti Suzuki,Xl6,2022,4,40000,Petrol,Automatic,second,1159000,Maruti Suzuki Xl6,kaggle_market,11.59
Renault,Duster,2017,9,57990,Diesel,Automatic,first,523545,Renault Duster,kaggle_market,5.24
Hyundai,Creta,2017,9,82500,Diesel,Automatic,first,1045000,Hyundai Creta,kaggle_market,10.45
Honda,Civic,2019,7,35274,Petrol,Automatic,second,1092499,Honda Civic,kaggle_market,10.92
Honda,Jazz,2015,11,58000,Petrol,Automatic,first,489250,Honda Jazz,kaggle_market,4.89
Maruti Suzuki,Ertiga,2013,13,110000,Diesel,Manual,second,664999,Maruti Suzuki Ertiga,kaggle_market,6.65
Nissan,Kicks,2019,7,70000,Diesel,Manual,first,660250,Nissan Kicks,kaggle_market,6.6
Volkswagen,Ventotest,2015,11,107000,Petrol,Automatic,second,474999,Volkswagen Ventotest,kaggle_market,4.75
Tata,Nano Genx,2016,10,24000,Petrol,Automatic,second,176700,Tata Nano Genx,kaggle_market,1.77
Kia,Carnival,2020,6,48000,Diesel,Automatic,first,2564999,Kia Carnival,kaggle_market,25.65
Toyota,Innova,2014,12,126500,Diesel,Manual,second,755250,Toyota Innova,kaggle_market,7.55
Mahindra,Bolero,2021,5,3000,Diesel,Manual,first,1021250,Mahindra Bolero,kaggle_market,10.21
Honda,Amaze,2016,10,21000,Petrol,Manual,first,513000,Honda Amaze,kaggle_market,5.13
Maruti Suzuki,Ertiga,2015,11,70000,Diesel,Manual,second,512999,Maruti Suzuki Ertiga,kaggle_market,5.13
Maruti Suzuki,Brezza,2023,3,8700,Petrol,Automatic,first,1221699,Maruti Suzuki Brezza,kaggle_market,12.22
Maruti Suzuki,Omni,2006,20,25000,Petrol,Manual,second,76000,Maruti Suzuki Omni,kaggle_market,0.76
Volkswagen,Polo,2017,9,115000,Diesel,Manual,first,560500,Volkswagen Polo,kaggle_market,5.6
Maruti Suzuki,Vitara-Brezza,2018,8,51000,Petrol,Automatic,second,617500,Maruti Suzuki Vitara-Brezza,kaggle_market,6.18
Maruti Suzuki,Celerio,2022,4,9054,Petrol,Manual,second,603250,Maruti Suzuki Celerio,kaggle_market,6.03
Renault,Duster,2013,13,65000,Diesel,Manual,second,308750,Renault Duster,kaggle_market,3.09
Ford,Fiesta Classic,2015,11,134000,Diesel,Manual,second,220400,Ford Fiesta Classic,kaggle_market,2.2
Hyundai,Creta,2020,6,87500,Diesel,Manual,first,1064000,Hyundai Creta,kaggle_market,10.64
Nissan,Sunny,2016,10,92000,Diesel,Manual,first,427500,Nissan Sunny,kaggle_market,4.28
Jeep,Compass,2021,5,16000,Diesel,Automatic,first,2821500,Jeep Compass,kaggle_market,28.22
Toyota,Innova Crysta,2017,9,133000,Diesel,Automatic,second,1391750,Toyota Innova Crysta,kaggle_market,13.92
Honda,City,2019,7,55000,Petrol,Automatic,first,854050,Honda City,kaggle_market,8.54
Honda,Jazz,2016,10,47179,Petrol,Manual,second,346750,Honda Jazz,kaggle_market,3.47
Hyundai,Santro Xing,2005,21,120000,Petrol,Manual,second,114000,Hyundai Santro Xing,kaggle_market,1.14
Mahindra,Scorpio,2016,10,150000,Diesel,Manual,second,674500,Mahindra Scorpio,kaggle_market,6.74
Maruti Suzuki,Alto-800,2018,8,22595,Petrol,Manual,first,283100,Maruti Suzuki Alto-800,kaggle_market,2.83
Mercedes-Benz,S-Class,2015,11,82000,Diesel,Automatic,second,3182500,Mercedes-Benz S-Class,kaggle_market,31.82
Mahindra,Thar,2021,5,14000,Diesel,Automatic,first,1539000,Mahindra Thar,kaggle_market,15.39
Volkswagen,Ventotest,2017,9,84000,Diesel,Automatic,second,641250,Volkswagen Ventotest,kaggle_market,6.41
Maruti Suzuki,Estilo,2007,19,70000,Petrol,Automatic,second,94999,Maruti Suzuki Estilo,kaggle_market,0.95
Audi,Q7,2012,14,87000,Diesel,Automatic,second,926250,Audi Q7,kaggle_market,9.26
Tata,Nexon,2018,8,78689,Petrol,Manual,first,427500,Tata Nexon,kaggle_market,4.28
Hyundai,Aura,2022,4,44000,Petrol,Manual,first,636500,Hyundai Aura,kaggle_market,6.36
Mahindra,Bolero,2010,16,66000,Diesel,Manual,second,256500,Mahindra Bolero,kaggle_market,2.56
Ford,Endeavour,2014,12,90000,Diesel,Manual,second,346750,Ford Endeavour,kaggle_market,3.47
Honda,Elevate,2023,3,11293,Petrol,Automatic,first,1520000,Honda Elevate,kaggle_market,15.2
Ford,Ecosport,2017,9,143063,Diesel,Manual,first,579499,Ford Ecosport,kaggle_market,5.79
Honda,City,2017,9,69000,Petrol,Automatic,second,617499,Honda City,kaggle_market,6.17
Maruti Suzuki,Eeco,2020,6,34309,Petrol,Manual,second,431300,Maruti Suzuki Eeco,kaggle_market,4.31
Toyota,Innova Crysta,2017,9,57000,Diesel,Automatic,first,1923750,Toyota Innova Crysta,kaggle_market,19.24
Maruti Suzuki,Celerio,2017,9,35000,Petrol,Manual,first,332500,Maruti Suzuki Celerio,kaggle_market,3.32
Hyundai,Creta,2017,9,57000,Petrol,Automatic,first,864500,Hyundai Creta,kaggle_market,8.64
Maruti Suzuki,Wagon R,2010,16,80000,Petrol,Manual,second,217550,Maruti Suzuki Wagon R,kaggle_market,2.18
Kia,Seltos,2020,6,45000,Diesel,Automatic,first,1562750,Kia Seltos,kaggle_market,15.63
Maruti Suzuki,Alto,2011,15,112000,Petrol,Manual,second,152000,Maruti Suzuki Alto,kaggle_market,1.52
Tata,Zest,2015,11,80000,Petrol,Manual,first,270750,Tata Zest,kaggle_market,2.71
Toyota,Etios,2019,7,105000,Diesel,Manual,second,641250,Toyota Etios,kaggle_market,6.41
Honda,City,2012,14,83000,Petrol,Automatic,second,265050,Honda City,kaggle_market,2.65
Maruti Suzuki,800,2002,24,80000,Petrol,Manual,second,57000,Maruti Suzuki 800,kaggle_market,0.57
Toyota,Fortuner,2020,6,60000,Diesel,Manual,first,3040000,Toyota Fortuner,kaggle_market,30.4
Bmw,5 Series,2010,16,76486,Diesel,Automatic,second,1130500,Bmw 5 Series,kaggle_market,11.3
Toyota,Fortuner,2015,11,91000,Diesel,Automatic,first,1420250,Toyota Fortuner,kaggle_market,14.2
Toyota,Innova,2011,15,170000,Diesel,Manual,second,926250,Toyota Innova,kaggle_market,9.26
Hyundai,Xcent,2014,12,106985,Diesel,Manual,second,337250,Hyundai Xcent,kaggle_market,3.37
Hyundai,Santro,2018,8,76814,Petrol,Manual,first,332500,Hyundai Santro,kaggle_market,3.32
Honda,City,2017,9,55000,Petrol,Automatic,second,655500,Honda City,kaggle_market,6.56
Maruti Suzuki,Alto-K10,2017,9,3240,Petrol,Manual,second,275500,Maruti Suzuki Alto-K10,kaggle_market,2.76
Fiat,Punto,2012,14,86000,Diesel,Manual,second,152000,Fiat Punto,kaggle_market,1.52
Hyundai,Verna,2014,12,65000,Petrol,Manual,second,456000,Hyundai Verna,kaggle_market,4.56
Skoda,Octavia,2015,11,80000,Diesel,Automatic,first,1116250,Skoda Octavia,kaggle_market,11.16
Toyota,Corolla Altis,2010,16,245000,Diesel,Manual,second,498750,Toyota Corolla Altis,kaggle_market,4.99
Tata,Tigor,2017,9,65000,Petrol,Manual,first,356250,Tata Tigor,kaggle_market,3.56
Renault,Duster,2015,11,94000,Diesel,Manual,second,426550,Renault Duster,kaggle_market,4.27
Ford,Endeavour,2017,9,95000,Diesel,Automatic,first,1900000,Ford Endeavour,kaggle_market,19.0
Jeep,Compass,2019,7,45723,Diesel,Manual,first,1234050,Jeep Compass,kaggle_market,12.34
Mercedes-Benz,C-Class,2021,5,20300,Diesel,Automatic,first,4417500,Mercedes-Benz C-Class,kaggle_market,44.18
Bmw,X3,2022,4,20000,Petrol,Automatic,first,5462500,Bmw X3,kaggle_market,54.62
Honda,City,2015,11,80000,Diesel,Manual,second,430350,Honda City,kaggle_market,4.3
Renault,Kwid,2016,10,43600,Petrol,Manual,first,242250,Renault Kwid,kaggle_market,2.42
Maruti Suzuki,Swift,2008,18,69000,Petrol,Manual,second,104500,Maruti Suzuki Swift,kaggle_market,1.04
Maruti Suzuki,Baleno,2017,9,26000,Petrol,Automatic,second,427500,Maruti Suzuki Baleno,kaggle_market,4.28
Toyota,Urban Cruiser,2022,4,47448,Petrol,Automatic,first,883499,Toyota Urban Cruiser,kaggle_market,8.83
Ford,Figo,2012,14,129000,Diesel,Manual,second,284050,Ford Figo,kaggle_market,2.84
Hyundai,I10,2013,13,46628,Petrol,Manual,first,175750,Hyundai I10,kaggle_market,1.76
Mahindra,Scorpio,2012,14,119000,Diesel,Manual,second,579500,Mahindra Scorpio,kaggle_market,5.8
Mahindra,Xuv500,2017,9,70000,Diesel,Automatic,first,1282500,Mahindra Xuv500,kaggle_market,12.82
Maruti Suzuki,Alto-800,2022,4,25000,Petrol,Manual,second,318250,Maruti Suzuki Alto-800,kaggle_market,3.18
Honda,Civic,2013,13,85000,Petrol,Automatic,second,380000,Honda Civic,kaggle_market,3.8
Hyundai,Venue,2020,6,28000,Petrol,Manual,first,712500,Hyundai Venue,kaggle_market,7.12
Mahindra,Thar,2022,4,22000,Diesel,Automatic,first,1467750,Mahindra Thar,kaggle_market,14.68
Maruti Suzuki,Swift,2024,2,7250,Petrol,Manual,first,741000,Maruti Suzuki Swift,kaggle_market,7.41
Volkswagen,Polo,2016,10,86000,Diesel,Manual,second,532000,Volkswagen Polo,kaggle_market,5.32
Maruti Suzuki,Vitara-Brezza,2018,8,90000,Diesel,Automatic,first,760000,Maruti Suzuki Vitara-Brezza,kaggle_market,7.6
Volkswagen,Taigun,2023,3,2300,Petrol,Manual,first,1615000,Volkswagen Taigun,kaggle_market,16.15
Toyota,Innova Crysta,2021,5,37000,Diesel,Automatic,first,3087500,Toyota Innova Crysta,kaggle_market,30.88
Honda,Wrv,2017,9,56000,Diesel,Manual,first,470250,Honda Wrv,kaggle_market,4.7
Maruti Suzuki,Ciaz,2018,8,45700,Petrol,Manual,second,617500,Maruti Suzuki Ciaz,kaggle_market,6.18
Mercedes-Benz,E-Class,2017,9,50000,Diesel,Automatic,second,3420000,Mercedes-Benz E-Class,kaggle_market,34.2
Maruti Suzuki,Wagon-R,2018,8,44700,Petrol,Automatic,second,389500,Maruti Suzuki Wagon-R,kaggle_market,3.9
Skoda,Rapid,2017,9,94000,Diesel,Automatic,first,750500,Skoda Rapid,kaggle_market,7.5
Hyundai,Creta,2018,8,52000,Diesel,Manual,first,655500,Hyundai Creta,kaggle_market,6.56
Honda,City,2015,11,94000,Diesel,Manual,first,612750,Honda City,kaggle_market,6.13
Mercedes-Benz,M-Class,2013,13,57000,Diesel,Automatic,second,1282499,Mercedes-Benz M-Class,kaggle_market,12.82
Toyota,Fortuner,2017,9,58200,Diesel,Automatic,first,3348750,Toyota Fortuner,kaggle_market,33.49
Isuzu,Hi-Lande Isuzu Hi-Lander,2022,4,26000,Diesel,Manual,first,1519050,Isuzu Hi-Lande Isuzu Hi-Lander,kaggle_market,15.19
Kia,Sonet,2020,6,32550,Petrol,Manual,first,703000,Kia Sonet,kaggle_market,7.03
Audi,Q3,2013,13,89000,Diesel,Automatic,second,882550,Audi Q3,kaggle_market,8.83
Maruti Suzuki,Celerio,2019,7,61382,Petrol,Automatic,first,470250,Maruti Suzuki Celerio,kaggle_market,4.7
Maruti Suzuki,Alto-K10,2022,4,18305,Petrol,Manual,first,470250,Maruti Suzuki Alto-K10,kaggle_market,4.7
Maruti Suzuki,Swift,2014,12,72786,Petrol,Manual,first,451250,Maruti Suzuki Swift,kaggle_market,4.51
Maruti Suzuki,Alto,2020,6,50000,Petrol,Manual,first,323000,Maruti Suzuki Alto,kaggle_market,3.23
Maruti Suzuki,Baleno,2019,7,28303,Petrol,Manual,first,603250,Maruti Suzuki Baleno,kaggle_market,6.03
Volkswagen,Jetta,2013,13,74000,Diesel,Manual,first,721050,Volkswagen Jetta,kaggle_market,7.21
Tata,Tiago,2018,8,34128,Petrol,Manual,first,418000,Tata Tiago,kaggle_market,4.18
Ford,Ikon,2004,22,72416,Petrol,Manual,second,88350,Ford Ikon,kaggle_market,0.88
Hyundai,Aura,2024,2,4000,Petrol,Manual,first,793250,Hyundai Aura,kaggle_market,7.93
Maruti Suzuki,Baleno,2021,5,51600,Petrol,Manual,first,489250,Maruti Suzuki Baleno,kaggle_market,4.89
Honda,City,2015,11,86529,Diesel,Manual,first,560500,Honda City,kaggle_market,5.6
Maruti Suzuki,A-Star,2013,13,28000,Petrol,Automatic,first,304000,Maruti Suzuki A-Star,kaggle_market,3.04
Mahindra,Xuv500,2017,9,83255,Diesel,Automatic,first,827451,Mahindra Xuv500,kaggle_market,8.27
Maruti Suzuki,Alto-K10,2012,14,80000,Petrol,Manual,second,185250,Maruti Suzuki Alto-K10,kaggle_market,1.85
Maruti Suzuki,Ertiga,2017,9,65000,Diesel,Manual,second,612750,Maruti Suzuki Ertiga,kaggle_market,6.13
Toyota,Innova Crysta,2021,5,40000,Diesel,Automatic,first,2517500,Toyota Innova Crysta,kaggle_market,25.18
Mercedes-Benz,S-Class,2008,18,84000,Diesel,Automatic,second,850250,Mercedes-Benz S-Class,kaggle_market,8.5
Mahindra,Scorpio Classic,2018,8,99000,Diesel,Manual,second,1330000,Mahindra Scorpio Classic,kaggle_market,13.3
Hyundai,Venue,2019,7,26000,Petrol,Automatic,first,897750,Hyundai Venue,kaggle_market,8.98
Bmw,3 Series,2018,8,64000,Diesel,Automatic,second,2279050,Bmw 3 Series,kaggle_market,22.79
Mg,Hector Plus,2024,2,8000,Petrol,Automatic,first,2080500,Mg Hector Plus,kaggle_market,20.8
Datsun,Redi Go,2017,9,60000,Petrol,Manual,first,161500,Datsun Redi Go,kaggle_market,1.62
Toyota,Fortuner,2017,9,146000,Diesel,Automatic,first,2470000,Toyota Fortuner,kaggle_market,24.7
Hyundai,Verna,2017,9,41435,Petrol,Manual,first,642200,Hyundai Verna,kaggle_market,6.42
Hyundai,Xcent Prime,2019,7,128500,Diesel,Manual,first,441750,Hyundai Xcent Prime,kaggle_market,4.42
Audi,Q3,2015,11,122000,Diesel,Automatic,first,1805000,Audi Q3,kaggle_market,18.05
Maruti Suzuki,Swift-Dzire,2021,5,57000,Petrol,Automatic,first,769500,Maruti Suzuki Swift-Dzire,kaggle_market,7.7
Hyundai,Creta,2020,6,30000,Petrol,Manual,first,831250,Hyundai Creta,kaggle_market,8.31
Tata,Nexon,2022,4,38400,Diesel,Automatic,first,1140000,Tata Nexon,kaggle_market,11.4
Honda,City,2016,10,38000,Petrol,Automatic,second,593750,Honda City,kaggle_market,5.94
Hyundai,Creta,2016,10,64000,Petrol,Automatic,second,736250,Hyundai Creta,kaggle_market,7.36
Chevrolet,Sail U-Va,2016,10,100000,Diesel,Manual,second,228000,Chevrolet Sail U-Va,kaggle_market,2.28
Hyundai,Verna,2023,3,12000,Petrol,Automatic,first,1472499,Hyundai Verna,kaggle_market,14.72
Hyundai,Verna,2018,8,44500,Petrol,Automatic,second,726750,Hyundai Verna,kaggle_market,7.27
Mahindra,Bolero Neo,2022,4,41000,Diesel,Manual,first,997500,Mahindra Bolero Neo,kaggle_market,9.98
Ford,Ecosport,2015,11,58000,Petrol,Automatic,second,465500,Ford Ecosport,kaggle_market,4.66
Toyota,Fortuner,2024,2,3500,Diesel,Automatic,first,3942500,Toyota Fortuner,kaggle_market,39.42
Maruti Suzuki,Ritz,2015,11,92000,Diesel,Manual,first,200450,Maruti Suzuki Ritz,kaggle_market,2.0
Chevrolet,Spark,2010,16,27000,Petrol,Manual,second,85500,Chevrolet Spark,kaggle_market,0.86
Skoda,Rapid,2016,10,107423,Diesel,Automatic,first,532000,Skoda Rapid,kaggle_market,5.32
Toyota,Fortuner,2015,11,139000,Diesel,Manual,first,1472500,Toyota Fortuner,kaggle_market,14.72
Hyundai,Venue,2019,7,19000,Petrol,Automatic,first,878750,Hyundai Venue,kaggle_market,8.79
Hyundai,Venue,2019,7,73000,Petrol,Automatic,second,821750,Hyundai Venue,kaggle_market,8.22
Hyundai,I20,2009,17,72386,Petrol,Manual,second,175750,Hyundai I20,kaggle_market,1.76
Toyota,Innova,2007,19,50000,Diesel,Manual,first,361000,Toyota Innova,kaggle_market,3.61
Tata,Harrier,2021,5,34000,Diesel,Automatic,first,1567500,Tata Harrier,kaggle_market,15.68
Skoda,Kodiaq,2018,8,106000,Diesel,Automatic,first,2137500,Skoda Kodiaq,kaggle_market,21.38
Mercedes-Benz,Glc,2022,4,29000,Diesel,Automatic,first,6460000,Mercedes-Benz Glc,kaggle_market,64.6
Honda,City,2014,12,38000,Petrol,Automatic,second,451250,Honda City,kaggle_market,4.51
Toyota,Etios Liva,2017,9,92459,Diesel,Manual,first,503500,Toyota Etios Liva,kaggle_market,5.04
Maruti Suzuki,Swift,2018,8,82000,Petrol,Automatic,second,589000,Maruti Suzuki Swift,kaggle_market,5.89
Skoda,Superb,2016,10,64000,Petrol,Automatic,first,1306250,Skoda Superb,kaggle_market,13.06
Maruti Suzuki,Estilo,2010,16,85000,Petrol,Manual,second,218500,Maruti Suzuki Estilo,kaggle_market,2.18
Volvo,Xc60,2020,6,94000,Diesel,Automatic,first,3752500,Volvo Xc60,kaggle_market,37.52
Mahindra,Xuv 300,2019,7,83000,Diesel,Automatic,first,940500,Mahindra Xuv 300,kaggle_market,9.4
Tata,Indica,2012,14,150000,Diesel,Manual,first,118750,Tata Indica,kaggle_market,1.19
Maruti Suzuki,Xl6,2020,6,42000,Petrol,Automatic,first,988000,Maruti Suzuki Xl6,kaggle_market,9.88
Mercedes-Benz,B Class,2014,12,41000,Petrol,Automatic,second,997500,Mercedes-Benz B Class,kaggle_market,9.98
Toyota,Fortuner,2021,5,114000,Diesel,Manual,first,3181550,Toyota Fortuner,kaggle_market,31.82
Volkswagen,Ventotest,2017,9,76555,Petrol,Automatic,first,736250,Volkswagen Ventotest,kaggle_market,7.36
Hyundai,I10,2013,13,59800,Petrol,Manual,second,389500,Hyundai I10,kaggle_market,3.9
Maruti Suzuki,Swift,2015,11,103650,Petrol,Manual,second,378100,Maruti Suzuki Swift,kaggle_market,3.78
Mercedes-Benz,C-Class,2020,6,23000,Petrol,Automatic,first,3705000,Mercedes-Benz C-Class,kaggle_market,37.05
Tata,Harrier,2022,4,19000,Diesel,Automatic,first,1900000,Tata Harrier,kaggle_market,19.0
Hyundai,I10,2010,16,46000,Petrol,Automatic,first,308750,Hyundai I10,kaggle_market,3.09
Volkswagen,Polo,2010,16,100000,Diesel,Manual,first,169100,Volkswagen Polo,kaggle_market,1.69
Mahindra,Xuv500,2018,8,90000,Diesel,Manual,second,1225500,Mahindra Xuv500,kaggle_market,12.26
Mercedes-Benz,E-Class,2021,5,18000,Diesel,Automatic,first,6365000,Mercedes-Benz E-Class,kaggle_market,63.65
Tata,Harrier,2023,3,9000,Diesel,Automatic,first,2555500,Tata Harrier,kaggle_market,25.56
Bmw,5 Series,2013,13,69000,Diesel,Automatic,second,1401250,Bmw 5 Series,kaggle_market,14.01
Chevrolet,Beat,2011,15,45000,Petrol,Manual,second,133000,Chevrolet Beat,kaggle_market,1.33
Toyota,Corolla Altis,2012,14,126000,Diesel,Manual,second,498750,Toyota Corolla Altis,kaggle_market,4.99
Bmw,M340I,2023,3,9000,Petrol,Automatic,second,5034050,Bmw M340I,kaggle_market,50.34
Maruti Suzuki,Omni,2014,12,41100,Petrol,Manual,first,275500,Maruti Suzuki Omni,kaggle_market,2.76
Maruti Suzuki,Swift-Dzire,2015,11,51000,Petrol,Manual,first,427500,Maruti Suzuki Swift-Dzire,kaggle_market,4.28
Mahindra,Xuv 300,2021,5,48000,Petrol,Manual,first,855000,Mahindra Xuv 300,kaggle_market,8.55
Maruti Suzuki,Ciaz,2018,8,79000,Petrol,Manual,first,570000,Maruti Suzuki Ciaz,kaggle_market,5.7
Toyota,Innova Crysta,2016,10,110000,Diesel,Automatic,second,1467750,Toyota Innova Crysta,kaggle_market,14.68
Mercedes-Benz,C-Class,2005,21,158000,Diesel,Automatic,second,368600,Mercedes-Benz C-Class,kaggle_market,3.69
Bmw,5 Series,2017,9,69000,Diesel,Automatic,second,3466550,Bmw 5 Series,kaggle_market,34.67
Nissan,Terrano,2014,12,80000,Diesel,Manual,second,323000,Nissan Terrano,kaggle_market,3.23
Maruti Suzuki,Alto 800,2017,9,29584,Petrol,Manual,first,266000,Maruti Suzuki Alto 800,kaggle_market,2.66
Maruti Suzuki,Baleno,2023,3,28000,Petrol,Manual,first,831250,Maruti Suzuki Baleno,kaggle_market,8.31
Honda,Amaze,2018,8,45600,Petrol,Automatic,first,565250,Honda Amaze,kaggle_market,5.65
Datsun,Go,2017,9,40400,Petrol,Manual,first,227999,Datsun Go,kaggle_market,2.28
Maruti Suzuki,Fronx,2024,2,3000,Petrol,Automatic,first,1135250,Maruti Suzuki Fronx,kaggle_market,11.35
Maruti Suzuki,Wagon-R,2016,10,58000,Petrol,Automatic,second,332500,Maruti Suzuki Wagon-R,kaggle_market,3.32
Honda,City,2016,10,54000,Petrol,Manual,first,593750,Honda City,kaggle_market,5.94
Maruti Suzuki,S-Presso,2020,6,57805,Petrol,Manual,first,384750,Maruti Suzuki S-Presso,kaggle_market,3.85
Maruti Suzuki,Alto-K10,2023,3,22000,Petrol,Automatic,first,546250,Maruti Suzuki Alto-K10,kaggle_market,5.46
Chevrolet,Tavera,2007,19,325000,Diesel,Manual,second,256500,Chevrolet Tavera,kaggle_market,2.56
Maruti Suzuki,S-Presso,2021,5,24008,Petrol,Manual,first,456000,Maruti Suzuki S-Presso,kaggle_market,4.56
Maruti Suzuki,S-Presso,2022,4,12000,Petrol,Manual,first,441750,Maruti Suzuki S-Presso,kaggle_market,4.42
Volkswagen,Taigun,2022,4,43000,Petrol,Manual,second,992750,Volkswagen Taigun,kaggle_market,9.93
Hyundai,Eon,2015,11,76000,Petrol,Manual,second,242250,Hyundai Eon,kaggle_market,2.42
Mahindra,Xuv500,2016,10,110000,Diesel,Automatic,second,902500,Mahindra Xuv500,kaggle_market,9.02
Honda,City,2015,11,48000,Petrol,Manual,second,541500,Honda City,kaggle_market,5.42
Hyundai,Getz,2008,18,175000,Diesel,Manual,second,237500,Hyundai Getz,kaggle_market,2.38
Renault,Duster,2014,12,110000,Diesel,Manual,second,470250,Renault Duster,kaggle_market,4.7
Toyota,2.8 Legender 4X2,2021,5,28000,Diesel,Automatic,second,3895000,Toyota 2.8 Legender 4X2,kaggle_market,38.95
Maruti Suzuki,Vitara-Brezza,2018,8,90000,Diesel,Manual,first,817000,Maruti Suzuki Vitara-Brezza,kaggle_market,8.17
Mahindra,Xuv 300,2019,7,43000,Diesel,Manual,first,736250,Mahindra Xuv 300,kaggle_market,7.36
Mahindra,Xuv500,2016,10,82000,Diesel,Automatic,second,948100,Mahindra Xuv500,kaggle_market,9.48
Maruti Suzuki,Ertiga,2013,13,96000,Diesel,Manual,first,546250,Maruti Suzuki Ertiga,kaggle_market,5.46
Hyundai,Creta,2022,4,49596,Diesel,Manual,first,1648250,Hyundai Creta,kaggle_market,16.48
Mahindra,Xuv500,2021,5,61105,Diesel,Manual,second,1610250,Mahindra Xuv500,kaggle_market,16.1
Maruti Suzuki,S-Presso,2021,5,21000,Petrol,Manual,first,375250,Maruti Suzuki S-Presso,kaggle_market,3.75
Tata,Nexon,2018,8,51167,Petrol,Automatic,first,821751,Tata Nexon,kaggle_market,8.22
Maruti Suzuki,S-Presso,2021,5,10000,Petrol,Automatic,second,489250,Maruti Suzuki S-Presso,kaggle_market,4.89
Mercedes-Benz,C-Class,2021,5,14000,Diesel,Automatic,first,4940000,Mercedes-Benz C-Class,kaggle_market,49.4
Ford,Endeavour,2016,10,90000,Diesel,Automatic,second,1836350,Ford Endeavour,kaggle_market,18.36
Maruti Suzuki,Wagon-R,2005,21,48000,Petrol,Manual,second,64600,Maruti Suzuki Wagon-R,kaggle_market,0.65
Maruti Suzuki,Xl6,2019,7,32000,Petrol,Manual,first,926250,Maruti Suzuki Xl6,kaggle_market,9.26
Tata,Zest,2016,10,98000,Petrol,Manual,first,403750,Tata Zest,kaggle_market,4.04
Maruti Suzuki,Ignis,2022,4,16000,Petrol,Manual,first,498750,Maruti Suzuki Ignis,kaggle_market,4.99
Toyota,Etios,2015,11,127000,Diesel,Manual,second,426550,Toyota Etios,kaggle_market,4.27
Hyundai,I10,2012,14,102000,Petrol,Manual,second,185250,Hyundai I10,kaggle_market,1.85
Renault,Duster,2019,7,60000,Petrol,Automatic,second,802750,Renault Duster,kaggle_market,8.03
Tata,Nexon,2024,2,4500,Petrol,Automatic,first,1496250,Tata Nexon,kaggle_market,14.96
Tata,Manza,2010,16,61000,Petrol,Manual,second,189999,Tata Manza,kaggle_market,1.9
Bmw,6 Series Gt,2020,6,24000,Diesel,Automatic,first,4085000,Bmw 6 Series Gt,kaggle_market,40.85
Bmw,3 Series Gt,2015,11,74000,Diesel,Automatic,first,1686250,Bmw 3 Series Gt,kaggle_market,16.86
Skoda,Rapid,2014,12,59000,Petrol,Automatic,second,665000,Skoda Rapid,kaggle_market,6.65
Hyundai,Fluidic Verna,2011,15,102500,Diesel,Manual,second,304000,Hyundai Fluidic Verna,kaggle_market,3.04
Maruti Suzuki,Swift,2008,18,120000,Diesel,Manual,second,190000,Maruti Suzuki Swift,kaggle_market,1.9
Hyundai,Santro Xing,2010,16,140000,Petrol,Manual,second,93100,Hyundai Santro Xing,kaggle_market,0.93
Hyundai,Venue,2022,4,42000,Petrol,Manual,first,935750,Hyundai Venue,kaggle_market,9.36
Hyundai,I10,2011,15,67000,Petrol,Automatic,second,213750,Hyundai I10,kaggle_market,2.14
Fiat,Urban Cross,2019,7,135000,Diesel,Manual,second,427500,Fiat Urban Cross,kaggle_market,4.28
Mercedes-Benz,E-Class,2018,8,55000,Petrol,Automatic,second,3657500,Mercedes-Benz E-Class,kaggle_market,36.58
Honda,Jazz,2015,11,57000,Petrol,Manual,second,313491,Honda Jazz,kaggle_market,3.13
Hyundai,Grand I10,2016,10,62000,Petrol,Automatic,first,465500,Hyundai Grand I10,kaggle_market,4.66
Hyundai,Creta,2017,9,54479,Petrol,Manual,second,821750,Hyundai Creta,kaggle_market,8.22
Bmw,5 Series,2011,15,90000,Diesel,Automatic,first,1044999,Bmw 5 Series,kaggle_market,10.45
Maruti Suzuki,Wagon-R-1-0,2006,20,32000,Petrol,Manual,first,114000,Maruti Suzuki Wagon-R-1-0,kaggle_market,1.14
Jaguar,Xf,2019,7,41000,Diesel,Automatic,first,3135000,Jaguar Xf,kaggle_market,31.35
Maruti Suzuki,Wagon-R,2011,15,70000,Petrol,Manual,second,237500,Maruti Suzuki Wagon-R,kaggle_market,2.38
Hyundai,I20,2024,2,11000,Petrol,Manual,first,902500,Hyundai I20,kaggle_market,9.02
Hyundai,Elite I20,2017,9,82000,Petrol,Manual,second,451250,Hyundai Elite I20,kaggle_market,4.51
Hyundai,Creta,2020,6,26000,Petrol,Manual,second,988000,Hyundai Creta,kaggle_market,9.88
Honda,Jazz,2015,11,79000,Petrol,Automatic,second,498750,Honda Jazz,kaggle_market,4.99
Skoda,Rapid,2019,7,120000,Diesel,Manual,first,798000,Skoda Rapid,kaggle_market,7.98
Jeep,Compass,2022,4,51000,Diesel,Automatic,first,2660000,Jeep Compass,kaggle_market,26.6
Audi,A4,2016,10,41000,Diesel,Automatic,second,1087750,Audi A4,kaggle_market,10.88
Renault,Kwid,2018,8,56765,Petrol,Automatic,first,368600,Renault Kwid,kaggle_market,3.69
Toyota,Innova Crysta,2016,10,188394,Diesel,Automatic,first,1710000,Toyota Innova Crysta,kaggle_market,17.1
Tata,Indica,2013,13,110000,Diesel,Manual,second,80750,Tata Indica,kaggle_market,0.81
Maruti Suzuki,Ignis,2019,7,39800,Petrol,Manual,first,403750,Maruti Suzuki Ignis,kaggle_market,4.04
Mahindra,Xuv700,2022,4,29705,Diesel,Automatic,first,2560250,Mahindra Xuv700,kaggle_market,25.6
Nissan,Sunny,2012,14,75000,Petrol,Manual,second,266000,Nissan Sunny,kaggle_market,2.66
Volvo,Xc60,2020,6,480000,Diesel,Automatic,first,5320000,Volvo Xc60,kaggle_market,53.2
Ford,Ecosport,2016,10,52000,Diesel,Manual,second,446500,Ford Ecosport,kaggle_market,4.46
Maruti Suzuki,Maruti-Suzuki-Dzire,2018,8,43000,Petrol,Automatic,second,608000,Maruti Suzuki Maruti-Suzuki-Dzire,kaggle_market,6.08
Maruti Suzuki,Ignis,2018,8,62000,Diesel,Manual,first,451250,Maruti Suzuki Ignis,kaggle_market,4.51
Audi,A3,2015,11,25000,Diesel,Automatic,first,1211250,Audi A3,kaggle_market,12.11
Maruti Suzuki,Celerio,2018,8,48000,Petrol,Automatic,second,332500,Maruti Suzuki Celerio,kaggle_market,3.32
Maruti Suzuki,Omni,2013,13,45000,Petrol,Manual,second,251750,Maruti Suzuki Omni,kaggle_market,2.52
Honda,City,2016,10,105000,Petrol,Automatic,first,660250,Honda City,kaggle_market,6.6
Maruti Suzuki,Maruti-Suzuki-Dzire,2018,8,25000,Petrol,Automatic,first,593855,Maruti Suzuki Maruti-Suzuki-Dzire,kaggle_market,5.94
Bmw,5 Series,2021,5,46000,Diesel,Automatic,first,4892500,Bmw 5 Series,kaggle_market,48.92
Renault,Kwid,2019,7,78000,Petrol,Manual,first,370500,Renault Kwid,kaggle_market,3.7
Fiat,Linea,2015,11,79000,Diesel,Manual,second,394250,Fiat Linea,kaggle_market,3.94
Honda,Civic,2011,15,100000,Petrol,Manual,second,280250,Honda Civic,kaggle_market,2.8
Maruti Suzuki,Celerio,2017,9,65000,Petrol,Automatic,first,465500,Maruti Suzuki Celerio,kaggle_market,4.66
Maruti Suzuki,Xl6,2021,5,36831,Petrol,Automatic,first,1149500,Maruti Suzuki Xl6,kaggle_market,11.5
Jeep,Compass,2019,7,68530,Petrol,Automatic,second,1021250,Jeep Compass,kaggle_market,10.21
Maruti Suzuki,Swift-Dzire,2022,4,96000,Petrol,Manual,second,688750,Maruti Suzuki Swift-Dzire,kaggle_market,6.89
Maruti Suzuki,Swift,2012,14,75235,Petrol,Manual,second,308750,Maruti Suzuki Swift,kaggle_market,3.09
Renault,Duster,2014,12,72000,Diesel,Manual,first,399000,Renault Duster,kaggle_market,3.99
Skoda,Rapid,2017,9,130000,Diesel,Manual,second,654550,Skoda Rapid,kaggle_market,6.55
Hyundai,Grand I10,2018,8,50000,Petrol,Automatic,second,498750,Hyundai Grand I10,kaggle_market,4.99
Hyundai,Creta,2015,11,89000,Diesel,Manual,second,731500,Hyundai Creta,kaggle_market,7.32
Skoda,Rapid,2018,8,65000,Diesel,Manual,first,788500,Skoda Rapid,kaggle_market,7.88
Hyundai,Alcazar,2022,4,42200,Diesel,Automatic,second,1748000,Hyundai Alcazar,kaggle_market,17.48
Mg,Hector Plus,2021,5,48000,Diesel,Manual,first,1315750,Mg Hector Plus,kaggle_market,13.16
Tata,Zest,2016,10,98000,Petrol,Manual,first,331444,Tata Zest,kaggle_market,3.31
Toyota,Fortuner,2014,12,124653,Diesel,Manual,second,1672000,Toyota Fortuner,kaggle_market,16.72
Mahindra,Xuv500,2016,10,89000,Diesel,Manual,first,826500,Mahindra Xuv500,kaggle_market,8.26
Renault,Kwid,2020,6,35000,Petrol,Manual,first,413250,Renault Kwid,kaggle_market,4.13
Toyota,Corolla,2010,16,85000,Petrol,Automatic,second,285000,Toyota Corolla,kaggle_market,2.85
Maruti Suzuki,Vitara-Brezza,2020,6,42554,Petrol,Manual,first,793250,Maruti Suzuki Vitara-Brezza,kaggle_market,7.93
Volvo,Xc60,2023,3,6200,Petrol,Automatic,first,5700000,Volvo Xc60,kaggle_market,57.0
Hyundai,Grand I10,2015,11,47000,Diesel,Manual,first,451250,Hyundai Grand I10,kaggle_market,4.51
Hyundai,I10,2013,13,78220,Petrol,Manual,second,294500,Hyundai I10,kaggle_market,2.94
Kia,Seltos,2020,6,32028,Diesel,Automatic,second,1472500,Kia Seltos,kaggle_market,14.72
Audi,Q3,2015,11,57000,Diesel,Automatic,second,1135250,Audi Q3,kaggle_market,11.35
Mercedes-Benz,Cla,2016,10,98000,Diesel,Automatic,second,1947500,Mercedes-Benz Cla,kaggle_market,19.48
Maruti Suzuki,Sx4,2010,16,112000,Petrol,Manual,first,161500,Maruti Suzuki Sx4,kaggle_market,1.62
Renault,Duster,2016,10,80000,Diesel,Manual,first,517750,Renault Duster,kaggle_market,5.18
Hyundai,Creta,2017,9,120000,Diesel,Automatic,second,779000,Hyundai Creta,kaggle_market,7.79
Honda,City,2015,11,80000,Petrol,Automatic,second,555750,Honda City,kaggle_market,5.56
Hyundai,I20,2012,14,50000,Petrol,Automatic,second,327855,Hyundai I20,kaggle_market,3.28
Honda,Jazz,2016,10,78000,Diesel,Manual,second,319199,Honda Jazz,kaggle_market,3.19
Maserati,Gran Turismo,2017,9,21000,Petrol,Automatic,second,7600000,Maserati Gran Turismo,kaggle_market,76.0
Hyundai,Grand I10 Nios,2020,6,22000,Petrol,Automatic,first,593750,Hyundai Grand I10 Nios,kaggle_market,5.94
Honda,City,2022,4,11000,Petrol,Automatic,first,1211250,Honda City,kaggle_market,12.11
Audi,Q3,2017,9,72000,Diesel,Automatic,second,1767000,Audi Q3,kaggle_market,17.67
Maruti Suzuki,S-Cross1,2017,9,99600,Diesel,Manual,first,707750,Maruti Suzuki S-Cross1,kaggle_market,7.08
Audi,A4,2014,12,52000,Diesel,Automatic,second,589000,Audi A4,kaggle_market,5.89
Maruti Suzuki,Ritz,2012,14,243000,Diesel,Manual,second,223250,Maruti Suzuki Ritz,kaggle_market,2.23
Skoda,Kushaq,2021,5,57000,Petrol,Manual,first,1130500,Skoda Kushaq,kaggle_market,11.3
Honda,Wr-V,2021,5,68000,Diesel,Manual,first,916750,Honda Wr-V,kaggle_market,9.17
Maruti Suzuki,Baleno,2022,4,22000,Petrol,Manual,first,931000,Maruti Suzuki Baleno,kaggle_market,9.31
Toyota,Fortuner,2018,8,86000,Diesel,Automatic,first,2565000,Toyota Fortuner,kaggle_market,25.65
Maruti Suzuki,Alto-800,2019,7,53000,Petrol,Manual,first,285000,Maruti Suzuki Alto-800,kaggle_market,2.85
Mahindra,Kuv100 Nxt,2018,8,43700,Petrol,Manual,second,327750,Mahindra Kuv100 Nxt,kaggle_market,3.28
Kia,Sonet,2023,3,12000,Petrol,Manual,first,921500,Kia Sonet,kaggle_market,9.22
Toyota,Corolla Altis,2017,9,82000,Petrol,Manual,second,750500,Toyota Corolla Altis,kaggle_market,7.5
Audi,Q5,2012,14,160000,Diesel,Automatic,second,926250,Audi Q5,kaggle_market,9.26
Volkswagen,Ventotest,2018,8,75000,Diesel,Automatic,first,565250,Volkswagen Ventotest,kaggle_market,5.65
Maruti Suzuki,Ritz,2013,13,92000,Diesel,Manual,first,394250,Maruti Suzuki Ritz,kaggle_market,3.94
Hyundai,Verna,2019,7,72000,Petrol,Automatic,first,812250,Hyundai Verna,kaggle_market,8.12
Hyundai,New I20,2021,5,83228,Petrol,Manual,second,664050,Hyundai New I20,kaggle_market,6.64
Mercedes-Benz,Gls,2021,5,57000,Diesel,Automatic,first,9096250,Mercedes-Benz Gls,kaggle_market,90.96
Maruti Suzuki,Ertiga,2012,14,120000,Diesel,Manual,first,608000,Maruti Suzuki Ertiga,kaggle_market,6.08
Nissan,Micra,2017,9,78000,Petrol,Automatic,second,378100,Nissan Micra,kaggle_market,3.78
Maruti Suzuki,Swift-Dzire,2017,9,62480,Petrol,Automatic,second,475000,Maruti Suzuki Swift-Dzire,kaggle_market,4.75
Mercedes-Benz,C-Class,2016,10,51000,Diesel,Automatic,second,1610250,Mercedes-Benz C-Class,kaggle_market,16.1
Maruti Suzuki,Swift-Dzire,2009,17,62000,Petrol,Manual,second,213750,Maruti Suzuki Swift-Dzire,kaggle_market,2.14
Hyundai,I10,2011,15,55216,Petrol,Automatic,second,280250,Hyundai I10,kaggle_market,2.8
Land Rover,Range Rover Evoque,2019,7,42003,Diesel,Automatic,first,3657500,Land Rover Range Rover Evoque,kaggle_market,36.58
Maruti Suzuki,Swift,2015,11,30000,Petrol,Manual,first,483550,Maruti Suzuki Swift,kaggle_market,4.84
Mercedes-Benz,E-Class,2016,10,62000,Diesel,Automatic,second,1329999,Mercedes-Benz E-Class,kaggle_market,13.3
Nissan,Magnite,2022,4,18000,Petrol,Manual,first,703000,Nissan Magnite,kaggle_market,7.03
Honda,City Zx,2008,18,89000,Petrol,Manual,first,223250,Honda City Zx,kaggle_market,2.23
Chevrolet,Cruze,2016,10,84231,Diesel,Automatic,second,617500,Chevrolet Cruze,kaggle_market,6.18
Toyota,Etios Liva,2016,10,40000,Petrol,Manual,first,370500,Toyota Etios Liva,kaggle_market,3.7
Jeep,Wrangler,2023,3,8000,Petrol,Automatic,first,5842500,Jeep Wrangler,kaggle_market,58.42
Mahindra,Scorpio Classic,2022,4,8100,Diesel,Manual,first,1543750,Mahindra Scorpio Classic,kaggle_market,15.44
Mahindra,Scorpio,2018,8,87000,Diesel,Manual,second,806550,Mahindra Scorpio,kaggle_market,8.07
Bmw,3 Series,2022,4,30000,Petrol,Automatic,first,5676250,Bmw 3 Series,kaggle_market,56.76
Toyota,Fortuner,2020,6,68000,Diesel,Automatic,first,2964950,Toyota Fortuner,kaggle_market,29.65
Hyundai,Creta,2021,5,48000,Diesel,Manual,first,1548500,Hyundai Creta,kaggle_market,15.48
Toyota,Innova Crysta,2017,9,108476,Diesel,Automatic,first,1895250,Toyota Innova Crysta,kaggle_market,18.95
Toyota,Yaris,2018,8,110000,Petrol,Automatic,second,570000,Toyota Yaris,kaggle_market,5.7
Renault,Duster,2014,12,108000,Diesel,Manual,second,346750,Renault Duster,kaggle_market,3.47
Ford,Endeavour,2018,8,121000,Diesel,Automatic,first,2517500,Ford Endeavour,kaggle_market,25.18
Mahindra,Xuv500,2015,11,73000,Diesel,Manual,second,712500,Mahindra Xuv500,kaggle_market,7.12
Mercedes-Benz,Gla,2017,9,75000,Diesel,Automatic,second,1781250,Mercedes-Benz Gla,kaggle_market,17.81
Maruti Suzuki,Swift-Dzire,2018,8,120000,Petrol,Automatic,second,560500,Maruti Suzuki Swift-Dzire,kaggle_market,5.6
Hyundai,Creta,2016,10,85000,Petrol,Manual,first,688750,Hyundai Creta,kaggle_market,6.89
Toyota,Fortuner,2014,12,131000,Diesel,Automatic,second,1995000,Toyota Fortuner,kaggle_market,19.95
Maruti Suzuki,Swift-Dzire,2018,8,72000,Petrol,Automatic,first,660250,Maruti Suzuki Swift-Dzire,kaggle_market,6.6
Nissan,Micra,2013,13,60000,Petrol,Manual,second,313500,Nissan Micra,kaggle_market,3.14
Mg,Hector,2020,6,38000,Petrol,Automatic,first,1092500,Mg Hector,kaggle_market,10.92
Hyundai,Fluidic Verna,2013,13,32230,Petrol,Automatic,first,840750,Hyundai Fluidic Verna,kaggle_market,8.41
Maruti Suzuki,Celerio,2014,12,79000,Petrol,Manual,second,341050,Maruti Suzuki Celerio,kaggle_market,3.41
Ford,Ecosport,2016,10,148000,Diesel,Manual,second,522500,Ford Ecosport,kaggle_market,5.22
Porsche,Macan,2023,3,11000,Petrol,Automatic,first,8407500,Porsche Macan,kaggle_market,84.08
Renault,Triber,2019,7,50000,Petrol,Manual,second,489250,Renault Triber,kaggle_market,4.89
Maruti Suzuki,Estilo,2010,16,76926,Petrol,Manual,first,209000,Maruti Suzuki Estilo,kaggle_market,2.09
Mg,Hector,2020,6,27000,Petrol,Automatic,second,1187500,Mg Hector,kaggle_market,11.88
Hyundai,I20,2017,9,118000,Diesel,Manual,second,498750,Hyundai I20,kaggle_market,4.99
Ford,Figo,2013,13,96000,Diesel,Automatic,second,156750,Ford Figo,kaggle_market,1.57
Ford,Endeavour,2017,9,90000,Diesel,Automatic,second,1795500,Ford Endeavour,kaggle_market,17.95
Maruti Suzuki,Baleno,2018,8,50000,Petrol,Manual,second,475000,Maruti Suzuki Baleno,kaggle_market,4.75
Honda,City,2014,12,76800,Diesel,Manual,second,560500,Honda City,kaggle_market,5.6
Mercedes-Benz,S-Class,2008,18,114256,Diesel,Automatic,second,570000,Mercedes-Benz S-Class,kaggle_market,5.7
Volkswagen,Ventotest,2011,15,77900,Petrol,Manual,second,213750,Volkswagen Ventotest,kaggle_market,2.14
Hyundai,Xcent,2019,7,46000,Petrol,Manual,first,484500,Hyundai Xcent,kaggle_market,4.84
Mercedes-Benz,E-Class,2013,13,89000,Diesel,Automatic,second,759050,Mercedes-Benz E-Class,kaggle_market,7.59
Maruti Suzuki,Baleno,2022,4,21500,Petrol,Automatic,first,817000,Maruti Suzuki Baleno,kaggle_market,8.17
Renault,Kwid,2018,8,50000,Petrol,Automatic,first,346750,Renault Kwid,kaggle_market,3.47
Hyundai,Grand I10,2019,7,31771,Petrol,Manual,first,441750,Hyundai Grand I10,kaggle_market,4.42
Mercedes-Benz,Glc,2017,9,94000,Petrol,Automatic,first,3230000,Mercedes-Benz Glc,kaggle_market,32.3
Maruti Suzuki,Celerio-X,2018,8,40500,Petrol,Manual,second,422750,Maruti Suzuki Celerio-X,kaggle_market,4.23
Hyundai,Verna,2022,4,25000,Petrol,Automatic,first,1116250,Hyundai Verna,kaggle_market,11.16
Ford,Ecosport,2019,7,56516,Petrol,Automatic,first,745750,Ford Ecosport,kaggle_market,7.46
Audi,A6,2013,13,99000,Diesel,Automatic,first,1201750,Audi A6,kaggle_market,12.02
Hyundai,Santro,2009,17,53000,Petrol,Manual,second,223250,Hyundai Santro,kaggle_market,2.23
Toyota,Etios,2011,15,82000,Petrol,Manual,second,166250,Toyota Etios,kaggle_market,1.66
Maruti Suzuki,Celerio,2022,4,62000,Petrol,Manual,first,546250,Maruti Suzuki Celerio,kaggle_market,5.46
Maruti Suzuki,S-Cross,2015,11,81000,Diesel,Manual,first,646000,Maruti Suzuki S-Cross,kaggle_market,6.46
Maruti Suzuki,Swift-Dzire,2019,7,70000,Diesel,Manual,second,593750,Maruti Suzuki Swift-Dzire,kaggle_market,5.94
Bmw,3 Series Gt,2016,10,100000,Diesel,Automatic,first,2251500,Bmw 3 Series Gt,kaggle_market,22.52
Maruti Suzuki,Alto-800,2018,8,78000,Petrol,Manual,second,294500,Maruti Suzuki Alto-800,kaggle_market,2.94
Mercedes-Benz,M-Class,2014,12,115000,Diesel,Automatic,first,1515250,Mercedes-Benz M-Class,kaggle_market,15.15
Maruti Suzuki,Alto-K10,2017,9,55000,Petrol,Automatic,second,295450,Maruti Suzuki Alto-K10,kaggle_market,2.95
Maruti Suzuki,Ritz,2011,15,123000,Diesel,Manual,second,251750,Maruti Suzuki Ritz,kaggle_market,2.52
Honda,City,2016,10,72205,Petrol,Automatic,first,579500,Honda City,kaggle_market,5.8
Maruti Suzuki,Swift,2022,4,42000,Petrol,Automatic,second,612750,Maruti Suzuki Swift,kaggle_market,6.13
Honda,Wrv,2017,9,63000,Diesel,Manual,second,451250,Honda Wrv,kaggle_market,4.51
Maruti Suzuki,Brezza,2023,3,16000,Petrol,Automatic,first,1092500,Maruti Suzuki Brezza,kaggle_market,10.92
Mini,Cooper S,2017,9,34000,Petrol,Automatic,second,3040000,Mini Cooper S,kaggle_market,30.4
Mini,Cooper 3 Door,2016,10,58000,Petrol,Automatic,second,2208750,Mini Cooper 3 Door,kaggle_market,22.09
Maruti Suzuki,Wagon-R,2021,5,53517,Petrol,Manual,first,458850,Maruti Suzuki Wagon-R,kaggle_market,4.59
Hyundai,Creta,2018,8,77000,Diesel,Manual,second,750500,Hyundai Creta,kaggle_market,7.5
Hyundai,Grand I10,2018,8,55000,Petrol,Manual,second,389500,Hyundai Grand I10,kaggle_market,3.9
Mercedes-Benz,S-Class,2014,12,80000,Diesel,Automatic,second,2802500,Mercedes-Benz S-Class,kaggle_market,28.02
Maruti Suzuki,Wagon-R,2011,15,80000,Petrol,Automatic,second,147250,Maruti Suzuki Wagon-R,kaggle_market,1.47
Volkswagen,Polo,2015,11,83600,Petrol,Automatic,second,807500,Volkswagen Polo,kaggle_market,8.07
Mahindra,Scorpio,2016,10,85000,Diesel,Manual,first,1211250,Mahindra Scorpio,kaggle_market,12.11
Hyundai,Verna,2020,6,39688,Petrol,Automatic,second,902499,Hyundai Verna,kaggle_market,9.02
Audi,Q3,2013,13,110000,Diesel,Automatic,second,1035500,Audi Q3,kaggle_market,10.36
Ford,Endeavour,2016,10,82450,Diesel,Automatic,second,1277750,Ford Endeavour,kaggle_market,12.78
Audi,A4,2011,15,78000,Diesel,Automatic,second,736250,Audi A4,kaggle_market,7.36
Honda,City,2018,8,54000,Petrol,Manual,first,759050,Honda City,kaggle_market,7.59
Honda,City,2002,24,111000,Petrol,Manual,second,228000,Honda City,kaggle_market,2.28
Bmw,3 Series,2009,17,134000,Diesel,Automatic,second,521550,Bmw 3 Series,kaggle_market,5.22
Toyota,Fortuner,2015,11,88000,Diesel,Automatic,second,1401250,Toyota Fortuner,kaggle_market,14.01
Hyundai,I10,2014,12,94000,Petrol,Automatic,second,441750,Hyundai I10,kaggle_market,4.42
Maruti Suzuki,Omni,2011,15,98523,Petrol,Manual,second,159600,Maruti Suzuki Omni,kaggle_market,1.6
Maruti Suzuki,Ciaz,2017,9,55000,Petrol,Manual,first,617500,Maruti Suzuki Ciaz,kaggle_market,6.18
Ford,Ecosport,2018,8,140000,Diesel,Manual,first,654550,Ford Ecosport,kaggle_market,6.55
Maruti Suzuki,Eeco,2011,15,54000,Petrol,Manual,second,180500,Maruti Suzuki Eeco,kaggle_market,1.8
Mercedes-Benz,C-Class,2013,13,124000,Diesel,Automatic,second,1111500,Mercedes-Benz C-Class,kaggle_market,11.12
Mercedes-Benz,Cla,2017,9,46000,Petrol,Automatic,second,2090000,Mercedes-Benz Cla,kaggle_market,20.9
Maruti Suzuki,Alto-800,2014,12,74000,Petrol,Manual,second,218500,Maruti Suzuki Alto-800,kaggle_market,2.18
Maruti Suzuki,Swift,2021,5,93000,Petrol,Manual,first,522500,Maruti Suzuki Swift,kaggle_market,5.22
Tata,Manza,2011,15,72000,Diesel,Manual,second,213750,Tata Manza,kaggle_market,2.14
Hyundai,Eon,2014,12,38000,Petrol,Manual,first,270750,Hyundai Eon,kaggle_market,2.71
Maruti Suzuki,Baleno,2016,10,88472,Petrol,Manual,second,532000,Maruti Suzuki Baleno,kaggle_market,5.32
Hyundai,I10,2011,15,50500,Petrol,Manual,first,204250,Hyundai I10,kaggle_market,2.04
Ford,Endeavour,2011,15,95000,Diesel,Manual,second,332500,Ford Endeavour,kaggle_market,3.32
Volkswagen,Polo,2019,7,55000,Petrol,Manual,second,570000,Volkswagen Polo,kaggle_market,5.7
Ford,Figo Aspire,2016,10,65000,Petrol,Automatic,first,475000,Ford Figo Aspire,kaggle_market,4.75
Bmw,3 Series,2015,11,50000,Diesel,Automatic,second,1130500,Bmw 3 Series,kaggle_market,11.3
Maruti Suzuki,Grand Vitara,2023,3,19000,Petrol,Manual,first,1125750,Maruti Suzuki Grand Vitara,kaggle_market,11.26
Hyundai,Elite I20,2017,9,56000,Petrol,Manual,second,436050,Hyundai Elite I20,kaggle_market,4.36
Toyota,Urban Cruiser,2021,5,21077,Petrol,Automatic,first,864500,Toyota Urban Cruiser,kaggle_market,8.64
Kia,Carnival,2022,4,47437,Diesel,Automatic,first,3324050,Kia Carnival,kaggle_market,33.24
Maruti Suzuki,Alto-800,2022,4,75000,Petrol,Manual,first,332500,Maruti Suzuki Alto-800,kaggle_market,3.32
Maruti Suzuki,Wagon-R,2016,10,38000,Petrol,Automatic,second,378100,Maruti Suzuki Wagon-R,kaggle_market,3.78
Toyota,Etios,2014,12,150000,Diesel,Manual,second,342000,Toyota Etios,kaggle_market,3.42
Bmw,3 Series Gt,2015,11,48000,Diesel,Automatic,second,1467750,Bmw 3 Series Gt,kaggle_market,14.68
Maruti Suzuki,Celerio,2018,8,29000,Petrol,Automatic,second,432250,Maruti Suzuki Celerio,kaggle_market,4.32
Maruti Suzuki,Baleno,2022,4,37000,Petrol,Automatic,first,836000,Maruti Suzuki Baleno,kaggle_market,8.36
Hyundai,Fluidic Verna,2018,8,83000,Diesel,Automatic,first,1021250,Hyundai Fluidic Verna,kaggle_market,10.21
Hyundai,Verna,2015,11,62000,Petrol,Manual,first,519650,Hyundai Verna,kaggle_market,5.2
Jeep,Meridian,2022,4,49000,Diesel,Automatic,first,3135000,Jeep Meridian,kaggle_market,31.35
Hyundai,Creta,2016,10,140858,Diesel,Automatic,second,655500,Hyundai Creta,kaggle_market,6.56
Honda,Brio,2013,13,330000,Petrol,Manual,second,313500,Honda Brio,kaggle_market,3.14
Hyundai,Santro,2008,18,140000,Petrol,Manual,second,180500,Hyundai Santro,kaggle_market,1.8
Honda,Amaze,2015,11,72000,Diesel,Manual,second,361000,Honda Amaze,kaggle_market,3.61
Hyundai,I10,2010,16,78500,Petrol,Manual,second,213750,Hyundai I10,kaggle_market,2.14
Maruti Suzuki,Swift,2014,12,83000,Petrol,Manual,first,427500,Maruti Suzuki Swift,kaggle_market,4.28
Volkswagen,Jetta,2012,14,85000,Diesel,Automatic,second,617500,Volkswagen Jetta,kaggle_market,6.18
Volkswagen,Polo,2014,12,64000,Petrol,Manual,second,332500,Volkswagen Polo,kaggle_market,3.32
Honda,Accord,2010,16,33000,Petrol,Manual,first,390450,Honda Accord,kaggle_market,3.9
Land Rover,Range Rover Velar,2023,3,6000,Petrol,Automatic,second,8051355,Land Rover Range Rover Velar,kaggle_market,80.51
Honda,Wrv,2017,9,144000,Diesel,Manual,first,641250,Honda Wrv,kaggle_market,6.41
Toyota,Fortuner,2017,9,57500,Diesel,Automatic,first,3277500,Toyota Fortuner,kaggle_market,32.78
Honda,Jazz,2016,10,115000,Diesel,Manual,second,469300,Honda Jazz,kaggle_market,4.69
Mercedes-Benz,Cla,2015,11,122000,Diesel,Automatic,second,1710000,Mercedes-Benz Cla,kaggle_market,17.1
Honda,Amaze,2016,10,45135,Petrol,Manual,second,360050,Honda Amaze,kaggle_market,3.6
Tata,Nexon,2020,6,80123,Petrol,Automatic,first,660250,Tata Nexon,kaggle_market,6.6
Ford,Ecosport,2017,9,81000,Diesel,Manual,second,441750,Ford Ecosport,kaggle_market,4.42
Maruti Suzuki,Alto-800,2017,9,89000,Petrol,Manual,second,294500,Maruti Suzuki Alto-800,kaggle_market,2.94
Toyota,Innova Crysta,2020,6,71000,Diesel,Automatic,second,2256250,Toyota Innova Crysta,kaggle_market,22.56
Maruti Suzuki,Maruti-Suzuki-Brezza,2020,6,73000,Petrol,Manual,first,698250,Maruti Suzuki Maruti-Suzuki-Brezza,kaggle_market,6.98
Skoda,Slavia,2022,4,19500,Petrol,Manual,first,1092500,Skoda Slavia,kaggle_market,10.92
Hyundai,I10,2009,17,117000,Petrol,Manual,second,152000,Hyundai I10,kaggle_market,1.52
Audi,A6,2015,11,82233,Diesel,Automatic,first,840750,Audi A6,kaggle_market,8.41
Toyota,Innova Hycross,2024,2,1234,Petrol,Manual,first,665000,Toyota Innova Hycross,kaggle_market,6.65
Land Rover,Range Rover Evoque,2018,8,50000,Diesel,Automatic,second,2517500,Land Rover Range Rover Evoque,kaggle_market,25.18
Maruti Suzuki,Wagon-R,2015,11,80000,Petrol,Manual,first,351500,Maruti Suzuki Wagon-R,kaggle_market,3.52
Mahindra,Xuv500,2016,10,54000,Diesel,Manual,second,831250,Mahindra Xuv500,kaggle_market,8.31
Maruti Suzuki,Vitara-Brezza,2020,6,37512,Petrol,Manual,second,755250,Maruti Suzuki Vitara-Brezza,kaggle_market,7.55
Bmw,3 Series Gt,2015,11,69000,Diesel,Automatic,second,1187500,Bmw 3 Series Gt,kaggle_market,11.88
Land Rover,Freelander 2,2015,11,110000,Diesel,Automatic,second,1424050,Land Rover Freelander 2,kaggle_market,14.24
Ford,Ecosport,2018,8,25000,Petrol,Automatic,first,593750,Ford Ecosport,kaggle_market,5.94
Tata,Nano,2014,12,100000,Petrol,Manual,first,133000,Tata Nano,kaggle_market,1.33
Hyundai,Grand I10 Nios,2021,5,34000,Petrol,Automatic,first,593750,Hyundai Grand I10 Nios,kaggle_market,5.94
Hyundai,Santro,2011,15,65000,Petrol,Manual,second,152000,Hyundai Santro,kaggle_market,1.52
Nissan,Magnite,2021,5,38777,Petrol,Automatic,first,711550,Nissan Magnite,kaggle_market,7.12
Land Rover,Discovery Sport,2019,7,51000,Diesel,Automatic,first,3610000,Land Rover Discovery Sport,kaggle_market,36.1
Maruti Suzuki,Celerio,2017,9,20000,Petrol,Automatic,first,451250,Maruti Suzuki Celerio,kaggle_market,4.51
Honda,City,2012,14,68000,Petrol,Manual,first,346750,Honda City,kaggle_market,3.47
Maruti Suzuki,Celerio,2016,10,60000,Petrol,Automatic,second,389500,Maruti Suzuki Celerio,kaggle_market,3.9
Mahindra,Xuv500,2015,11,145000,Diesel,Manual,second,831250,Mahindra Xuv500,kaggle_market,8.31
Toyota,Fortuner,2019,7,165000,Diesel,Automatic,second,2136550,Toyota Fortuner,kaggle_market,21.37
Toyota,Fortuner,2014,12,129000,Diesel,Automatic,second,1178000,Toyota Fortuner,kaggle_market,11.78
Honda,City,2008,18,89000,Petrol,Manual,first,218500,Honda City,kaggle_market,2.18
Renault,Kwid,2017,9,17500,Petrol,Automatic,first,299250,Renault Kwid,kaggle_market,2.99
Volkswagen,Vento,2014,12,49000,Petrol,Automatic,second,427500,Volkswagen Vento,kaggle_market,4.28
Mitsubishi,Pajero Sport,2014,12,89000,Diesel,Manual,second,712500,Mitsubishi Pajero Sport,kaggle_market,7.12
Mercedes-Benz,Cla,2015,11,73000,Diesel,Automatic,first,1591250,Mercedes-Benz Cla,kaggle_market,15.91
Maruti Suzuki,Ignis,2019,7,81000,Petrol,Automatic,second,560500,Maruti Suzuki Ignis,kaggle_market,5.6
Renault,Kwid,2022,4,42000,Petrol,Manual,first,427500,Renault Kwid,kaggle_market,4.28
Honda,City,2012,14,128000,Petrol,Manual,second,451250,Honda City,kaggle_market,4.51
Honda,City,2016,10,40000,Petrol,Manual,first,560500,Honda City,kaggle_market,5.6
Ford,Ecosport,2015,11,82000,Petrol,Automatic,second,470250,Ford Ecosport,kaggle_market,4.7
Hyundai,I20,2014,12,54752,Petrol,Manual,second,503500,Hyundai I20,kaggle_market,5.04
Maruti Suzuki,Swift,2024,2,3455,Petrol,Manual,first,902500,Maruti Suzuki Swift,kaggle_market,9.02
Maruti Suzuki,Ertiga,2019,7,66000,Diesel,Manual,second,1021250,Maruti Suzuki Ertiga,kaggle_market,10.21
Hyundai,Grand I10,2016,10,25000,Petrol,Manual,second,470250,Hyundai Grand I10,kaggle_market,4.7
Hyundai,Eon,2015,11,89523,Petrol,Manual,second,204250,Hyundai Eon,kaggle_market,2.04
Hyundai,Grand I10 Nios,2020,6,55412,Petrol,Automatic,first,565250,Hyundai Grand I10 Nios,kaggle_market,5.65
Maruti Suzuki,Swift,2012,14,200000,Diesel,Manual,second,361000,Maruti Suzuki Swift,kaggle_market,3.61
Mercedes-Benz,Gle Class,2017,9,68000,Diesel,Automatic,second,2612500,Mercedes-Benz Gle Class,kaggle_market,26.12
Maruti Suzuki,Swift-Dzire,2009,17,200000,Petrol,Manual,second,169100,Maruti Suzuki Swift-Dzire,kaggle_market,1.69
Maruti Suzuki,Celerio,2018,8,39000,Petrol,Automatic,second,465500,Maruti Suzuki Celerio,kaggle_market,4.66
Honda,Brio,2012,14,85000,Petrol,Manual,second,337250,Honda Brio,kaggle_market,3.37
Renault,Triber,2021,5,51000,Petrol,Manual,second,579500,Renault Triber,kaggle_market,5.8
Tata,Altroz,2022,4,14001,Petrol,Automatic,second,807499,Tata Altroz,kaggle_market,8.07
Renault,Duster,2020,6,110000,Diesel,Automatic,first,926250,Renault Duster,kaggle_market,9.26
Audi,Q5,2015,11,89000,Diesel,Automatic,second,1216000,Audi Q5,kaggle_market,12.16
Volkswagen,Polo,2021,5,39000,Petrol,Automatic,first,921500,Volkswagen Polo,kaggle_market,9.22
Volkswagen,Polo,2021,5,71000,Petrol,Manual,first,532000,Volkswagen Polo,kaggle_market,5.32
Skoda,Rapid,2016,10,157000,Diesel,Automatic,second,612750,Skoda Rapid,kaggle_market,6.13
Hyundai,Creta,2016,10,106000,Diesel,Automatic,second,883500,Hyundai Creta,kaggle_market,8.84
Hyundai,Venue,2020,6,60000,Petrol,Manual,first,722000,Hyundai Venue,kaggle_market,7.22
Tata,Nano Genx,2017,9,48100,Petrol,Automatic,second,247000,Tata Nano Genx,kaggle_market,2.47
Maruti Suzuki,Ignis,2018,8,70000,Petrol,Manual,first,399000,Maruti Suzuki Ignis,kaggle_market,3.99
Hyundai,I10,2011,15,85000,Petrol,Manual,second,104500,Hyundai I10,kaggle_market,1.04
Toyota,Camry,2012,14,95747,Petrol,Automatic,second,675450,Toyota Camry,kaggle_market,6.75
Hyundai,I20,2019,7,69000,Petrol,Automatic,first,617499,Hyundai I20,kaggle_market,6.17
Maruti Suzuki,Swift,2017,9,60000,Petrol,Manual,first,579500,Maruti Suzuki Swift,kaggle_market,5.8
Renault,Duster,2019,7,45610,Petrol,Automatic,first,654930,Renault Duster,kaggle_market,6.55
Hyundai,Verna,2019,7,44000,Diesel,Automatic,first,845500,Hyundai Verna,kaggle_market,8.46
Honda,City,2010,16,81000,Petrol,Manual,first,323000,Honda City,kaggle_market,3.23
Maruti Suzuki,Celerio,2017,9,139120,Diesel,Manual,second,399000,Maruti Suzuki Celerio,kaggle_market,3.99
Volkswagen,Ventotest,2016,10,118000,Petrol,Manual,first,598500,Volkswagen Ventotest,kaggle_market,5.98
Maruti Suzuki,Swift,2015,11,74000,Diesel,Manual,first,437000,Maruti Suzuki Swift,kaggle_market,4.37
Maruti Suzuki,Xl6,2021,5,20000,Petrol,Manual,first,978500,Maruti Suzuki Xl6,kaggle_market,9.78
Honda,Amaze,2018,8,58000,Petrol,Automatic,first,498750,Honda Amaze,kaggle_market,4.99
Maruti Suzuki,Eeco,2014,12,165000,Petrol,Manual,second,190000,Maruti Suzuki Eeco,kaggle_market,1.9
Toyota,Innova Crysta,2016,10,190000,Diesel,Automatic,second,1710000,Toyota Innova Crysta,kaggle_market,17.1
Tata,Nexon,2018,8,98523,Diesel,Manual,first,617500,Tata Nexon,kaggle_market,6.18
Maruti Suzuki,Wagon-R-1-0,2016,10,71000,Petrol,Manual,second,375250,Maruti Suzuki Wagon-R-1-0,kaggle_market,3.75
Mg,Hector,2021,5,26000,Petrol,Automatic,first,1330000,Mg Hector,kaggle_market,13.3
Maruti Suzuki,Alto-800,2012,14,67000,Petrol,Manual,second,152000,Maruti Suzuki Alto-800,kaggle_market,1.52
Maruti Suzuki,Ignis,2018,8,45000,Petrol,Automatic,second,470250,Maruti Suzuki Ignis,kaggle_market,4.7
Toyota,Innova,2008,18,75000,Diesel,Manual,first,686111,Toyota Innova,kaggle_market,6.86
Maruti Suzuki,Alto-K10,2011,15,110000,Petrol,Automatic,second,118750,Maruti Suzuki Alto-K10,kaggle_market,1.19
Honda,City,2015,11,56000,Petrol,Automatic,second,612750,Honda City,kaggle_market,6.13
Hyundai,Alcazar,2022,4,36304,Petrol,Manual,first,1662500,Hyundai Alcazar,kaggle_market,16.62
Toyota,Fortuner,2012,14,178000,Diesel,Automatic,second,1187500,Toyota Fortuner,kaggle_market,11.88
Honda,City,2014,12,70000,Petrol,Automatic,first,498750,Honda City,kaggle_market,4.99
Mini,Cooper S,2019,7,41400,Petrol,Automatic,second,4275000,Mini Cooper S,kaggle_market,42.75
Honda,Crv,2019,7,129000,Petrol,Automatic,second,1567500,Honda Crv,kaggle_market,15.68
Maruti Suzuki,Omni,2018,8,57376,Petrol,Manual,second,346750,Maruti Suzuki Omni,kaggle_market,3.47
Maruti Suzuki,Alto,2006,20,125000,Petrol,Manual,second,152000,Maruti Suzuki Alto,kaggle_market,1.52
Maruti Suzuki,Ritz,2010,16,63000,Petrol,Manual,second,204250,Maruti Suzuki Ritz,kaggle_market,2.04
Hyundai,Verna,2012,14,57000,Petrol,Manual,second,403750,Hyundai Verna,kaggle_market,4.04
Volkswagen,Polo,2017,9,90000,Diesel,Manual,second,560500,Volkswagen Polo,kaggle_market,5.6
Maruti Suzuki,Vitara Brezza,2017,9,113000,Diesel,Manual,second,641250,Maruti Suzuki Vitara Brezza,kaggle_market,6.41
Maruti Suzuki,Alto-800,2016,10,18000,Petrol,Manual,first,175750,Maruti Suzuki Alto-800,kaggle_market,1.76
Hyundai,Eon,2018,8,63000,Petrol,Manual,first,251750,Hyundai Eon,kaggle_market,2.52
Toyota,Innova Crysta,2016,10,77430,Diesel,Automatic,second,1501000,Toyota Innova Crysta,kaggle_market,15.01
Maruti Suzuki,Celerio,2015,11,79000,Petrol,Automatic,second,380000,Maruti Suzuki Celerio,kaggle_market,3.8
Mahindra,Xylo,2011,15,95000,Diesel,Manual,second,175750,Mahindra Xylo,kaggle_market,1.76
Volkswagen,Polo,2018,8,19000,Petrol,Manual,second,660250,Volkswagen Polo,kaggle_market,6.6
Hyundai,I20,2010,16,88000,Petrol,Manual,second,156750,Hyundai I20,kaggle_market,1.57
Mercedes-Benz,B Class,2017,9,10000,Petrol,Automatic,second,1306250,Mercedes-Benz B Class,kaggle_market,13.06
Maruti Suzuki,Swift,2017,9,60000,Petrol,Manual,first,489250,Maruti Suzuki Swift,kaggle_market,4.89
Maruti Suzuki,Ritz,2015,11,55000,Diesel,Manual,second,308750,Maruti Suzuki Ritz,kaggle_market,3.09
Maruti Suzuki,Eeco,2021,5,40000,Petrol,Manual,first,493999,Maruti Suzuki Eeco,kaggle_market,4.94
Maruti Suzuki,Alto,2009,17,55000,Petrol,Manual,first,213750,Maruti Suzuki Alto,kaggle_market,2.14
Toyota,Etios,2014,12,56000,Diesel,Manual,first,428450,Toyota Etios,kaggle_market,4.28
Mercedes-Benz,E-Class,2018,8,45000,Diesel,Automatic,second,2707500,Mercedes-Benz E-Class,kaggle_market,27.08
Chevrolet,Enjoy,2014,12,95000,Diesel,Manual,second,361000,Chevrolet Enjoy,kaggle_market,3.61
Hyundai,Alcazar,2021,5,55000,Petrol,Automatic,first,1615000,Hyundai Alcazar,kaggle_market,16.15
Honda,City,2018,8,35234,Petrol,Automatic,second,713450,Honda City,kaggle_market,7.13
Honda,City,2019,7,69000,Petrol,Manual,first,688750,Honda City,kaggle_market,6.89
Volkswagen,Ventotest,2011,15,90000,Diesel,Manual,second,285000,Volkswagen Ventotest,kaggle_market,2.85
Tata,Nano,2012,14,50000,Petrol,Manual,second,76000,Tata Nano,kaggle_market,0.76
Hyundai,Venue,2021,5,28000,Petrol,Automatic,first,902500,Hyundai Venue,kaggle_market,9.02
Mahindra,Bolero,2012,14,120000,Diesel,Manual,second,565250,Mahindra Bolero,kaggle_market,5.65
Ford,Figo,2014,12,105000,Diesel,Manual,second,308750,Ford Figo,kaggle_market,3.09
Skoda,Superb,2019,7,35000,Petrol,Automatic,second,1733750,Skoda Superb,kaggle_market,17.34
Ford,Endeavour,2017,9,89000,Diesel,Automatic,first,1900000,Ford Endeavour,kaggle_market,19.0
Hyundai,I10,2009,17,88000,Petrol,Automatic,second,209000,Hyundai I10,kaggle_market,2.09
Mahindra,Thar,2021,5,45000,Diesel,Automatic,second,1282500,Mahindra Thar,kaggle_market,12.82
Toyota,Innova,2013,13,195000,Diesel,Manual,second,608000,Toyota Innova,kaggle_market,6.08
Tata,Nexon,2018,8,80000,Diesel,Automatic,first,532000,Tata Nexon,kaggle_market,5.32
Bmw,X3,2011,15,151244,Diesel,Automatic,second,1296750,Bmw X3,kaggle_market,12.97
Tata,Zest,2015,11,103000,Diesel,Automatic,second,270750,Tata Zest,kaggle_market,2.71
Bmw,5 Series,2017,9,42000,Diesel,Automatic,first,2992500,Bmw 5 Series,kaggle_market,29.92
Hyundai,I20,2022,4,73000,Petrol,Manual,first,675450,Hyundai I20,kaggle_market,6.75
Maruti Suzuki,Alto K10,2018,8,62956,Petrol,Manual,first,346750,Maruti Suzuki Alto K10,kaggle_market,3.47
Kia,Seltos,2019,7,35200,Diesel,Automatic,second,1311000,Kia Seltos,kaggle_market,13.11
Maruti Suzuki,Maruti-Suzuki-Dzire,2015,11,60000,Petrol,Manual,first,470250,Maruti Suzuki Maruti-Suzuki-Dzire,kaggle_market,4.7
Mahindra,Thar,2022,4,50000,Diesel,Manual,second,1377500,Mahindra Thar,kaggle_market,13.78
Mercedes-Benz,E-Class,2013,13,78000,Diesel,Automatic,first,1519050,Mercedes-Benz E-Class,kaggle_market,15.19
Toyota,Fortuner,2018,8,165000,Diesel,Automatic,second,3087500,Toyota Fortuner,kaggle_market,30.88
Mercedes-Benz,Cla,2018,8,28691,Petrol,Automatic,second,2280000,Mercedes-Benz Cla,kaggle_market,22.8
Maruti Suzuki,Swift,2016,10,95000,Diesel,Manual,second,465500,Maruti Suzuki Swift,kaggle_market,4.66
Mahindra,Thar,2022,4,22000,Petrol,Automatic,second,1496250,Mahindra Thar,kaggle_market,14.96
Ford,Ecosport,2020,6,58000,Petrol,Manual,second,546250,Ford Ecosport,kaggle_market,5.46
Tata,Hexa,2017,9,111677,Diesel,Automatic,second,1258750,Tata Hexa,kaggle_market,12.59
Hyundai,Xcent Prime,2020,6,85326,Diesel,Manual,second,494000,Hyundai Xcent Prime,kaggle_market,4.94
Honda,City Zx,2008,18,82000,Petrol,Automatic,first,161500,Honda City Zx,kaggle_market,1.62
Maruti Suzuki,Ciaz,2015,11,87532,Diesel,Manual,first,655500,Maruti Suzuki Ciaz,kaggle_market,6.56
Hyundai,Creta,2016,10,88000,Diesel,Manual,second,612750,Hyundai Creta,kaggle_market,6.13
Nissan,Magnite,2021,5,17000,Petrol,Automatic,first,802750,Nissan Magnite,kaggle_market,8.03
Maruti Suzuki,Swift,2021,5,32000,Petrol,Automatic,second,532000,Maruti Suzuki Swift,kaggle_market,5.32
Maruti Suzuki,Ignis,2018,8,22000,Petrol,Automatic,second,503500,Maruti Suzuki Ignis,kaggle_market,5.04
Maruti Suzuki,Swift-Dzire,2010,16,70000,Petrol,Manual,first,251750,Maruti Suzuki Swift-Dzire,kaggle_market,2.52
Maruti Suzuki,Ritz,2010,16,90000,Petrol,Manual,second,251750,Maruti Suzuki Ritz,kaggle_market,2.52
Renault,Kwid,2017,9,79000,Petrol,Manual,second,218500,Renault Kwid,kaggle_market,2.18
Honda,Accord,2008,18,87000,Petrol,Automatic,second,446500,Honda Accord,kaggle_market,4.46
Bmw,M2,2020,6,9000,Petrol,Automatic,first,7980000,Bmw M2,kaggle_market,79.8
Honda,Crv,2005,21,75000,Petrol,Automatic,second,189050,Honda Crv,kaggle_market,1.89
Maruti Suzuki,Swift,2015,11,72000,Petrol,Manual,first,352450,Maruti Suzuki Swift,kaggle_market,3.52
Mitsubishi,Outlander,2010,16,100000,Petrol,Automatic,second,379050,Mitsubishi Outlander,kaggle_market,3.79
Maruti Suzuki,Ertiga,2019,7,25000,Petrol,Automatic,first,912000,Maruti Suzuki Ertiga,kaggle_market,9.12
Honda,City,2011,15,92200,Petrol,Automatic,second,275500,Honda City,kaggle_market,2.76
Honda,Brio,2012,14,81859,Petrol,Manual,second,304000,Honda Brio,kaggle_market,3.04
Toyota,Innova Crysta,2016,10,161000,Diesel,Automatic,second,1971250,Toyota Innova Crysta,kaggle_market,19.71
Maruti Suzuki,Wagon-R,2010,16,87000,Petrol,Manual,first,304000,Maruti Suzuki Wagon-R,kaggle_market,3.04
Jeep,Compass,2019,7,65976,Petrol,Automatic,first,1377500,Jeep Compass,kaggle_market,13.78
Maruti Suzuki,Baleno,2020,6,60000,Petrol,Manual,first,712500,Maruti Suzuki Baleno,kaggle_market,7.12
Toyota,Yaris,2018,8,58000,Petrol,Automatic,first,532000,Toyota Yaris,kaggle_market,5.32
Maruti Suzuki,Baleno,2019,7,65322,Petrol,Manual,second,593750,Maruti Suzuki Baleno,kaggle_market,5.94
Toyota,Innova Crysta,2017,9,188000,Diesel,Manual,second,1353750,Toyota Innova Crysta,kaggle_market,13.54
Hyundai,Grand I10,2014,12,63000,Petrol,Automatic,second,403750,Hyundai Grand I10,kaggle_market,4.04
Volkswagen,Virtus,2022,4,25000,Petrol,Manual,first,1225500,Volkswagen Virtus,kaggle_market,12.26
Hyundai,Grand I10 Nios,2020,6,25000,Petrol,Automatic,first,589950,Hyundai Grand I10 Nios,kaggle_market,5.9
Hyundai,I10,2008,18,68000,Petrol,Manual,first,104500,Hyundai I10,kaggle_market,1.04
Skoda,Octavia,2017,9,125300,Diesel,Automatic,first,1420250,Skoda Octavia,kaggle_market,14.2
Mercedes-Benz,C-Class,2016,10,28000,Diesel,Automatic,first,2850000,Mercedes-Benz C-Class,kaggle_market,28.5
Nissan,Terrano,2014,12,133000,Diesel,Manual,second,427500,Nissan Terrano,kaggle_market,4.28
Honda,City,2016,10,112000,Petrol,Manual,first,745750,Honda City,kaggle_market,7.46
Hyundai,I20,2021,5,25000,Petrol,Manual,second,608000,Hyundai I20,kaggle_market,6.08
Toyota,Innova Crysta,2022,4,81000,Diesel,Automatic,first,2422500,Toyota Innova Crysta,kaggle_market,24.22
Ford,Ecosport,2019,7,64000,Diesel,Manual,second,707750,Ford Ecosport,kaggle_market,7.08
Tata,Zest,2016,10,71000,Diesel,Manual,first,451250,Tata Zest,kaggle_market,4.51
Nissan,Magnite,2024,2,3313,Petrol,Automatic,first,741000,Nissan Magnite,kaggle_market,7.41
Hyundai,Grand I10,2018,8,34000,Petrol,Automatic,second,517750,Hyundai Grand I10,kaggle_market,5.18
Maruti Suzuki,Swift-Dzire,2014,12,34260,Diesel,Manual,second,346750,Maruti Suzuki Swift-Dzire,kaggle_market,3.47
Maruti Suzuki,Celerio,2014,12,72000,Petrol,Automatic,first,342950,Maruti Suzuki Celerio,kaggle_market,3.43
Bmw,3 Series,2022,4,43000,Petrol,Automatic,first,4940000,Bmw 3 Series,kaggle_market,49.4
Maruti Suzuki,Swift,2019,7,75000,Diesel,Automatic,second,712500,Maruti Suzuki Swift,kaggle_market,7.12
Maruti Suzuki,Ritz,2011,15,60500,Diesel,Manual,second,342000,Maruti Suzuki Ritz,kaggle_market,3.42
Renault,Kwid,2016,10,61000,Petrol,Manual,second,228000,Renault Kwid,kaggle_market,2.28
Hyundai,Grand I10,2019,7,57000,Petrol,Manual,first,498750,Hyundai Grand I10,kaggle_market,4.99
Mahindra,Marazzo,2020,6,68728,Diesel,Manual,second,1092500,Mahindra Marazzo,kaggle_market,10.92
Mercedes-Benz,Cls-Class,2017,9,64000,Diesel,Automatic,second,2184050,Mercedes-Benz Cls-Class,kaggle_market,21.84
Hyundai,Eon,2012,14,57000,Petrol,Manual,second,147250,Hyundai Eon,kaggle_market,1.47
Ford,Figo,2016,10,60000,Petrol,Automatic,second,470250,Ford Figo,kaggle_market,4.7
Audi,A4,2014,12,72000,Diesel,Automatic,second,688750,Audi A4,kaggle_market,6.89
Toyota,Innova Crysta,2017,9,105000,Petrol,Automatic,second,997500,Toyota Innova Crysta,kaggle_market,9.98
Maruti Suzuki,Ertiga,2020,6,81000,Petrol,Manual,second,902500,Maruti Suzuki Ertiga,kaggle_market,9.02
Hyundai,Grand I10,2017,9,38000,Petrol,Manual,second,427500,Hyundai Grand I10,kaggle_market,4.28
Maruti Suzuki,Swift,2017,9,19000,Petrol,Manual,first,522500,Maruti Suzuki Swift,kaggle_market,5.22
Hyundai,I10,2011,15,46000,Petrol,Manual,second,137750,Hyundai I10,kaggle_market,1.38
Maruti Suzuki,Maruti-Suzuki-Dzire,2010,16,77000,Petrol,Manual,second,284050,Maruti Suzuki Maruti-Suzuki-Dzire,kaggle_market,2.84
Hyundai,Venue,2019,7,25619,Petrol,Automatic,second,758100,Hyundai Venue,kaggle_market,7.58
Hyundai,Fluidic Verna,2017,9,101000,Diesel,Manual,first,660250,Hyundai Fluidic Verna,kaggle_market,6.6
Maruti Suzuki,Swift-Dzire,2008,18,89000,Diesel,Manual,second,278350,Maruti Suzuki Swift-Dzire,kaggle_market,2.78
Kia,Seltos,2020,6,55000,Diesel,Automatic,first,1424050,Kia Seltos,kaggle_market,14.24
Hyundai,Tucson,2017,9,65000,Diesel,Automatic,second,902500,Hyundai Tucson,kaggle_market,9.02
Hyundai,Grand I10 Nios,2023,3,12000,Petrol,Manual,first,688750,Hyundai Grand I10 Nios,kaggle_market,6.89
Mahindra,Thar,2021,5,21000,Diesel,Manual,second,1472500,Mahindra Thar,kaggle_market,14.72
Jeep,Compass,2019,7,61000,Petrol,Automatic,first,1282500,Jeep Compass,kaggle_market,12.82
Honda,Amaze,2013,13,95000,Diesel,Manual,second,294500,Honda Amaze,kaggle_market,2.94
Mahindra,Thar,2020,6,53000,Diesel,Automatic,second,1235000,Mahindra Thar,kaggle_market,12.35
Volvo,Xc60,2017,9,80000,Diesel,Automatic,second,1748000,Volvo Xc60,kaggle_market,17.48
Bmw,5 Series,2013,13,70000,Diesel,Automatic,second,1615000,Bmw 5 Series,kaggle_market,16.15
Maruti Suzuki,Wagon-R,2019,7,39000,Petrol,Manual,first,473100,Maruti Suzuki Wagon-R,kaggle_market,4.73
Maruti Suzuki,Swift,2021,5,53499,Petrol,Manual,first,589000,Maruti Suzuki Swift,kaggle_market,5.89
Tata,Punch,2022,4,9100,Petrol,Automatic,first,684000,Tata Punch,kaggle_market,6.84
Bmw,5 Series,2014,12,110000,Diesel,Automatic,second,1520000,Bmw 5 Series,kaggle_market,15.2
Honda,City,2018,8,65234,Petrol,Automatic,first,664050,Honda City,kaggle_market,6.64
Maruti Suzuki,Celerio,2020,6,28000,Petrol,Manual,first,394250,Maruti Suzuki Celerio,kaggle_market,3.94
Audi,Q5,2020,6,40000,Diesel,Automatic,second,3942500,Audi Q5,kaggle_market,39.42
Hyundai,Verna,2011,15,45000,Petrol,Automatic,first,375250,Hyundai Verna,kaggle_market,3.75
Honda,City,2020,6,53000,Petrol,Automatic,first,926250,Honda City,kaggle_market,9.26
Maruti Suzuki,Baleno,2017,9,24806,Petrol,Automatic,first,688750,Maruti Suzuki Baleno,kaggle_market,6.89
Ford,Fiesta Classic,2013,13,126141,Diesel,Manual,second,246050,Ford Fiesta Classic,kaggle_market,2.46
Hyundai,Grand I10,2015,11,66980,Petrol,Automatic,second,425600,Hyundai Grand I10,kaggle_market,4.26
Toyota,Etios Liva,2011,15,91000,Petrol,Manual,first,232750,Toyota Etios Liva,kaggle_market,2.33
Ford,Ecosport,2018,8,59460,Petrol,Manual,first,555750,Ford Ecosport,kaggle_market,5.56
Land Rover,Discovery Sport,2018,8,86008,Diesel,Automatic,first,3277500,Land Rover Discovery Sport,kaggle_market,32.78
Bmw,X1,2016,10,55231,Diesel,Automatic,second,1472500,Bmw X1,kaggle_market,14.72
Hyundai,Xcent,2015,11,94371,Petrol,Manual,second,311458,Hyundai Xcent,kaggle_market,3.11
Tata,Nano,2015,11,30000,Petrol,Manual,second,123500,Tata Nano,kaggle_market,1.24
Maruti Suzuki,Baleno,2017,9,78412,Petrol,Automatic,first,498750,Maruti Suzuki Baleno,kaggle_market,4.99
Maruti Suzuki,Celerio,2014,12,66339,Petrol,Automatic,second,351500,Maruti Suzuki Celerio,kaggle_market,3.52
Skoda,Rapid,2019,7,62000,Petrol,Manual,first,565250,Skoda Rapid,kaggle_market,5.65
Maruti Suzuki,Ignis,2022,4,20000,Petrol,Automatic,first,665000,Maruti Suzuki Ignis,kaggle_market,6.65
Bmw,X1,2012,14,80000,Diesel,Automatic,second,1187500,Bmw X1,kaggle_market,11.88
Maruti Suzuki,Alto,2009,17,82000,Petrol,Manual,second,169100,Maruti Suzuki Alto,kaggle_market,1.69
Hyundai,Santro,2007,19,102820,Petrol,Manual,second,116850,Hyundai Santro,kaggle_market,1.17
Maruti Suzuki,Alto-K10,2018,8,55000,Petrol,Manual,first,375250,Maruti Suzuki Alto-K10,kaggle_market,3.75
Maruti Suzuki,Swift,2010,16,75000,Diesel,Manual,second,179444,Maruti Suzuki Swift,kaggle_market,1.79
Maruti Suzuki,Baleno,2016,10,54000,Petrol,Automatic,second,593750,Maruti Suzuki Baleno,kaggle_market,5.94
Force,Motors Fm Trax Cruiser,2018,8,270000,Diesel,Manual,second,1035500,Force Motors Fm Trax Cruiser,kaggle_market,10.36
Maruti Suzuki,A-Star,2010,16,98120,Petrol,Manual,second,133000,Maruti Suzuki A-Star,kaggle_market,1.33
Mercedes-Benz,S-Class,2014,12,114000,Diesel,Automatic,second,2993450,Mercedes-Benz S-Class,kaggle_market,29.93
Mahindra,Xuv500,2015,11,99774,Diesel,Manual,second,831250,Mahindra Xuv500,kaggle_market,8.31
Toyota,Innova,2015,11,105000,Diesel,Manual,second,1092500,Toyota Innova,kaggle_market,10.92
Hyundai,Grand I10,2015,11,70475,Diesel,Manual,second,370500,Hyundai Grand I10,kaggle_market,3.7
Hyundai,I10,2009,17,91000,Petrol,Manual,first,237500,Hyundai I10,kaggle_market,2.38
Volkswagen,Polo,2021,5,47000,Petrol,Automatic,second,1021250,Volkswagen Polo,kaggle_market,10.21
Maruti Suzuki,Ciaz,2017,9,15000,Petrol,Automatic,second,544350,Maruti Suzuki Ciaz,kaggle_market,5.44
Volvo,V40 Cross Country,2014,12,116000,Diesel,Automatic,second,997500,Volvo V40 Cross Country,kaggle_market,9.98
Hyundai,Tucson,2018,8,81000,Diesel,Automatic,first,1092500,Hyundai Tucson,kaggle_market,10.92
Ford,Ecosport,2016,10,100000,Diesel,Manual,second,532000,Ford Ecosport,kaggle_market,5.32
Volvo,Xc60,2015,11,108000,Diesel,Automatic,first,1187500,Volvo Xc60,kaggle_market,11.88
Ford,Ecosport,2018,8,58000,Diesel,Manual,first,522500,Ford Ecosport,kaggle_market,5.22
Mahindra,Xuv 300,2021,5,48271,Petrol,Automatic,second,850250,Mahindra Xuv 300,kaggle_market,8.5
Maruti Suzuki,Wagon-R,2018,8,60000,Petrol,Automatic,first,375250,Maruti Suzuki Wagon-R,kaggle_market,3.75
Skoda,Rapid,2016,10,93857,Petrol,Automatic,second,370500,Skoda Rapid,kaggle_market,3.7
Mahindra,Verito Vibe,2012,14,15600,Diesel,Automatic,second,128250,Mahindra Verito Vibe,kaggle_market,1.28
Maruti Suzuki,Wagon-R,2016,10,38850,Petrol,Automatic,first,389500,Maruti Suzuki Wagon-R,kaggle_market,3.9
Maruti Suzuki,Ertiga,2017,9,78000,Petrol,Automatic,first,588999,Maruti Suzuki Ertiga,kaggle_market,5.89
Toyota,Urban Cruiser,2021,5,37000,Petrol,Automatic,first,959500,Toyota Urban Cruiser,kaggle_market,9.6
Mercedes-Benz,E-Class,2011,15,77000,Petrol,Automatic,second,717777,Mercedes-Benz E-Class,kaggle_market,7.18
Kia,Carens,2023,3,20000,Diesel,Automatic,first,1805000,Kia Carens,kaggle_market,18.05
Honda,Brio,2017,9,117000,Petrol,Manual,first,427500,Honda Brio,kaggle_market,4.28
Toyota,Fortuner,2019,7,55000,Petrol,Automatic,first,2517500,Toyota Fortuner,kaggle_market,25.18
Kia,Carnival,2021,5,11000,Diesel,Automatic,first,2845250,Kia Carnival,kaggle_market,28.45
Hyundai,Grand I10 Nios,2021,5,29938,Petrol,Manual,first,515850,Hyundai Grand I10 Nios,kaggle_market,5.16
Maruti Suzuki,Celerio,2015,11,69000,Petrol,Automatic,first,389500,Maruti Suzuki Celerio,kaggle_market,3.9
Hyundai,Fluidic Verna,2017,9,79000,Petrol,Automatic,first,641250,Hyundai Fluidic Verna,kaggle_market,6.41
Maruti Suzuki,Vitara-Brezza,2018,8,16500,Diesel,Automatic,second,902500,Maruti Suzuki Vitara-Brezza,kaggle_market,9.02
Maruti Suzuki,Wagon-R,2018,8,29678,Petrol,Automatic,first,416100,Maruti Suzuki Wagon-R,kaggle_market,4.16
Ford,Aspire,2016,10,56000,Diesel,Manual,first,322050,Ford Aspire,kaggle_market,3.22
Honda,Amaze,2018,8,75000,Diesel,Automatic,first,565250,Honda Amaze,kaggle_market,5.65
Maruti Suzuki,S-Presso,2023,3,4900,Petrol,Automatic,first,560500,Maruti Suzuki S-Presso,kaggle_market,5.6
Chevrolet,Cruze,2015,11,118182,Diesel,Automatic,second,479750,Chevrolet Cruze,kaggle_market,4.8
Maruti Suzuki,Swift,2018,8,51000,Diesel,Manual,second,555750,Maruti Suzuki Swift,kaggle_market,5.56
Renault,Triber,2020,6,65000,Petrol,Manual,first,496850,Renault Triber,kaggle_market,4.97
Tata,Hexa,2017,9,72000,Diesel,Manual,first,712500,Tata Hexa,kaggle_market,7.12
Ford,Endeavour,2017,9,78663,Diesel,Automatic,first,1595890,Ford Endeavour,kaggle_market,15.96
Hyundai,Venue,2022,4,41000,Petrol,Manual,first,793250,Hyundai Venue,kaggle_market,7.93
Hyundai,Elite I20,2016,10,66000,Petrol,Manual,first,470250,Hyundai Elite I20,kaggle_market,4.7
Hyundai,I10,2009,17,70000,Petrol,Automatic,second,118750,Hyundai I10,kaggle_market,1.19
Hyundai,Creta,2020,6,45635,Petrol,Manual,second,852150,Hyundai Creta,kaggle_market,8.52
Volkswagen,Ameo,2018,8,40000,Petrol,Manual,first,498750,Volkswagen Ameo,kaggle_market,4.99
Ford,Figo,2019,7,115000,Diesel,Manual,first,451250,Ford Figo,kaggle_market,4.51
Mercedes-Benz,Glc Class,2021,5,15000,Petrol,Automatic,first,4845000,Mercedes-Benz Glc Class,kaggle_market,48.45
Bmw,3 Series,2012,14,53160,Diesel,Automatic,second,854050,Bmw 3 Series,kaggle_market,8.54
Toyota,Fortuner,2019,7,117000,Petrol,Automatic,first,2370250,Toyota Fortuner,kaggle_market,23.7
Volkswagen,Ventotest,2017,9,52232,Diesel,Automatic,second,546250,Volkswagen Ventotest,kaggle_market,5.46
Ford,Ecosport,2013,13,87000,Diesel,Manual,second,365750,Ford Ecosport,kaggle_market,3.66
Hyundai,I10,2011,15,56000,Petrol,Automatic,second,261250,Hyundai I10,kaggle_market,2.61
Bmw,Z4,2021,5,32000,Petrol,Automatic,second,7599050,Bmw Z4,kaggle_market,75.99
Skoda,Kushaq,2023,3,33000,Petrol,Manual,first,1320500,Skoda Kushaq,kaggle_market,13.2
Honda,Crv,2013,13,107000,Petrol,Automatic,second,522500,Honda Crv,kaggle_market,5.22
Honda,Crv,2005,21,122000,Petrol,Automatic,second,237500,Honda Crv,kaggle_market,2.38
Maruti Suzuki,Ignis,2021,5,46000,Petrol,Manual,second,569905,Maruti Suzuki Ignis,kaggle_market,5.7
Mini,Cooper Countryman,2015,11,72000,Petrol,Automatic,second,1372750,Mini Cooper Countryman,kaggle_market,13.73
Renault,Duster,2019,7,61000,Petrol,Automatic,second,878750,Renault Duster,kaggle_market,8.79
Audi,Q5,2011,15,103000,Diesel,Automatic,second,617500,Audi Q5,kaggle_market,6.18
Maruti Suzuki,Wagon-R,2016,10,48000,Petrol,Manual,first,308750,Maruti Suzuki Wagon-R,kaggle_market,3.09
Hyundai,Creta Facelift,2020,6,42000,Petrol,Manual,first,1282500,Hyundai Creta Facelift,kaggle_market,12.82
Hyundai,Grand I10,2019,7,72000,Petrol,Manual,first,460750,Hyundai Grand I10,kaggle_market,4.61
Toyota,Qualis,2004,22,96000,Diesel,Manual,second,331550,Toyota Qualis,kaggle_market,3.32
Mercedes-Benz,C-Class,2021,5,80000,Petrol,Automatic,second,3030500,Mercedes-Benz C-Class,kaggle_market,30.3
Skoda,Octavia,2020,6,41000,Petrol,Automatic,first,1733750,Skoda Octavia,kaggle_market,17.34
Hyundai,Grand I10,2014,12,100000,Petrol,Automatic,second,389500,Hyundai Grand I10,kaggle_market,3.9
Mahindra,Xuv 300,2020,6,93000,Diesel,Manual,second,612750,Mahindra Xuv 300,kaggle_market,6.13
Honda,Amaze,2014,12,62405,Petrol,Manual,first,413250,Honda Amaze,kaggle_market,4.13
Mahindra,Xylo,2015,11,80000,Diesel,Manual,second,427500,Mahindra Xylo,kaggle_market,4.28
Mahindra,Xylo,2017,9,189000,Diesel,Manual,second,327750,Mahindra Xylo,kaggle_market,3.28
Hyundai,I10,2013,13,68000,Petrol,Automatic,first,332500,Hyundai I10,kaggle_market,3.32
Maruti Suzuki,Swift,2018,8,58746,Petrol,Automatic,second,584250,Maruti Suzuki Swift,kaggle_market,5.84
Hyundai,Verna,2013,13,90000,Diesel,Manual,second,327750,Hyundai Verna,kaggle_market,3.28
Hyundai,Verna,2011,15,57000,Petrol,Manual,second,218500,Hyundai Verna,kaggle_market,2.18
Volkswagen,Ameo,2019,7,55000,Diesel,Automatic,second,783750,Volkswagen Ameo,kaggle_market,7.84
Hyundai,Venue,2023,3,53000,Petrol,Manual,first,840750,Hyundai Venue,kaggle_market,8.41
Hyundai,Grand I10,2017,9,43000,Petrol,Automatic,second,399000,Hyundai Grand I10,kaggle_market,3.99
Bmw,3 Series,2012,14,72000,Diesel,Automatic,second,684950,Bmw 3 Series,kaggle_market,6.85
Ford,Endeavour,2020,6,46000,Diesel,Automatic,second,3087500,Ford Endeavour,kaggle_market,30.88
Mahindra,Xuv500,2013,13,80000,Diesel,Automatic,second,427500,Mahindra Xuv500,kaggle_market,4.28
Mercedes-Benz,M-Class,2013,13,72000,Diesel,Automatic,second,1472500,Mercedes-Benz M-Class,kaggle_market,14.72
Maruti Suzuki,Wagon-R,2017,9,42000,Petrol,Manual,second,308750,Maruti Suzuki Wagon-R,kaggle_market,3.09
Honda,City,2016,10,60000,Petrol,Automatic,second,736250,Honda City,kaggle_market,7.36
Maruti Suzuki,Celerio,2018,8,40100,Petrol,Automatic,first,364800,Maruti Suzuki Celerio,kaggle_market,3.65
Mercedes-Benz,Gla,2017,9,85000,Diesel,Automatic,second,1852500,Mercedes-Benz Gla,kaggle_market,18.52
Skoda,Octavia,2019,7,56644,Petrol,Automatic,first,1125750,Skoda Octavia,kaggle_market,11.26
Mahindra,Xuv500,2019,7,99000,Diesel,Automatic,first,1092500,Mahindra Xuv500,kaggle_market,10.92
Honda,City,2015,11,98000,Petrol,Manual,second,441750,Honda City,kaggle_market,4.42
Hyundai,New I20,2021,5,77000,Diesel,Manual,second,665000,Hyundai New I20,kaggle_market,6.65
Maruti Suzuki,Maruti-Suzuki-Dzire,2017,9,99572,Diesel,Manual,second,489250,Maruti Suzuki Maruti-Suzuki-Dzire,kaggle_market,4.89
Renault,Kwid,2017,9,58000,Petrol,Automatic,first,356250,Renault Kwid,kaggle_market,3.56
Maruti Suzuki,Celerio,2022,4,80000,Petrol,Automatic,first,522500,Maruti Suzuki Celerio,kaggle_market,5.22
Tata,Tiago,2016,10,82000,Petrol,Manual,first,370500,Tata Tiago,kaggle_market,3.7
Maruti Suzuki,Alto,2011,15,100600,Petrol,Manual,second,247000,Maruti Suzuki Alto,kaggle_market,2.47
Toyota,Fortuner,2015,11,144000,Diesel,Manual,second,1044050,Toyota Fortuner,kaggle_market,10.44
Mahindra,Bolero Power Plus,2015,11,100000,Diesel,Automatic,second,389500,Mahindra Bolero Power Plus,kaggle_market,3.9
Bmw,X3,2012,14,72000,Diesel,Automatic,second,1093450,Bmw X3,kaggle_market,10.93
Hyundai,Grand I10,2016,10,37000,Petrol,Manual,second,470250,Hyundai Grand I10,kaggle_market,4.7
Tata,Harrier,2019,7,68000,Diesel,Manual,second,1102000,Tata Harrier,kaggle_market,11.02
Hyundai,I20,2017,9,50500,Petrol,Manual,second,475000,Hyundai I20,kaggle_market,4.75
Hyundai,Verna,2023,3,30000,Petrol,Automatic,first,1377500,Hyundai Verna,kaggle_market,13.78
Mg,Hector,2022,4,4700,Petrol,Manual,first,1320500,Mg Hector,kaggle_market,13.2
Nissan,Terrano,2016,10,142162,Diesel,Manual,second,403750,Nissan Terrano,kaggle_market,4.04
Audi,A4,2016,10,100000,Diesel,Automatic,second,1311000,Audi A4,kaggle_market,13.11
Hyundai,Creta,2020,6,39000,Petrol,Manual,first,1130500,Hyundai Creta,kaggle_market,11.3
Mahindra,Marazzo,2018,8,81000,Diesel,Manual,second,807500,Mahindra Marazzo,kaggle_market,8.07
Honda,City,2009,17,83000,Petrol,Manual,second,313501,Honda City,kaggle_market,3.14
Hyundai,Santro Xing,2008,18,78000,Petrol,Manual,first,213750,Hyundai Santro Xing,kaggle_market,2.14
Honda,Jazz,2015,11,81000,Petrol,Manual,second,379050,Honda Jazz,kaggle_market,3.79
Honda,City,2010,16,81000,Petrol,Manual,second,318250,Honda City,kaggle_market,3.18
Bmw,3 Series Gt,2014,12,136000,Diesel,Automatic,first,2137500,Bmw 3 Series Gt,kaggle_market,21.38
Datsun,Go,2015,11,90000,Petrol,Manual,second,161500,Datsun Go,kaggle_market,1.62
Audi,Q7,2013,13,99990,Diesel,Automatic,second,816999,Audi Q7,kaggle_market,8.17
Volkswagen,Vento,2015,11,80000,Diesel,Automatic,first,608000,Volkswagen Vento,kaggle_market,6.08
Maruti Suzuki,Alto-800,2023,3,18000,Petrol,Manual,first,370500,Maruti Suzuki Alto-800,kaggle_market,3.7
Bmw,X1,2014,12,23010,Diesel,Automatic,first,1306260,Bmw X1,kaggle_market,13.06
Maruti Suzuki,Alto-800,2014,12,66000,Petrol,Manual,second,209000,Maruti Suzuki Alto-800,kaggle_market,2.09
Mercedes-Benz,S-Class,2015,11,51000,Diesel,Automatic,second,3895000,Mercedes-Benz S-Class,kaggle_market,38.95
Mahindra,Bolero,2011,15,100000,Diesel,Manual,second,285000,Mahindra Bolero,kaggle_market,2.85
Volvo,Xc60,2016,10,166000,Diesel,Automatic,second,1662500,Volvo Xc60,kaggle_market,16.62
Maruti Suzuki,Eeco,2019,7,32388,Petrol,Manual,second,380000,Maruti Suzuki Eeco,kaggle_market,3.8
Renault,Kwid,2016,10,73000,Petrol,Manual,first,237500,Renault Kwid,kaggle_market,2.38
Audi,A4,2012,14,124000,Diesel,Automatic,second,641250,Audi A4,kaggle_market,6.41
Renault,Duster,2013,13,119000,Diesel,Manual,second,403750,Renault Duster,kaggle_market,4.04
Maruti Suzuki,Alto K10,2023,3,4000,Petrol,Manual,first,470250,Maruti Suzuki Alto K10,kaggle_market,4.7
Honda,City,2015,11,69000,Petrol,Manual,first,451250,Honda City,kaggle_market,4.51
Hyundai,Grand I10,2016,10,32000,Petrol,Manual,second,470250,Hyundai Grand I10,kaggle_market,4.7
Renault,Duster,2012,14,123000,Diesel,Manual,second,323000,Renault Duster,kaggle_market,3.23
Honda,Brio,2015,11,141000,Petrol,Automatic,second,308750,Honda Brio,kaggle_market,3.09
Mahindra,Quanto,2014,12,126000,Diesel,Manual,second,289750,Mahindra Quanto,kaggle_market,2.9
Maruti Suzuki,Baleno,2018,8,75000,Petrol,Automatic,second,717250,Maruti Suzuki Baleno,kaggle_market,7.17
Audi,A4,2013,13,90000,Diesel,Automatic,first,926250,Audi A4,kaggle_market,9.26
Audi,A4,2017,9,55053,Diesel,Automatic,first,2840500,Audi A4,kaggle_market,28.4
Land Rover,Range Rover Evoque,2015,11,82000,Diesel,Automatic,second,2137500,Land Rover Range Rover Evoque,kaggle_market,21.38
Bmw,5 Series,2011,15,110000,Diesel,Automatic,second,1163750,Bmw 5 Series,kaggle_market,11.64
Hyundai,I20,2012,14,94000,Diesel,Manual,second,280250,Hyundai I20,kaggle_market,2.8
Jaguar,Xf,2014,12,89000,Diesel,Automatic,second,1415500,Jaguar Xf,kaggle_market,14.16
Volkswagen,Polo,2015,11,37000,Petrol,Automatic,first,508250,Volkswagen Polo,kaggle_market,5.08
Maruti Suzuki,Swift-Dzire,2017,9,42618,Petrol,Manual,second,542450,Maruti Suzuki Swift-Dzire,kaggle_market,5.42
Toyota,Innova Crysta,2017,9,123775,Diesel,Manual,second,1625450,Toyota Innova Crysta,kaggle_market,16.25
Maruti Suzuki,Omni,2017,9,11035,Petrol,Manual,first,285000,Maruti Suzuki Omni,kaggle_market,2.85
Mahindra,Thar,2014,12,75000,Diesel,Manual,second,570000,Mahindra Thar,kaggle_market,5.7
Mg,Hector,2022,4,19000,Petrol,Automatic,first,1805000,Mg Hector,kaggle_market,18.05
Mahindra,Xuv 300,2022,4,3500,Petrol,Manual,first,950000,Mahindra Xuv 300,kaggle_market,9.5
Maruti Suzuki,Alto-800,2016,10,46000,Petrol,Manual,second,218500,Maruti Suzuki Alto-800,kaggle_market,2.18
Maruti Suzuki,Baleno,2021,5,25184,Petrol,Manual,first,665000,Maruti Suzuki Baleno,kaggle_market,6.65
Hyundai,I20 Active,2016,10,60000,Petrol,Manual,second,470249,Hyundai I20 Active,kaggle_market,4.7
Maruti Suzuki,Ritz,2010,16,48000,Diesel,Manual,second,223250,Maruti Suzuki Ritz,kaggle_market,2.23
Mercedes-Benz,M-Class,2012,14,95000,Diesel,Automatic,second,1686250,Mercedes-Benz M-Class,kaggle_market,16.86
Maruti Suzuki,Alto K10,2019,7,32000,Petrol,Automatic,second,408500,Maruti Suzuki Alto K10,kaggle_market,4.08
Jeep,Compass,2022,4,18000,Petrol,Automatic,first,1876250,Jeep Compass,kaggle_market,18.76
Volkswagen,Polo,2017,9,150000,Petrol,Automatic,second,546250,Volkswagen Polo,kaggle_market,5.46
Honda,City,2016,10,60000,Petrol,Automatic,second,707750,Honda City,kaggle_market,7.08
Hyundai,Venue,2019,7,96000,Petrol,Automatic,second,712500,Hyundai Venue,kaggle_market,7.12
Tata,Aria,2011,15,43500,Diesel,Manual,second,270750,Tata Aria,kaggle_market,2.71
Tata,Harrier,2019,7,60000,Diesel,Manual,second,1281550,Tata Harrier,kaggle_market,12.82
Honda,Brio,2017,9,59800,Petrol,Automatic,second,522500,Honda Brio,kaggle_market,5.22
Tata,Nexon,2021,5,83235,Diesel,Manual,first,722000,Tata Nexon,kaggle_market,7.22
Honda,Crv,2007,19,141000,Petrol,Automatic,second,308750,Honda Crv,kaggle_market,3.09
Hyundai,Tucson,2020,6,30000,Diesel,Automatic,second,2279050,Hyundai Tucson,kaggle_market,22.79
Mercedes-Benz,A Class,2016,10,52000,Diesel,Automatic,second,1044050,Mercedes-Benz A Class,kaggle_market,10.44
Honda,Elevate,2024,2,4100,Petrol,Automatic,first,1425000,Honda Elevate,kaggle_market,14.25
Hyundai,I20,2012,14,68550,Petrol,Manual,second,223250,Hyundai I20,kaggle_market,2.23
Tata,Tata-Punch,2023,3,8000,Petrol,Manual,first,593750,Tata Tata-Punch,kaggle_market,5.94
Skoda,Rapid,2013,13,135000,Diesel,Manual,second,356250,Skoda Rapid,kaggle_market,3.56
Maruti Suzuki,Swift,2012,14,118000,Diesel,Manual,second,280250,Maruti Suzuki Swift,kaggle_market,2.8
Nissan,Micra,2016,10,65000,Petrol,Automatic,second,375250,Nissan Micra,kaggle_market,3.75
Mercedes-Benz,C-Class,2015,11,72000,Diesel,Automatic,second,1709050,Mercedes-Benz C-Class,kaggle_market,17.09
Bmw,5 Series,2018,8,25000,Diesel,Automatic,second,4180000,Bmw 5 Series,kaggle_market,41.8
Maruti Suzuki,Baleno,2017,9,57500,Petrol,Automatic,first,546250,Maruti Suzuki Baleno,kaggle_market,5.46
Skoda,Kodiaq,2018,8,65000,Diesel,Automatic,first,2232500,Skoda Kodiaq,kaggle_market,22.32
Volkswagen,Ventotest,2012,14,67000,Petrol,Automatic,second,247000,Volkswagen Ventotest,kaggle_market,2.47
Tata,Indigo Ecs,2015,11,148000,Diesel,Manual,second,142500,Tata Indigo Ecs,kaggle_market,1.42
Maruti Suzuki,Alto,2007,19,75000,Petrol,Manual,second,104500,Maruti Suzuki Alto,kaggle_market,1.04
Toyota,Fortuner,2015,11,160000,Diesel,Manual,second,1035500,Toyota Fortuner,kaggle_market,10.36
Chevrolet,Cruze,2016,10,65000,Diesel,Automatic,first,560500,Chevrolet Cruze,kaggle_market,5.6
Maruti Suzuki,Celerio,2017,9,52000,Petrol,Automatic,second,332500,Maruti Suzuki Celerio,kaggle_market,3.32
Jeep,Compass,2020,6,43000,Diesel,Automatic,second,1743250,Jeep Compass,kaggle_market,17.43
Hyundai,Santro Xing,2006,20,108000,Petrol,Manual,second,118750,Hyundai Santro Xing,kaggle_market,1.19
Hyundai,Verna,2019,7,38000,Petrol,Automatic,first,926250,Hyundai Verna,kaggle_market,9.26
Datsun,Redi Go,2019,7,47000,Petrol,Automatic,first,237500,Datsun Redi Go,kaggle_market,2.38
Renault,Duster,2014,12,128000,Diesel,Manual,second,475000,Renault Duster,kaggle_market,4.75
Skoda,Slavia,2022,4,30000,Petrol,Automatic,first,1130500,Skoda Slavia,kaggle_market,11.3
Toyota,Corolla Altis,2014,12,76000,Petrol,Automatic,first,546250,Toyota Corolla Altis,kaggle_market,5.46
Mercedes-Benz,Gls,2017,9,75000,Diesel,Automatic,second,4560000,Mercedes-Benz Gls,kaggle_market,45.6
Maruti Suzuki,Swift-Dzire,2019,7,147200,Diesel,Automatic,second,465500,Maruti Suzuki Swift-Dzire,kaggle_market,4.66
Toyota,Innova Crysta,2018,8,195000,Diesel,Automatic,second,1795500,Toyota Innova Crysta,kaggle_market,17.95
Mahindra,Kuv 100,2016,10,90000,Diesel,Manual,second,337250,Mahindra Kuv 100,kaggle_market,3.37
Renault,Triber,2022,4,60000,Petrol,Manual,first,475000,Renault Triber,kaggle_market,4.75
Maruti Suzuki,Swift,2019,7,98207,Diesel,Manual,second,603250,Maruti Suzuki Swift,kaggle_market,6.03
Maruti Suzuki,Swift-Dzire,2020,6,155000,Diesel,Manual,second,560500,Maruti Suzuki Swift-Dzire,kaggle_market,5.6
Chevrolet,Beat,2012,14,65000,Diesel,Manual,first,147250,Chevrolet Beat,kaggle_market,1.47
Maruti Suzuki,Swift,2012,14,99000,Petrol,Manual,second,313500,Maruti Suzuki Swift,kaggle_market,3.14
Maruti Suzuki,Baleno,2021,5,62347,Petrol,Manual,first,636500,Maruti Suzuki Baleno,kaggle_market,6.36
Ford,Ecosport,2021,5,34000,Petrol,Manual,first,707750,Ford Ecosport,kaggle_market,7.08
Maruti Suzuki,Alto-K10,2011,15,53646,Petrol,Manual,second,199500,Maruti Suzuki Alto-K10,kaggle_market,2.0
Skoda,Kodiaq,2018,8,75000,Diesel,Automatic,first,1900000,Skoda Kodiaq,kaggle_market,19.0
Toyota,Innova,2015,11,198000,Diesel,Manual,second,864500,Toyota Innova,kaggle_market,8.64
Hyundai,I10,2010,16,55600,Petrol,Automatic,second,190000,Hyundai I10,kaggle_market,1.9
Hyundai,Creta,2020,6,55000,Petrol,Automatic,first,1035500,Hyundai Creta,kaggle_market,10.36
Hyundai,Grand I10,2017,9,53000,Petrol,Automatic,second,465500,Hyundai Grand I10,kaggle_market,4.66
Skoda,Octavia,2017,9,39000,Petrol,Automatic,second,1116250,Skoda Octavia,kaggle_market,11.16
Tata,Venture,2010,16,100000,Diesel,Automatic,second,171000,Tata Venture,kaggle_market,1.71
Ford,Endeavour,2018,8,65000,Diesel,Automatic,second,2650500,Ford Endeavour,kaggle_market,26.5
Ford,Endeavour,2018,8,78083,Diesel,Automatic,first,1425000,Ford Endeavour,kaggle_market,14.25
Hyundai,Verna,2013,13,68000,Petrol,Automatic,first,360999,Hyundai Verna,kaggle_market,3.61
Ford,Ecosport,2017,9,81235,Diesel,Manual,second,641250,Ford Ecosport,kaggle_market,6.41
Hyundai,Creta,2016,10,57000,Petrol,Manual,first,617500,Hyundai Creta,kaggle_market,6.18
Ford,Figo Aspire,2018,8,31000,Petrol,Automatic,second,441750,Ford Figo Aspire,kaggle_market,4.42
Renault,Kwid,2018,8,45000,Petrol,Automatic,first,356249,Renault Kwid,kaggle_market,3.56
Mercedes-Benz,C-Class,2017,9,57000,Diesel,Automatic,second,1662500,Mercedes-Benz C-Class,kaggle_market,16.62
Mahindra,Scorpio-N,2023,3,5000,Diesel,Automatic,second,2184999,Mahindra Scorpio-N,kaggle_market,21.85
Maruti Suzuki,Alto-K10,2018,8,49000,Petrol,Automatic,second,394250,Maruti Suzuki Alto-K10,kaggle_market,3.94
Maruti Suzuki,Swift,2011,15,86000,Petrol,Manual,second,318250,Maruti Suzuki Swift,kaggle_market,3.18
Toyota,Corolla Altis,2008,18,120000,Petrol,Automatic,second,337250,Toyota Corolla Altis,kaggle_market,3.37
Honda,Amaze,2014,12,35000,Petrol,Automatic,second,427500,Honda Amaze,kaggle_market,4.28
Maruti Suzuki,Wagon-R-1-0,2010,16,50000,Petrol,Manual,second,170050,Maruti Suzuki Wagon-R-1-0,kaggle_market,1.7
Hyundai,Venue,2019,7,32000,Petrol,Manual,first,703000,Hyundai Venue,kaggle_market,7.03
Hyundai,I10,2013,13,70000,Petrol,Automatic,first,273600,Hyundai I10,kaggle_market,2.74
Maruti Suzuki,Swift,2019,7,53000,Diesel,Automatic,first,688750,Maruti Suzuki Swift,kaggle_market,6.89
Maruti Suzuki,Ciaz,2018,8,86000,Petrol,Manual,first,641250,Maruti Suzuki Ciaz,kaggle_market,6.41
Maruti Suzuki,Alto-800,2015,11,45000,Petrol,Manual,second,223250,Maruti Suzuki Alto-800,kaggle_market,2.23
Hyundai,Eon,2016,10,43000,Petrol,Manual,second,228000,Hyundai Eon,kaggle_market,2.28
Ford,Endeavour,2020,6,60000,Diesel,Automatic,second,2945000,Ford Endeavour,kaggle_market,29.45
Toyota,Innova,2013,13,129000,Diesel,Manual,second,399000,Toyota Innova,kaggle_market,3.99
Toyota,Fortuner,2014,12,126000,Diesel,Automatic,second,1321450,Toyota Fortuner,kaggle_market,13.21
Kia,Carnival,2021,5,46000,Diesel,Automatic,second,2707500,Kia Carnival,kaggle_market,27.08
Nissan,Micra,2017,9,70805,Petrol,Automatic,second,402610,Nissan Micra,kaggle_market,4.03
Hyundai,Elite I20,2019,7,77519,Petrol,Manual,first,554800,Hyundai Elite I20,kaggle_market,5.55
Maruti Suzuki,Baleno,2018,8,78000,Petrol,Manual,first,498750,Maruti Suzuki Baleno,kaggle_market,4.99
Honda,Amaze,2018,8,51000,Diesel,Automatic,first,617500,Honda Amaze,kaggle_market,6.18
Hyundai,Eon,2017,9,29900,Petrol,Automatic,second,209000,Hyundai Eon,kaggle_market,2.09
Mercedes-Benz,C-Class,2013,13,78000,Petrol,Automatic,second,807500,Mercedes-Benz C-Class,kaggle_market,8.07
Maruti Suzuki,Ciaz,2016,10,67000,Petrol,Manual,first,475000,Maruti Suzuki Ciaz,kaggle_market,4.75
Maruti Suzuki,Celerio,2019,7,80000,Petrol,Manual,second,380000,Maruti Suzuki Celerio,kaggle_market,3.8
Maruti Suzuki,Celerio,2016,10,16000,Petrol,Automatic,first,446500,Maruti Suzuki Celerio,kaggle_market,4.46
Renault,Triber,2022,4,16000,Petrol,Automatic,second,712500,Renault Triber,kaggle_market,7.12
Hyundai,Verna,2023,3,5000,Petrol,Automatic,second,1515250,Hyundai Verna,kaggle_market,15.15
Toyota,Corolla Altis,2017,9,77000,Petrol,Automatic,first,997500,Toyota Corolla Altis,kaggle_market,9.98
Hyundai,Grand I10,2016,10,54000,Petrol,Manual,second,370500,Hyundai Grand I10,kaggle_market,3.7
Volkswagen,Tiguan All Space,2021,5,33500,Petrol,Automatic,first,2707500,Volkswagen Tiguan All Space,kaggle_market,27.08
Volkswagen,Taigun,2022,4,20000,Petrol,Automatic,second,1515250,Volkswagen Taigun,kaggle_market,15.15
Skoda,Octavia,2022,4,68000,Petrol,Automatic,first,2137500,Skoda Octavia,kaggle_market,21.38
Volkswagen,Polo,2018,8,68000,Petrol,Automatic,second,688750,Volkswagen Polo,kaggle_market,6.89
Volkswagen,Polo Gti,2021,5,41900,Petrol,Manual,first,897750,Volkswagen Polo Gti,kaggle_market,8.98
Audi,Q3,2013,13,97253,Diesel,Automatic,first,1035500,Audi Q3,kaggle_market,10.36
Toyota,Etios Liva,2019,7,22000,Petrol,Manual,first,568100,Toyota Etios Liva,kaggle_market,5.68
Mahindra,Xuv500,2020,6,80000,Diesel,Automatic,first,1509550,Mahindra Xuv500,kaggle_market,15.1
Volkswagen,Polo,2016,10,80000,Petrol,Automatic,second,498750,Volkswagen Polo,kaggle_market,4.99
Hyundai,Elantra,2013,13,67000,Petrol,Automatic,first,498750,Hyundai Elantra,kaggle_market,4.99
Volkswagen,Ventotest,2014,12,58000,Diesel,Automatic,first,522500,Volkswagen Ventotest,kaggle_market,5.22
Ford,Figo Aspire,2016,10,70000,Diesel,Manual,second,361000,Ford Figo Aspire,kaggle_market,3.61
Porsche,Macan,2017,9,57000,Petrol,Automatic,second,4227500,Porsche Macan,kaggle_market,42.28
Hyundai,Creta,2021,5,72000,Diesel,Automatic,first,1435450,Hyundai Creta,kaggle_market,14.35
Honda,Civic,2007,19,75000,Petrol,Manual,second,213750,Honda Civic,kaggle_market,2.14
Bmw,3 Series,2015,11,27189,Diesel,Automatic,first,2280000,Bmw 3 Series,kaggle_market,22.8
Mercedes-Benz,Glc,2017,9,75000,Diesel,Automatic,second,2992500,Mercedes-Benz Glc,kaggle_market,29.92
Maruti Suzuki,Swift-Dzire,2012,14,96542,Diesel,Automatic,second,228000,Maruti Suzuki Swift-Dzire,kaggle_market,2.28
Mahindra,Scorpio,2016,10,90000,Diesel,Manual,second,726750,Mahindra Scorpio,kaggle_market,7.27
Hyundai,I10,2008,18,123000,Petrol,Manual,second,123500,Hyundai I10,kaggle_market,1.24
Kia,Seltos,2024,2,20000,Diesel,Automatic,first,2137500,Kia Seltos,kaggle_market,21.38
Maruti Suzuki,Maruti-Suzuki-Dzire,2017,9,60000,Diesel,Automatic,first,475000,Maruti Suzuki Maruti-Suzuki-Dzire,kaggle_market,4.75
Maruti Suzuki,Alto,2006,20,89000,Petrol,Manual,second,94050,Maruti Suzuki Alto,kaggle_market,0.94
Hyundai,Venue,2023,3,35000,Petrol,Manual,first,826500,Hyundai Venue,kaggle_market,8.26
Maruti Suzuki,Vitara-Brezza,2017,9,84000,Diesel,Manual,second,560500,Maruti Suzuki Vitara-Brezza,kaggle_market,5.6
Mercedes-Benz,E-Class,2013,13,128000,Diesel,Automatic,first,1092500,Mercedes-Benz E-Class,kaggle_market,10.92
Hyundai,Creta,2016,10,101724,Diesel,Manual,second,702999,Hyundai Creta,kaggle_market,7.03
Volvo,Xc90,2018,8,110000,Diesel,Automatic,first,3230000,Volvo Xc90,kaggle_market,32.3
Renault,Duster,2015,11,55000,Diesel,Manual,second,569050,Renault Duster,kaggle_market,5.69
Land Rover,Freelander 2,2013,13,113400,Diesel,Automatic,second,1211250,Land Rover Freelander 2,kaggle_market,12.11
Audi,Q5,2012,14,82449,Petrol,Automatic,second,787550,Audi Q5,kaggle_market,7.88
Bmw,3 Series Gt,2015,11,53000,Diesel,Automatic,second,1709999,Bmw 3 Series Gt,kaggle_market,17.1
Ford,Ecosport,2014,12,95000,Diesel,Manual,second,341050,Ford Ecosport,kaggle_market,3.41
Bmw,5 Series,2011,15,110000,Diesel,Automatic,second,712500,Bmw 5 Series,kaggle_market,7.12
Hyundai,I20,2024,2,2300,Petrol,Automatic,first,1140475,Hyundai I20,kaggle_market,11.4
Hyundai,Venue,2022,4,6199,Petrol,Manual,first,831249,Hyundai Venue,kaggle_market,8.31
Mercedes-Benz,E-Class,2014,12,56000,Petrol,Automatic,second,1496250,Mercedes-Benz E-Class,kaggle_market,14.96
Maruti Suzuki,Xl6,2021,5,80000,Petrol,Automatic,first,1140000,Maruti Suzuki Xl6,kaggle_market,11.4
Honda,Amaze,2016,10,52000,Petrol,Automatic,first,375250,Honda Amaze,kaggle_market,3.75
Renault,Captur,2019,7,29000,Diesel,Manual,second,660250,Renault Captur,kaggle_market,6.6
Hyundai,Grand I10,2016,10,39451,Petrol,Automatic,second,418000,Hyundai Grand I10,kaggle_market,4.18
Kia,Seltos,2020,6,55090,Petrol,Automatic,first,1425000,Kia Seltos,kaggle_market,14.25
Mercedes-Benz,C-Class,2018,8,15000,Diesel,Automatic,second,2612500,Mercedes-Benz C-Class,kaggle_market,26.12
Toyota,Fortuner,2012,14,160059,Diesel,Manual,second,1225500,Toyota Fortuner,kaggle_market,12.26
Maruti Suzuki,Ertiga,2018,8,110000,Diesel,Manual,second,793250,Maruti Suzuki Ertiga,kaggle_market,7.93
Skoda,Slavia,2023,3,5400,Petrol,Automatic,first,1320500,Skoda Slavia,kaggle_market,13.2
Maruti Suzuki,Eeco,2020,6,63000,Petrol,Manual,first,465499,Maruti Suzuki Eeco,kaggle_market,4.65
Mercedes-Benz,C Class,2014,12,57396,Diesel,Automatic,second,1330000,Mercedes-Benz C Class,kaggle_market,13.3
Hyundai,Creta Facelift,2020,6,65500,Diesel,Automatic,first,1615000,Hyundai Creta Facelift,kaggle_market,16.15
Tata,Tiago,2018,8,72000,Petrol,Manual,first,380000,Tata Tiago,kaggle_market,3.8
Maruti Suzuki,Swift-Dzire,2017,9,78000,Petrol,Automatic,second,489250,Maruti Suzuki Swift-Dzire,kaggle_market,4.89
Maruti Suzuki,Swift,2011,15,113000,Diesel,Manual,second,285000,Maruti Suzuki Swift,kaggle_market,2.85
Maruti Suzuki,Ciaz,2018,8,53545,Petrol,Automatic,first,688750,Maruti Suzuki Ciaz,kaggle_market,6.89
Hyundai,Venue,2019,7,83999,Petrol,Automatic,first,759999,Hyundai Venue,kaggle_market,7.6
Renault,Kwid,2019,7,65142,Petrol,Manual,second,327750,Renault Kwid,kaggle_market,3.28
Maruti Suzuki,Ertiga,2017,9,50000,Petrol,Manual,first,688750,Maruti Suzuki Ertiga,kaggle_market,6.89
Hyundai,Creta,2017,9,76000,Petrol,Automatic,first,736250,Hyundai Creta,kaggle_market,7.36
Maruti Suzuki,S-Cross1,2016,10,104000,Diesel,Manual,second,560500,Maruti Suzuki S-Cross1,kaggle_market,5.6
Volkswagen,Polo,2011,15,62000,Diesel,Manual,second,237500,Volkswagen Polo,kaggle_market,2.38
Honda,Amaze,2018,8,52000,Petrol,Automatic,first,542450,Honda Amaze,kaggle_market,5.42
Maruti Suzuki,Ignis,2018,8,73000,Petrol,Manual,second,422750,Maruti Suzuki Ignis,kaggle_market,4.23
Volkswagen,Ameo,2016,10,82000,Petrol,Manual,second,413250,Volkswagen Ameo,kaggle_market,4.13
Maruti Suzuki,Alto-K10,2017,9,37180,Petrol,Manual,second,341050,Maruti Suzuki Alto-K10,kaggle_market,3.41
Hyundai,I20,2019,7,22000,Petrol,Manual,first,617500,Hyundai I20,kaggle_market,6.18
Hyundai,Venue,2022,4,35380,Diesel,Manual,second,1030750,Hyundai Venue,kaggle_market,10.31
Maruti Suzuki,Celerio,2017,9,65800,Petrol,Automatic,second,427500,Maruti Suzuki Celerio,kaggle_market,4.28
Maruti Suzuki,Baleno,2022,4,16000,Petrol,Automatic,first,831250,Maruti Suzuki Baleno,kaggle_market,8.31
Hyundai,Elantra,2019,7,39000,Petrol,Automatic,first,1140000,Hyundai Elantra,kaggle_market,11.4
Volkswagen,Polo,2012,14,128000,Diesel,Manual,second,237500,Volkswagen Polo,kaggle_market,2.38
Tata,Tata-Punch,2022,4,50481,Petrol,Automatic,first,684000,Tata Tata-Punch,kaggle_market,6.84
Land Rover,Range Rover Evoque,2018,8,75000,Diesel,Automatic,second,2327500,Land Rover Range Rover Evoque,kaggle_market,23.28
Hyundai,Santa Fe,2014,12,98000,Diesel,Automatic,second,807500,Hyundai Santa Fe,kaggle_market,8.07
Skoda,Kushaq,2022,4,21000,Petrol,Automatic,first,1235000,Skoda Kushaq,kaggle_market,12.35
Hyundai,New Verna,2023,3,8000,Petrol,Manual,first,1330000,Hyundai New Verna,kaggle_market,13.3
Mini,Cooper Countryman,2013,13,98000,Diesel,Automatic,second,1472500,Mini Cooper Countryman,kaggle_market,14.72
Audi,Q5,2013,13,140000,Diesel,Automatic,second,1036450,Audi Q5,kaggle_market,10.36
Toyota,Innova,2016,10,274649,Diesel,Manual,second,783750,Toyota Innova,kaggle_market,7.84
Toyota,Fortuner,2019,7,28000,Diesel,Manual,second,3135000,Toyota Fortuner,kaggle_market,31.35
Porsche,Cayenne,2017,9,62000,Diesel,Automatic,second,3111250,Porsche Cayenne,kaggle_market,31.11
Renault,Kwid,2016,10,60000,Petrol,Manual,first,166250,Renault Kwid,kaggle_market,1.66
Maruti Suzuki,Vitara-Brezza,2018,8,110000,Diesel,Manual,second,688750,Maruti Suzuki Vitara-Brezza,kaggle_market,6.89
Maruti Suzuki,Alto-800,2017,9,90000,Petrol,Automatic,first,156750,Maruti Suzuki Alto-800,kaggle_market,1.57
Hyundai,I20,2009,17,43000,Diesel,Manual,second,308750,Hyundai I20,kaggle_market,3.09
Hyundai,Grand I10,2017,9,35000,Petrol,Manual,first,422750,Hyundai Grand I10,kaggle_market,4.23
Toyota,Innova,2010,16,182000,Diesel,Manual,second,399000,Toyota Innova,kaggle_market,3.99
Maruti Suzuki,800,2004,22,65238,Petrol,Manual,first,71250,Maruti Suzuki 800,kaggle_market,0.71
Honda,City Zx,2011,15,70000,Petrol,Manual,second,266000,Honda City Zx,kaggle_market,2.66
Toyota,Fortuner,2014,12,127000,Diesel,Manual,second,1558000,Toyota Fortuner,kaggle_market,15.58
Bmw,6 Series,2018,8,62000,Petrol,Automatic,first,3705000,Bmw 6 Series,kaggle_market,37.05
Honda,City,2014,12,76000,Diesel,Manual,second,441750,Honda City,kaggle_market,4.42
Honda,City,2014,12,59121,Petrol,Manual,first,427499,Honda City,kaggle_market,4.27
Skoda,Superb,2012,14,72000,Diesel,Automatic,second,375250,Skoda Superb,kaggle_market,3.75
Bmw,5 Series,2014,12,87000,Diesel,Automatic,second,1686355,Bmw 5 Series,kaggle_market,16.86
Renault,Kiger,2021,5,23575,Petrol,Automatic,first,627000,Renault Kiger,kaggle_market,6.27
Hyundai,Creta Facelift,2020,6,69045,Petrol,Automatic,first,1401250,Hyundai Creta Facelift,kaggle_market,14.01
Maruti Suzuki,Vitara-Brezza,2017,9,75000,Diesel,Manual,second,759050,Maruti Suzuki Vitara-Brezza,kaggle_market,7.59
Maruti Suzuki,Swift-Dzire,2018,8,22000,Petrol,Manual,second,536750,Maruti Suzuki Swift-Dzire,kaggle_market,5.37
Skoda,Rapid,2015,11,66000,Diesel,Automatic,second,498750,Skoda Rapid,kaggle_market,4.99
Mahindra,Xuv500,2018,8,99500,Diesel,Automatic,second,950000,Mahindra Xuv500,kaggle_market,9.5
Datsun,Redi Go,2017,9,60000,Petrol,Manual,first,180500,Datsun Redi Go,kaggle_market,1.8
Hyundai,I20,2019,7,55000,Petrol,Automatic,first,650750,Hyundai I20,kaggle_market,6.51
Maruti Suzuki,Swift,2015,11,41000,Petrol,Manual,first,427500,Maruti Suzuki Swift,kaggle_market,4.28
Skoda,Laura,2010,16,81000,Diesel,Automatic,second,261250,Skoda Laura,kaggle_market,2.61
Maruti Suzuki,Ignis,2020,6,28500,Petrol,Manual,first,400900,Maruti Suzuki Ignis,kaggle_market,4.01
Hyundai,Creta,2021,5,13000,Petrol,Manual,first,1330000,Hyundai Creta,kaggle_market,13.3
Kia,Seltos,2019,7,47000,Petrol,Manual,second,940500,Kia Seltos,kaggle_market,9.4
Toyota,Fortuner,2016,10,72000,Diesel,Automatic,first,1567500,Toyota Fortuner,kaggle_market,15.68
Ford,Endeavour,2016,10,72000,Diesel,Automatic,first,2042500,Ford Endeavour,kaggle_market,20.42
Toyota,Camry,2018,8,69000,Petrol,Automatic,second,2232500,Toyota Camry,kaggle_market,22.32
Toyota,Innova Crysta,2019,7,47615,Diesel,Manual,first,2018750,Toyota Innova Crysta,kaggle_market,20.19
Maruti Suzuki,Swift-Dzire,2019,7,11250,Petrol,Automatic,first,655500,Maruti Suzuki Swift-Dzire,kaggle_market,6.56
Maruti Suzuki,Wagon-R,2010,16,65000,Petrol,Manual,second,80750,Maruti Suzuki Wagon-R,kaggle_market,0.81
Renault,Triber,2022,4,34947,Petrol,Automatic,first,646000,Renault Triber,kaggle_market,6.46
Maruti Suzuki,Baleno,2021,5,53000,Petrol,Manual,first,584250,Maruti Suzuki Baleno,kaggle_market,5.84
Renault,Duster,2018,8,70000,Diesel,Manual,first,660250,Renault Duster,kaggle_market,6.6
Kia,Seltos,2021,5,58000,Diesel,Automatic,first,1591250,Kia Seltos,kaggle_market,15.91
Volkswagen,Polo,2016,10,64000,Petrol,Automatic,first,617500,Volkswagen Polo,kaggle_market,6.18
Land Rover,Defender,2021,5,52000,Petrol,Automatic,first,9215000,Land Rover Defender,kaggle_market,92.15
Tata,Harrier,2021,5,61000,Diesel,Automatic,second,1472500,Tata Harrier,kaggle_market,14.72
Toyota,Fortuner,2015,11,197000,Diesel,Automatic,first,1306250,Toyota Fortuner,kaggle_market,13.06
Skoda,Octavia,2017,9,116000,Diesel,Automatic,first,1473450,Skoda Octavia,kaggle_market,14.73
Tata,Nexon,2019,7,72000,Petrol,Manual,first,546250,Tata Nexon,kaggle_market,5.46
Toyota,Corolla Altis,2016,10,39000,Petrol,Automatic,first,593750,Toyota Corolla Altis,kaggle_market,5.94
Skoda,Rapid,2015,11,98000,Diesel,Automatic,first,422750,Skoda Rapid,kaggle_market,4.23
Mercedes-Benz,S-Class,2017,9,66000,Diesel,Automatic,second,3182500,Mercedes-Benz S-Class,kaggle_market,31.82
Maruti Suzuki,Baleno,2017,9,63000,Petrol,Automatic,first,641250,Maruti Suzuki Baleno,kaggle_market,6.41
Honda,Amaze,2020,6,11000,Petrol,Manual,first,546250,Honda Amaze,kaggle_market,5.46
Maruti Suzuki,Swift,2022,4,17000,Petrol,Automatic,first,703000,Maruti Suzuki Swift,kaggle_market,7.03
Maruti Suzuki,Alto-K10,2013,13,73000,Petrol,Manual,second,294500,Maruti Suzuki Alto-K10,kaggle_market,2.94
Tata,Hexa,2018,8,103000,Diesel,Automatic,second,779000,Tata Hexa,kaggle_market,7.79
Maruti Suzuki,Celerio,2017,9,44708,Petrol,Manual,second,342000,Maruti Suzuki Celerio,kaggle_market,3.42
Maruti Suzuki,Swift-Dzire,2015,11,91500,Petrol,Manual,first,351500,Maruti Suzuki Swift-Dzire,kaggle_market,3.52
Volkswagen,Ventotest,2018,8,79000,Petrol,Manual,first,655500,Volkswagen Ventotest,kaggle_market,6.56
Hyundai,I10,2014,12,60142,Petrol,Manual,second,280250,Hyundai I10,kaggle_market,2.8
Hyundai,Elantra,2022,4,36380,Petrol,Automatic,first,1377500,Hyundai Elantra,kaggle_market,13.78
Hyundai,Grand I10,2015,11,38000,Petrol,Automatic,first,437000,Hyundai Grand I10,kaggle_market,4.37
Ford,Aspire,2017,9,83000,Petrol,Manual,first,445550,Ford Aspire,kaggle_market,4.46
Maruti Suzuki,Alto-800,2020,6,84000,Petrol,Manual,first,294500,Maruti Suzuki Alto-800,kaggle_market,2.94
Hyundai,Creta,2016,10,58000,Petrol,Automatic,second,878750,Hyundai Creta,kaggle_market,8.79
Toyota,Innova Crysta,2017,9,97000,Diesel,Automatic,second,1376550,Toyota Innova Crysta,kaggle_market,13.77
Ford,Figo,2011,15,97000,Petrol,Manual,second,125400,Ford Figo,kaggle_market,1.25
Bmw,3 Series,2011,15,103000,Diesel,Automatic,second,617500,Bmw 3 Series,kaggle_market,6.18
Hyundai,Verna,2018,8,62500,Petrol,Automatic,first,902500,Hyundai Verna,kaggle_market,9.02
Toyota,Innova,2012,14,175000,Diesel,Manual,second,973750,Toyota Innova,kaggle_market,9.74
Tata,Tigor,2018,8,69000,Petrol,Automatic,first,361000,Tata Tigor,kaggle_market,3.61
Hyundai,Aura,2021,5,18121,Petrol,Manual,first,522500,Hyundai Aura,kaggle_market,5.22
Maruti Suzuki,Wagon-R,2016,10,16491,Petrol,Automatic,first,356250,Maruti Suzuki Wagon-R,kaggle_market,3.56
Mahindra,Xuv500,2018,8,64000,Diesel,Manual,second,850250,Mahindra Xuv500,kaggle_market,8.5
Tata,Safari,2021,5,31000,Diesel,Automatic,second,1615000,Tata Safari,kaggle_market,16.15
Volvo,Xc 90,2018,8,41950,Petrol,Automatic,first,6174999,Volvo Xc 90,kaggle_market,61.75
Hyundai,Alcazar,2022,4,31000,Petrol,Automatic,first,1638750,Hyundai Alcazar,kaggle_market,16.39
Volkswagen,Tiguan,2017,9,79085,Diesel,Automatic,second,1733750,Volkswagen Tiguan,kaggle_market,17.34
Maruti Suzuki,Swift-Dzire,2017,9,70000,Petrol,Automatic,first,522500,Maruti Suzuki Swift-Dzire,kaggle_market,5.22
Mercedes-Benz,Gle Class,2019,7,58000,Diesel,Automatic,first,4251250,Mercedes-Benz Gle Class,kaggle_market,42.51
Maruti Suzuki,Ciaz,2019,7,68000,Petrol,Manual,first,522500,Maruti Suzuki Ciaz,kaggle_market,5.22
Skoda,Slavia,2023,3,11000,Petrol,Automatic,first,1472500,Skoda Slavia,kaggle_market,14.72
Volkswagen,Tiguan,2019,7,78500,Diesel,Automatic,first,1662500,Volkswagen Tiguan,kaggle_market,16.62
Hyundai,Venue,2022,4,83000,Diesel,Manual,first,916750,Hyundai Venue,kaggle_market,9.17
Hyundai,Venue,2021,5,11000,Petrol,Manual,first,831250,Hyundai Venue,kaggle_market,8.31
Kia,Sonet,2023,3,19000,Diesel,Automatic,first,1235000,Kia Sonet,kaggle_market,12.35
Bmw,7 Series,2015,11,85000,Diesel,Automatic,second,1306250,Bmw 7 Series,kaggle_market,13.06
Hyundai,Aura,2021,5,40215,Diesel,Automatic,first,750500,Hyundai Aura,kaggle_market,7.5
Honda,City Zx,2017,9,59000,Petrol,Automatic,second,850250,Honda City Zx,kaggle_market,8.5
Bmw,5 Series Gt,2011,15,80594,Diesel,Automatic,second,1377500,Bmw 5 Series Gt,kaggle_market,13.78
Mg,Hector Plus,2023,3,15000,Petrol,Automatic,first,2041550,Mg Hector Plus,kaggle_market,20.42
Bmw,1 Series,2014,12,69000,Diesel,Automatic,second,807500,Bmw 1 Series,kaggle_market,8.07
Volkswagen,Ventotest,2013,13,89000,Diesel,Manual,second,332500,Volkswagen Ventotest,kaggle_market,3.32
Volkswagen,Polo,2013,13,41000,Petrol,Automatic,second,422750,Volkswagen Polo,kaggle_market,4.23
Hyundai,Creta,2022,4,19000,Petrol,Manual,first,1310999,Hyundai Creta,kaggle_market,13.11
Mahindra,Marazzo,2019,7,44000,Diesel,Manual,second,707750,Mahindra Marazzo,kaggle_market,7.08
Toyota,Camry,2014,12,122000,Petrol,Automatic,second,759050,Toyota Camry,kaggle_market,7.59
Skoda,Rapid,2019,7,65000,Petrol,Manual,second,750500,Skoda Rapid,kaggle_market,7.5
Tata,Harrier,2022,4,35000,Diesel,Automatic,first,1567500,Tata Harrier,kaggle_market,15.68
Maruti Suzuki,Eeco,2010,16,65000,Petrol,Manual,second,251750,Maruti Suzuki Eeco,kaggle_market,2.52
Tata,Tiago,2018,8,39000,Petrol,Manual,first,304000,Tata Tiago,kaggle_market,3.04
Honda,Amaze,2019,7,17000,Petrol,Automatic,first,712500,Honda Amaze,kaggle_market,7.12
Skoda,Kushaq,2023,3,4000,Petrol,Automatic,first,1567500,Skoda Kushaq,kaggle_market,15.68
Volkswagen,Polo,2020,6,36521,Petrol,Automatic,first,758100,Volkswagen Polo,kaggle_market,7.58
Renault,Kwid,2019,7,52004,Petrol,Manual,first,308750,Renault Kwid,kaggle_market,3.09
Volkswagen,Polo,2018,8,48000,Petrol,Automatic,first,665000,Volkswagen Polo,kaggle_market,6.65
Hyundai,Tucson,2018,8,71422,Diesel,Automatic,first,1377500,Hyundai Tucson,kaggle_market,13.78
Honda,City,2017,9,68000,Petrol,Manual,first,722000,Honda City,kaggle_market,7.22
Toyota,Innova Crysta,2019,7,105000,Diesel,Automatic,second,1705250,Toyota Innova Crysta,kaggle_market,17.05
Toyota,Fortuner,2019,7,40000,Petrol,Automatic,first,2465250,Toyota Fortuner,kaggle_market,24.65
Hyundai,New I20,2020,6,50000,Diesel,Manual,second,703000,Hyundai New I20,kaggle_market,7.03
Maruti Suzuki,Wagon-R,2022,4,13000,Petrol,Automatic,second,546250,Maruti Suzuki Wagon-R,kaggle_market,5.46
Renault,Kwid,2018,8,67000,Petrol,Manual,second,213750,Renault Kwid,kaggle_market,2.14
Ford,Figo,2010,16,75000,Diesel,Manual,second,180500,Ford Figo,kaggle_market,1.8
Mini,Cooper S,2019,7,55000,Diesel,Automatic,second,3515000,Mini Cooper S,kaggle_market,35.15
Ford,Endeavour,2016,10,80000,Diesel,Manual,second,2612500,Ford Endeavour,kaggle_market,26.12
Ambassador,Ambassador,2023,3,54000,Petrol,Manual,first,399950,Ambassador Ambassador,kaggle_market,4.0
Maruti Suzuki,Celerio,2014,12,58000,Petrol,Automatic,second,251750,Maruti Suzuki Celerio,kaggle_market,2.52
Kia,Carnival,2021,5,100000,Diesel,Automatic,first,2565000,Kia Carnival,kaggle_market,25.65
Toyota,Corolla Altis,2018,8,90000,Petrol,Automatic,second,1234050,Toyota Corolla Altis,kaggle_market,12.34
Skoda,Octavia,2017,9,64000,Petrol,Automatic,second,831250,Skoda Octavia,kaggle_market,8.31
Mercedes-Benz,Glc Class,2021,5,32000,Petrol,Automatic,first,5225000,Mercedes-Benz Glc Class,kaggle_market,52.25
Honda,City,2016,10,56171,Petrol,Manual,second,593750,Honda City,kaggle_market,5.94
Maruti Suzuki,Swift,2020,6,46000,Petrol,Automatic,first,684000,Maruti Suzuki Swift,kaggle_market,6.84
Bmw,5 Series,2022,4,19999,Petrol,Automatic,first,6364999,Bmw 5 Series,kaggle_market,63.65
Hyundai,Elantra,2019,7,31000,Petrol,Manual,first,1116250,Hyundai Elantra,kaggle_market,11.16
Tata,Vista Tech,2011,15,87000,Diesel,Manual,second,247000,Tata Vista Tech,kaggle_market,2.47
Honda,City Zx,2006,20,81011,Petrol,Automatic,second,199500,Honda City Zx,kaggle_market,2.0
Maruti Suzuki,Omni,2014,12,69000,Petrol,Manual,second,261250,Maruti Suzuki Omni,kaggle_market,2.61
Jaguar,Xj,2016,10,33000,Diesel,Automatic,second,3515000,Jaguar Xj,kaggle_market,35.15
Renault,Duster,2018,8,107000,Diesel,Automatic,second,560500,Renault Duster,kaggle_market,5.6
Volkswagen,Ventotest,2013,13,52000,Petrol,Automatic,second,312550,Volkswagen Ventotest,kaggle_market,3.13
Toyota,Innova,2009,17,175000,Diesel,Manual,second,603250,Toyota Innova,kaggle_market,6.03
Mercedes-Benz,Cla,2015,11,28000,Diesel,Automatic,first,1543750,Mercedes-Benz Cla,kaggle_market,15.44
Renault,Duster,2013,13,72300,Diesel,Manual,second,351500,Renault Duster,kaggle_market,3.52
Mg,Hector,2020,6,64000,Diesel,Manual,first,1377500,Mg Hector,kaggle_market,13.78
Chevrolet,Cruze,2014,12,72400,Diesel,Automatic,first,451250,Chevrolet Cruze,kaggle_market,4.51
Hyundai,Creta,2020,6,46941,Petrol,Automatic,second,1251150,Hyundai Creta,kaggle_market,12.51
Datsun,Go,2015,11,51000,Petrol,Manual,first,180500,Datsun Go,kaggle_market,1.8
Hyundai,Venue,2021,5,28000,Petrol,Manual,first,831250,Hyundai Venue,kaggle_market,8.31
Bmw,3 Series,2013,13,75000,Diesel,Automatic,second,712500,Bmw 3 Series,kaggle_market,7.12
Ford,Free Style,2018,8,89000,Diesel,Manual,second,370500,Ford Free Style,kaggle_market,3.7
Mahindra,Xuv500,2016,10,90000,Diesel,Automatic,first,755250,Mahindra Xuv500,kaggle_market,7.55
Honda,Civic,2010,16,150000,Petrol,Manual,second,332500,Honda Civic,kaggle_market,3.32
Maruti Suzuki,Alto-800,2021,5,36499,Petrol,Manual,first,346750,Maruti Suzuki Alto-800,kaggle_market,3.47
Bmw,X5,2016,10,77000,Diesel,Automatic,second,2944050,Bmw X5,kaggle_market,29.44
Maruti Suzuki,Maruti-Suzuki-Dzire,2020,6,32000,Petrol,Automatic,first,641250,Maruti Suzuki Maruti-Suzuki-Dzire,kaggle_market,6.41
Ford,Fiesta,2008,18,72630,Diesel,Manual,second,128250,Ford Fiesta,kaggle_market,1.28
Honda,Amaze,2015,11,57000,Petrol,Manual,first,332500,Honda Amaze,kaggle_market,3.32
Toyota Land,Cruiser,2013,13,90000,Diesel,Automatic,second,7790000,Toyota Land Cruiser,kaggle_market,77.9
Maruti Suzuki,Alto K10,2018,8,74000,Petrol,Automatic,first,337250,Maruti Suzuki Alto K10,kaggle_market,3.37
Jeep,Compass,2019,7,42500,Diesel,Manual,second,1306250,Jeep Compass,kaggle_market,13.06
Mahindra,Marazzo,2018,8,80000,Diesel,Manual,second,807500,Mahindra Marazzo,kaggle_market,8.07
Honda,Amaze,2021,5,15000,Petrol,Manual,first,617500,Honda Amaze,kaggle_market,6.18
Maruti Suzuki,Celerio,2016,10,125000,Petrol,Automatic,first,327750,Maruti Suzuki Celerio,kaggle_market,3.28
Honda,City,2019,7,45000,Petrol,Automatic,first,874000,Honda City,kaggle_market,8.74
Maruti Suzuki,Celerio,2015,11,83381,Petrol,Automatic,first,465500,Maruti Suzuki Celerio,kaggle_market,4.66
Hyundai,Grand I10,2016,10,36000,Petrol,Manual,second,470250,Hyundai Grand I10,kaggle_market,4.7
Renault,Duster,2015,11,98000,Diesel,Manual,second,475000,Renault Duster,kaggle_market,4.75
Maruti Suzuki,Celerio,2016,10,72000,Petrol,Automatic,first,342000,Maruti Suzuki Celerio,kaggle_market,3.42
Hyundai,I20,2014,12,34000,Petrol,Manual,first,522500,Hyundai I20,kaggle_market,5.22
Jeep,Compass,2019,7,72000,Petrol,Automatic,second,950000,Jeep Compass,kaggle_market,9.5
Fiat,Grande Punto,2011,15,85000,Diesel,Manual,second,242250,Fiat Grande Punto,kaggle_market,2.42
Toyota,Corolla Altis,2018,8,86000,Petrol,Manual,first,902500,Toyota Corolla Altis,kaggle_market,9.02
Renault,Kwid,2018,8,70000,Petrol,Manual,first,284050,Renault Kwid,kaggle_market,2.84
Jaguar,Xf,2013,13,68000,Diesel,Automatic,second,1021250,Jaguar Xf,kaggle_market,10.21
Tata,Hexa,2018,8,108000,Diesel,Automatic,second,941450,Tata Hexa,kaggle_market,9.41
Toyota,Corolla Altis,2013,13,133000,Diesel,Manual,second,503500,Toyota Corolla Altis,kaggle_market,5.04
Tata,Zest,2017,9,170000,Diesel,Manual,first,285000,Tata Zest,kaggle_market,2.85
Maruti Suzuki,Swift,2016,10,78000,Petrol,Manual,second,560500,Maruti Suzuki Swift,kaggle_market,5.6
Maruti Suzuki,Swift-Dzire,2011,15,104400,Petrol,Automatic,second,123500,Maruti Suzuki Swift-Dzire,kaggle_market,1.24
Honda,Jazz,2018,8,40000,Petrol,Automatic,first,821750,Honda Jazz,kaggle_market,8.22
Maruti Suzuki,Eeco,2021,5,36000,Petrol,Manual,first,541500,Maruti Suzuki Eeco,kaggle_market,5.42
Maruti Suzuki,Maruti-Suzuki-Dzire,2017,9,54000,Diesel,Automatic,first,375250,Maruti Suzuki Maruti-Suzuki-Dzire,kaggle_market,3.75
Chevrolet,Spark,2011,15,67240,Petrol,Manual,second,114000,Chevrolet Spark,kaggle_market,1.14
Maruti Suzuki,Eeco,2021,5,18000,Petrol,Manual,first,327750,Maruti Suzuki Eeco,kaggle_market,3.28
Maruti Suzuki,S-Cross1,2018,8,62583,Diesel,Manual,second,551000,Maruti Suzuki S-Cross1,kaggle_market,5.51
Hyundai,Santro Xing,2010,16,45000,Petrol,Manual,second,175750,Hyundai Santro Xing,kaggle_market,1.76
Maruti Suzuki,Celerio,2015,11,85000,Petrol,Manual,first,356250,Maruti Suzuki Celerio,kaggle_market,3.56
Toyota,Innova Crysta,2021,5,20000,Diesel,Automatic,second,2873750,Toyota Innova Crysta,kaggle_market,28.74
Maruti Suzuki,Alto-K10,2016,10,38000,Petrol,Manual,first,308750,Maruti Suzuki Alto-K10,kaggle_market,3.09
Jeep,Compass,2019,7,40000,Diesel,Automatic,second,1130500,Jeep Compass,kaggle_market,11.3
Toyota,Etios,2011,15,48500,Petrol,Manual,second,318250,Toyota Etios,kaggle_market,3.18
Mercedes-Benz,E-Class,2016,10,68000,Diesel,Automatic,second,1401250,Mercedes-Benz E-Class,kaggle_market,14.01
Land Rover,Discovery Sport,2017,9,120000,Diesel,Automatic,second,3325000,Land Rover Discovery Sport,kaggle_market,33.25
Honda,City,2014,12,69700,Petrol,Manual,second,456000,Honda City,kaggle_market,4.56
Hyundai,Creta,2018,8,60000,Diesel,Automatic,second,1045000,Hyundai Creta,kaggle_market,10.45
Maruti Suzuki,Ritz,2011,15,82000,Petrol,Manual,second,294500,Maruti Suzuki Ritz,kaggle_market,2.94
Renault,Kwid,2020,6,18047,Petrol,Automatic,second,384750,Renault Kwid,kaggle_market,3.85
Kia,Sonet,2021,5,37000,Petrol,Automatic,first,1030750,Kia Sonet,kaggle_market,10.31
Honda,Wr-V,2017,9,54000,Petrol,Manual,second,551000,Honda Wr-V,kaggle_market,5.51
Renault,Duster,2013,13,73500,Diesel,Manual,second,246050,Renault Duster,kaggle_market,2.46
Ssangyong,Rexton,2013,13,59000,Diesel,Automatic,second,380003,Ssangyong Rexton,kaggle_market,3.8
Toyota,Fortuner,2018,8,144000,Diesel,Automatic,second,2992500,Toyota Fortuner,kaggle_market,29.92
Hyundai,Verna,2018,8,75000,Diesel,Manual,second,641250,Hyundai Verna,kaggle_market,6.41
Bmw,X1,2017,9,166666,Diesel,Automatic,second,1583333,Bmw X1,kaggle_market,15.83
Mercedes-Benz,E-Class,2004,22,37800,Petrol,Automatic,second,783750,Mercedes-Benz E-Class,kaggle_market,7.84
Maruti Suzuki,Zen-Estilo,2008,18,69000,Petrol,Manual,second,66500,Maruti Suzuki Zen-Estilo,kaggle_market,0.66
Maruti Suzuki,Alto,2010,16,67449,Petrol,Manual,first,133000,Maruti Suzuki Alto,kaggle_market,1.33
Ford,Ecosport,2016,10,85000,Petrol,Automatic,second,522500,Ford Ecosport,kaggle_market,5.22
Jeep,Compass,2018,8,39000,Petrol,Automatic,first,997500,Jeep Compass,kaggle_market,9.98
Toyota,Innova,2008,18,210000,Diesel,Manual,second,256500,Toyota Innova,kaggle_market,2.56
Renault,Kwid,2018,8,94000,Petrol,Automatic,first,332500,Renault Kwid,kaggle_market,3.32
Hyundai,Santro Xing,2008,18,74000,Petrol,Manual,second,141550,Hyundai Santro Xing,kaggle_market,1.42
Maruti Suzuki,Swift,2022,4,8000,Petrol,Automatic,first,736250,Maruti Suzuki Swift,kaggle_market,7.36
Land Rover,Range Rover Evoque,2016,10,96900,Diesel,Automatic,second,2607750,Land Rover Range Rover Evoque,kaggle_market,26.08
Mahindra,Xuv500,2019,7,55000,Diesel,Automatic,second,1211250,Mahindra Xuv500,kaggle_market,12.11
Maruti Suzuki,Celerio,2016,10,34000,Petrol,Automatic,first,403750,Maruti Suzuki Celerio,kaggle_market,4.04
Mahindra,Xylo,2009,17,110000,Diesel,Manual,second,313500,Mahindra Xylo,kaggle_market,3.14
Maruti Suzuki,Swift-Dzire,2008,18,89000,Diesel,Manual,second,280250,Maruti Suzuki Swift-Dzire,kaggle_market,2.8
Maruti Suzuki,Wagon-R,2016,10,61980,Petrol,Automatic,second,413250,Maruti Suzuki Wagon-R,kaggle_market,4.13
Tata,Indigo Cs,2015,11,121580,Diesel,Manual,second,213750,Tata Indigo Cs,kaggle_market,2.14
Hyundai,I20,2022,4,8500,Petrol,Automatic,first,902500,Hyundai I20,kaggle_market,9.02
Hyundai,I10,2010,16,43000,Petrol,Automatic,first,304000,Hyundai I10,kaggle_market,3.04
Maruti Suzuki,S-Presso,2020,6,14796,Petrol,Manual,first,451250,Maruti Suzuki S-Presso,kaggle_market,4.51
Maruti Suzuki,Wagon-R,2017,9,68000,Petrol,Manual,second,285000,Maruti Suzuki Wagon-R,kaggle_market,2.85
Maruti Suzuki,Ertiga,2013,13,70000,Diesel,Manual,second,465500,Maruti Suzuki Ertiga,kaggle_market,4.66
Hyundai,Xcent,2017,9,66000,Diesel,Manual,second,342000,Hyundai Xcent,kaggle_market,3.42
Honda,City,2012,14,55000,Petrol,Automatic,second,318250,Honda City,kaggle_market,3.18
Maruti Suzuki,Maruti-Suzuki-Dzire,2018,8,39815,Petrol,Automatic,first,627000,Maruti Suzuki Maruti-Suzuki-Dzire,kaggle_market,6.27
Mg,Hector Plus,2021,5,30000,Petrol,Manual,second,1377500,Mg Hector Plus,kaggle_market,13.78
Maruti Suzuki,Alto 800,2019,7,70000,Petrol,Manual,first,275500,Maruti Suzuki Alto 800,kaggle_market,2.76
Audi,Q3,2018,8,78700,Diesel,Automatic,second,1948450,Audi Q3,kaggle_market,19.48
Mahindra,Xuv500,2013,13,84000,Diesel,Manual,second,427500,Mahindra Xuv500,kaggle_market,4.28
Honda,Mobilio,2014,12,64000,Petrol,Manual,first,484500,Honda Mobilio,kaggle_market,4.84
Maruti Suzuki,Swift,2018,8,58000,Diesel,Manual,first,617500,Maruti Suzuki Swift,kaggle_market,6.18
Kia,Sonet,2022,4,15000,Petrol,Automatic,first,1282500,Kia Sonet,kaggle_market,12.82
Renault,Kwid,2021,5,17738,Petrol,Automatic,second,413250,Renault Kwid,kaggle_market,4.13
Maruti Suzuki,Alto-K10,2012,14,68000,Petrol,Manual,second,180500,Maruti Suzuki Alto-K10,kaggle_market,1.8
Toyota,Fortuner,2012,14,89000,Diesel,Manual,second,997500,Toyota Fortuner,kaggle_market,9.98
Honda,Amaze,2017,9,52000,Petrol,Manual,second,413250,Honda Amaze,kaggle_market,4.13
Hyundai,I10,2015,11,78000,Petrol,Manual,second,327749,Hyundai I10,kaggle_market,3.28
Renault,Kwid,2018,8,48123,Petrol,Automatic,second,280250,Renault Kwid,kaggle_market,2.8
Hyundai,I10,2010,16,85000,Petrol,Manual,first,137750,Hyundai I10,kaggle_market,1.38
Maruti Suzuki,A-Star,2013,13,64231,Petrol,Automatic,first,280250,Maruti Suzuki A-Star,kaggle_market,2.8
Mg,Hector Plus,2024,2,10269,Petrol,Automatic,first,2351250,Mg Hector Plus,kaggle_market,23.51
Mahindra,Tuv,2016,10,95000,Diesel,Manual,second,380000,Mahindra Tuv,kaggle_market,3.8
Land Rover,Discovery Sport,2018,8,20000,Diesel,Automatic,second,2826250,Land Rover Discovery Sport,kaggle_market,28.26
Maruti Suzuki,Swift-Dzire,2022,4,40000,Petrol,Manual,first,660250,Maruti Suzuki Swift-Dzire,kaggle_market,6.6
Honda,Amaze,2019,7,110000,Diesel,Automatic,first,660250,Honda Amaze,kaggle_market,6.6
Hyundai,Creta,2021,5,45000,Diesel,Automatic,first,1638750,Hyundai Creta,kaggle_market,16.39
Mg,Hector,2019,7,17000,Petrol,Automatic,first,1234050,Mg Hector,kaggle_market,12.34
Honda,City,2010,16,30000,Petrol,Manual,second,308750,Honda City,kaggle_market,3.09
Bmw,3 Series,2012,14,116260,Diesel,Automatic,second,897750,Bmw 3 Series,kaggle_market,8.98
Maruti Suzuki,Swift-Dzire,2014,12,80000,Petrol,Manual,second,427500,Maruti Suzuki Swift-Dzire,kaggle_market,4.28
Mg,Hector Plus,2021,5,29000,Petrol,Automatic,second,1530450,Mg Hector Plus,kaggle_market,15.3
Toyota,Innova Crysta,2021,5,38000,Diesel,Automatic,second,2897500,Toyota Innova Crysta,kaggle_market,28.98
Audi,Q7,2015,11,92000,Diesel,Automatic,second,2731250,Audi Q7,kaggle_market,27.31
Kia,Seltos,2020,6,25000,Petrol,Automatic,first,1330000,Kia Seltos,kaggle_market,13.3
Volkswagen,Ameo,2019,7,48000,Petrol,Manual,first,527250,Volkswagen Ameo,kaggle_market,5.27
Maruti Suzuki,Ertiga,2016,10,97000,Diesel,Automatic,second,570000,Maruti Suzuki Ertiga,kaggle_market,5.7
Hyundai,I20,2011,15,68000,Petrol,Manual,second,280250,Hyundai I20,kaggle_market,2.8
Mahindra,Bolero,2008,18,78000,Diesel,Manual,second,209000,Mahindra Bolero,kaggle_market,2.09
Mahindra,Xuv500,2016,10,87000,Diesel,Manual,second,565250,Mahindra Xuv500,kaggle_market,5.65
Honda,Brio,2014,12,48000,Petrol,Manual,first,294500,Honda Brio,kaggle_market,2.94
Hyundai,Creta,2017,9,75000,Petrol,Automatic,second,731500,Hyundai Creta,kaggle_market,7.32
Maruti Suzuki,Baleno,2018,8,39505,Petrol,Automatic,first,617500,Maruti Suzuki Baleno,kaggle_market,6.18
Hyundai,Creta,2017,9,63000,Diesel,Manual,second,878750,Hyundai Creta,kaggle_market,8.79
Mahindra,Xuv500,2016,10,100000,Diesel,Manual,second,1002250,Mahindra Xuv500,kaggle_market,10.02
Maruti Suzuki,Alto-K10,2010,16,32000,Petrol,Manual,second,104500,Maruti Suzuki Alto-K10,kaggle_market,1.04
Maruti Suzuki,Swift-Dzire,2013,13,49000,Petrol,Manual,first,365750,Maruti Suzuki Swift-Dzire,kaggle_market,3.66
Hyundai,Creta,2018,8,49001,Petrol,Automatic,second,1068750,Hyundai Creta,kaggle_market,10.69
Hyundai,Verna,2018,8,53000,Petrol,Manual,second,603250,Hyundai Verna,kaggle_market,6.03
Maruti Suzuki,Alto-800,2017,9,71000,Petrol,Manual,second,223250,Maruti Suzuki Alto-800,kaggle_market,2.23
Kia,Seltos,2020,6,37000,Petrol,Manual,first,948100,Kia Seltos,kaggle_market,9.48
Ford,Free Style,2019,7,18000,Petrol,Manual,second,551000,Ford Free Style,kaggle_market,5.51
Skoda,Octavia,2014,12,65000,Diesel,Automatic,second,997500,Skoda Octavia,kaggle_market,9.98
Volkswagen,Jetta,2013,13,89000,Diesel,Automatic,first,451250,Volkswagen Jetta,kaggle_market,4.51
Honda,City,2017,9,60000,Petrol,Automatic,second,712500,Honda City,kaggle_market,7.12
Mahindra,Xuv500,2014,12,150000,Diesel,Manual,first,893000,Mahindra Xuv500,kaggle_market,8.93
Maruti Suzuki,Celerio,2018,8,80000,Petrol,Automatic,first,517750,Maruti Suzuki Celerio,kaggle_market,5.18
Toyota,Innova Crysta,2022,4,20000,Diesel,Automatic,first,3087500,Toyota Innova Crysta,kaggle_market,30.88
Maruti Suzuki,Ertiga,2016,10,69000,Diesel,Manual,second,655500,Maruti Suzuki Ertiga,kaggle_market,6.56
Maruti Suzuki,Dzire,2015,11,52000,Petrol,Manual,second,375250,Maruti Suzuki Dzire,kaggle_market,3.75
Nissan,Micra,2011,15,64213,Petrol,Manual,first,218500,Nissan Micra,kaggle_market,2.18
Volkswagen,Polo,2012,14,95000,Diesel,Manual,second,266000,Volkswagen Polo,kaggle_market,2.66
Mercedes-Benz,E-Class,2017,9,106000,Diesel,Automatic,second,3420000,Mercedes-Benz E-Class,kaggle_market,34.2
Toyota,Fortuner,2013,13,127000,Diesel,Automatic,second,1035500,Toyota Fortuner,kaggle_market,10.36
Hyundai,Verna,2017,9,89000,Diesel,Automatic,first,664050,Hyundai Verna,kaggle_market,6.64
Bmw,X1,2022,4,9000,Diesel,Automatic,first,3515000,Bmw X1,kaggle_market,35.15
Mercedes-Benz,Gla Class,2015,11,50000,Diesel,Automatic,first,2137500,Mercedes-Benz Gla Class,kaggle_market,21.38
Kia,Sonet,2023,3,14000,Diesel,Automatic,first,1330000,Kia Sonet,kaggle_market,13.3
Maruti Suzuki,Wagon-R,2015,11,80000,Petrol,Manual,second,299250,Maruti Suzuki Wagon-R,kaggle_market,2.99
Honda,Brio,2012,14,68000,Petrol,Manual,second,189050,Honda Brio,kaggle_market,1.89
Volkswagen,Polo,2014,12,65644,Petrol,Automatic,first,546250,Volkswagen Polo,kaggle_market,5.46
Honda,Brio,2015,11,43000,Petrol,Manual,first,441750,Honda Brio,kaggle_market,4.42
Porsche,Cayenne,2018,8,89000,Diesel,Automatic,second,4655000,Porsche Cayenne,kaggle_market,46.55
Maruti Suzuki,Alto-800,2017,9,29500,Petrol,Manual,second,285000,Maruti Suzuki Alto-800,kaggle_market,2.85
Kia,Seltos,2021,5,88000,Diesel,Automatic,first,1567500,Kia Seltos,kaggle_market,15.68
Renault,Kwid,2018,8,25000,Petrol,Automatic,first,361000,Renault Kwid,kaggle_market,3.61
Renault,Triber,2020,6,58000,Petrol,Automatic,first,592800,Renault Triber,kaggle_market,5.93
Honda,City,2014,12,68569,Diesel,Manual,second,498750,Honda City,kaggle_market,4.99
Jeep,Compass,2017,9,65000,Diesel,Manual,second,1068750,Jeep Compass,kaggle_market,10.69
Renault,Duster,2017,9,65693,Petrol,Manual,second,593076,Renault Duster,kaggle_market,5.93
Toyota,Fortuner,2013,13,69000,Diesel,Automatic,second,1757500,Toyota Fortuner,kaggle_market,17.58
Hyundai,Grand I10,2017,9,75000,Petrol,Manual,second,294500,Hyundai Grand I10,kaggle_market,2.94
Toyota,Fortuner,2024,2,5000,Diesel,Automatic,first,3895000,Toyota Fortuner,kaggle_market,38.95
Bmw,5 Series,2014,12,144000,Diesel,Automatic,second,712500,Bmw 5 Series,kaggle_market,7.12
Hyundai,Alcazar,2021,5,27000,Petrol,Automatic,first,1472500,Hyundai Alcazar,kaggle_market,14.72
Toyota,Innova,2016,10,150000,Diesel,Manual,second,1068750,Toyota Innova,kaggle_market,10.69
Skoda,Rapid,2017,9,168877,Diesel,Automatic,first,498750,Skoda Rapid,kaggle_market,4.99
Bmw,5 Series,2020,6,37000,Diesel,Automatic,first,5510000,Bmw 5 Series,kaggle_market,55.1
Ford,Ecosport,2015,11,41000,Petrol,Automatic,second,427499,Ford Ecosport,kaggle_market,4.27
Maruti Suzuki,Baleno,2018,8,22000,Petrol,Automatic,second,665000,Maruti Suzuki Baleno,kaggle_market,6.65
Tata,Safari Storme,2017,9,95000,Diesel,Manual,second,616550,Tata Safari Storme,kaggle_market,6.17
Datsun,Redi Go,2018,8,29000,Petrol,Automatic,second,213750,Datsun Redi Go,kaggle_market,2.14
Audi,Q3,2015,11,68000,Diesel,Automatic,first,983250,Audi Q3,kaggle_market,9.83
Hyundai,Grand I10,2014,12,68530,Petrol,Manual,first,275500,Hyundai Grand I10,kaggle_market,2.76
Maruti Suzuki,Ciaz,2016,10,57000,Petrol,Automatic,second,498750,Maruti Suzuki Ciaz,kaggle_market,4.99
Maruti Suzuki,Alto,2011,15,74216,Petrol,Manual,second,114000,Maruti Suzuki Alto,kaggle_market,1.14
Maruti Suzuki,Zen-Estilo,2014,12,65000,Petrol,Automatic,second,128250,Maruti Suzuki Zen-Estilo,kaggle_market,1.28
Mercedes-Benz,E-Class,2012,14,99500,Diesel,Automatic,first,855950,Mercedes-Benz E-Class,kaggle_market,8.56
Jaguar,Xf,2016,10,68000,Diesel,Automatic,first,2085250,Jaguar Xf,kaggle_market,20.85
Renault,Duster,2016,10,77000,Diesel,Manual,second,565250,Renault Duster,kaggle_market,5.65
Maruti Suzuki,A-Star,2012,14,52000,Petrol,Automatic,second,228000,Maruti Suzuki A-Star,kaggle_market,2.28
Maruti Suzuki,Alto-K10,2012,14,59350,Petrol,Manual,second,175750,Maruti Suzuki Alto-K10,kaggle_market,1.76
Tata,Tata-Punch,2022,4,16000,Petrol,Automatic,first,634600,Tata Tata-Punch,kaggle_market,6.35
Jaguar,Xj,2018,8,42000,Diesel,Automatic,second,5890000,Jaguar Xj,kaggle_market,58.9
Nissan,Micra,2017,9,78000,Petrol,Automatic,first,356250,Nissan Micra,kaggle_market,3.56
Hyundai,I20 N Line,2023,3,16976,Petrol,Automatic,first,1187500,Hyundai I20 N Line,kaggle_market,11.88
Maruti Suzuki,Zen-Estilo,2008,18,80500,Petrol,Manual,first,128250,Maruti Suzuki Zen-Estilo,kaggle_market,1.28
Mahindra,Xuv500,2020,6,70000,Diesel,Manual,second,1139050,Mahindra Xuv500,kaggle_market,11.39
Maruti Suzuki,Swift,2020,6,43434,Petrol,Manual,first,489250,Maruti Suzuki Swift,kaggle_market,4.89
Hyundai,Tucson,2018,8,33200,Petrol,Automatic,first,1520000,Hyundai Tucson,kaggle_market,15.2
Maruti Suzuki,Swift,2013,13,73000,Diesel,Manual,second,285000,Maruti Suzuki Swift,kaggle_market,2.85
Volkswagen,Ameo,2017,9,136000,Petrol,Manual,first,332500,Volkswagen Ameo,kaggle_market,3.32
Honda,City,2013,13,141000,Petrol,Automatic,second,308750,Honda City,kaggle_market,3.09
Ford,Ecosport,2016,10,9000,Petrol,Automatic,first,593750,Ford Ecosport,kaggle_market,5.94
Maruti Suzuki,Swift-Dzire,2015,11,83000,Diesel,Manual,second,460750,Maruti Suzuki Swift-Dzire,kaggle_market,4.61
Maruti Suzuki,Baleno,2022,4,42000,Petrol,Manual,first,722000,Maruti Suzuki Baleno,kaggle_market,7.22
Maruti Suzuki,Eeco,2022,4,16583,Petrol,Manual,first,560500,Maruti Suzuki Eeco,kaggle_market,5.6
Hyundai,Verna,2015,11,38532,Petrol,Manual,second,352450,Hyundai Verna,kaggle_market,3.52
Maruti Suzuki,Ertiga,2018,8,100000,Petrol,Manual,second,845500,Maruti Suzuki Ertiga,kaggle_market,8.46
Maruti Suzuki,Wagon-R,2016,10,71000,Petrol,Manual,second,294500,Maruti Suzuki Wagon-R,kaggle_market,2.94
Maruti Suzuki,Swift,2014,12,90000,Petrol,Manual,second,342000,Maruti Suzuki Swift,kaggle_market,3.42
Bmw,M340I,2023,3,9500,Petrol,Automatic,second,5011250,Bmw M340I,kaggle_market,50.11
Maruti Suzuki,Baleno,2021,5,21000,Petrol,Manual,first,674500,Maruti Suzuki Baleno,kaggle_market,6.74
Toyota,Innova,2012,14,200000,Diesel,Manual,second,1140000,Toyota Innova,kaggle_market,11.4
Honda,City,2012,14,55000,Petrol,Automatic,second,323950,Honda City,kaggle_market,3.24
Toyota,Fortuner,2021,5,52000,Diesel,Manual,first,3467500,Toyota Fortuner,kaggle_market,34.67
Toyota,Etios,2016,10,35000,Petrol,Manual,second,513000,Toyota Etios,kaggle_market,5.13
Mercedes-Benz,E-Class,2019,7,60000,Diesel,Automatic,second,4275000,Mercedes-Benz E-Class,kaggle_market,42.75
Chevrolet,Tavera,2010,16,200000,Diesel,Automatic,second,323000,Chevrolet Tavera,kaggle_market,3.23
Hyundai,I10,2011,15,64000,Petrol,Automatic,second,351500,Hyundai I10,kaggle_market,3.52
Maruti Suzuki,Celerio,2016,10,80000,Petrol,Manual,second,318250,Maruti Suzuki Celerio,kaggle_market,3.18
Toyota,Innova,2015,11,260000,Diesel,Manual,second,807500,Toyota Innova,kaggle_market,8.07
Maruti Suzuki,Ciaz,2015,11,125000,Petrol,Automatic,second,470250,Maruti Suzuki Ciaz,kaggle_market,4.7
Tata,Indica Vista,2015,11,200000,Diesel,Manual,second,142500,Tata Indica Vista,kaggle_market,1.42
Hyundai,Creta,2021,5,58000,Petrol,Manual,second,983250,Hyundai Creta,kaggle_market,9.83
Mahindra,Xuv500,2017,9,56000,Diesel,Automatic,second,1197000,Mahindra Xuv500,kaggle_market,11.97
Mahindra,Xuv 300,2022,4,45000,Petrol,Manual,first,726750,Mahindra Xuv 300,kaggle_market,7.27
Maruti Suzuki,Ritz,2012,14,67000,Diesel,Manual,second,213750,Maruti Suzuki Ritz,kaggle_market,2.14
Mahindra,Thar,2022,4,11492,Petrol,Automatic,first,1377499,Mahindra Thar,kaggle_market,13.77
Honda,City,2012,14,82000,Petrol,Automatic,second,280250,Honda City,kaggle_market,2.8
Mercedes-Benz,S-Class,2017,9,34500,Diesel,Automatic,first,4275000,Mercedes-Benz S-Class,kaggle_market,42.75
Isuzu,Mu-X,2018,8,83000,Diesel,Automatic,second,2090000,Isuzu Mu-X,kaggle_market,20.9
Skoda,Rapid,2018,8,69999,Diesel,Manual,second,728333,Skoda Rapid,kaggle_market,7.28
Audi,Q3,2012,14,89000,Diesel,Automatic,second,855000,Audi Q3,kaggle_market,8.55
Audi,A6,2013,13,88000,Diesel,Automatic,second,1187500,Audi A6,kaggle_market,11.88
Toyota,Innova Crysta,2017,9,170000,Diesel,Manual,second,1733750,Toyota Innova Crysta,kaggle_market,17.34
Skoda,Rapid,2013,13,79000,Diesel,Manual,second,270750,Skoda Rapid,kaggle_market,2.71
Toyota,Innova Crysta,2016,10,86500,Diesel,Automatic,second,1900000,Toyota Innova Crysta,kaggle_market,19.0
Ford,Figo,2016,10,36000,Petrol,Manual,second,312550,Ford Figo,kaggle_market,3.13
Tata,Tiago,2019,7,26000,Petrol,Automatic,first,460750,Tata Tiago,kaggle_market,4.61
Toyota,Innova,2013,13,52600,Diesel,Manual,first,618735,Toyota Innova,kaggle_market,6.19
Tata,Tiago,2022,4,36000,Petrol,Manual,first,546250,Tata Tiago,kaggle_market,5.46
Mercedes-Benz,Glc Class,2016,10,31000,Diesel,Automatic,first,2945000,Mercedes-Benz Glc Class,kaggle_market,29.45
Hyundai,I10,2011,15,67000,Petrol,Manual,first,280250,Hyundai I10,kaggle_market,2.8
Kia,Seltos,2022,4,25000,Diesel,Automatic,first,1804996,Kia Seltos,kaggle_market,18.05
Maruti Suzuki,Vitara-Brezza,2018,8,49191,Diesel,Manual,second,802750,Maruti Suzuki Vitara-Brezza,kaggle_market,8.03
Volkswagen,Virtus,2023,3,11000,Petrol,Automatic,first,1733750,Volkswagen Virtus,kaggle_market,17.34
Maruti Suzuki,Maruti-Suzuki-Dzire,2015,11,110000,Petrol,Manual,first,403750,Maruti Suzuki Maruti-Suzuki-Dzire,kaggle_market,4.04
Hyundai,Creta,2020,6,43513,Petrol,Manual,first,1068750,Hyundai Creta,kaggle_market,10.69
Hyundai,I20,2019,7,30000,Petrol,Manual,first,617500,Hyundai I20,kaggle_market,6.18
Audi,A6,2014,12,91000,Diesel,Automatic,first,1282500,Audi A6,kaggle_market,12.82
Hyundai,I10,2017,9,69870,Petrol,Manual,second,304000,Hyundai I10,kaggle_market,3.04
Maruti Suzuki,Eeco,2017,9,11050,Petrol,Manual,second,370500,Maruti Suzuki Eeco,kaggle_market,3.7
Maruti Suzuki,Alto-K10,2014,12,70000,Petrol,Automatic,second,209000,Maruti Suzuki Alto-K10,kaggle_market,2.09
Jeep,Compass,2018,8,57000,Petrol,Automatic,first,1282500,Jeep Compass,kaggle_market,12.82
Hyundai,Venue,2019,7,62000,Petrol,Automatic,first,798000,Hyundai Venue,kaggle_market,7.98
Volkswagen,Polo,2011,15,140000,Diesel,Manual,second,228000,Volkswagen Polo,kaggle_market,2.28
Toyota,Innova Crysta,2017,9,58000,Diesel,Automatic,second,1828749,Toyota Innova Crysta,kaggle_market,18.29
Hyundai,Creta,2024,2,3500,Petrol,Automatic,first,1710000,Hyundai Creta,kaggle_market,17.1
Volkswagen,Polo,2015,11,117000,Diesel,Manual,second,593750,Volkswagen Polo,kaggle_market,5.94
Maruti Suzuki,Wagon-R,2011,15,70000,Petrol,Manual,second,228000,Maruti Suzuki Wagon-R,kaggle_market,2.28
Bmw,X5,2016,10,80000,Diesel,Automatic,second,2470000,Bmw X5,kaggle_market,24.7
Tata,Nexon,2018,8,25000,Petrol,Automatic,first,645050,Tata Nexon,kaggle_market,6.45
Hyundai,Eon,2013,13,110000,Petrol,Manual,first,188100,Hyundai Eon,kaggle_market,1.88
Tata,Tiago,2019,7,40000,Petrol,Automatic,second,403750,Tata Tiago,kaggle_market,4.04
Renault,Kwid,2016,10,38000,Petrol,Automatic,second,375250,Renault Kwid,kaggle_market,3.75
Volkswagen,Ventotest,2015,11,124000,Petrol,Automatic,second,380000,Volkswagen Ventotest,kaggle_market,3.8
Maruti Suzuki,Swift,2016,10,82000,Diesel,Manual,second,332500,Maruti Suzuki Swift,kaggle_market,3.32
Toyota,Innova Crysta,2016,10,138625,Diesel,Manual,second,1103046,Toyota Innova Crysta,kaggle_market,11.03
Hyundai,Verna,2018,8,48000,Diesel,Automatic,second,1016500,Hyundai Verna,kaggle_market,10.16
Maruti Suzuki,Baleno,2018,8,30000,Petrol,Manual,first,636500,Maruti Suzuki Baleno,kaggle_market,6.36
Hyundai,Eon,2018,8,62000,Petrol,Manual,first,280250,Hyundai Eon,kaggle_market,2.8
Honda,Crv,2014,12,64000,Petrol,Automatic,second,593750,Honda Crv,kaggle_market,5.94
Hyundai,I10,2014,12,77000,Petrol,Manual,first,261250,Hyundai I10,kaggle_market,2.61
Honda,Amaze,2016,10,150000,Diesel,Automatic,second,332500,Honda Amaze,kaggle_market,3.32
Honda,New Accord,2008,18,141000,Petrol,Automatic,second,308750,Honda New Accord,kaggle_market,3.09
Ford,Ecosport,2017,9,95000,Diesel,Manual,second,508250,Ford Ecosport,kaggle_market,5.08
Mercedes-Benz,Gle Class,2018,8,85000,Diesel,Automatic,first,3657500,Mercedes-Benz Gle Class,kaggle_market,36.58
Mercedes-Benz,Glc Class,2019,7,71000,Diesel,Automatic,first,3895000,Mercedes-Benz Glc Class,kaggle_market,38.95
Maruti Suzuki,Swift,2010,16,63000,Petrol,Manual,first,156750,Maruti Suzuki Swift,kaggle_market,1.57
Volkswagen,Polo,2017,9,54000,Petrol,Automatic,second,901550,Volkswagen Polo,kaggle_market,9.02
Hyundai,Grand I10,2014,12,94000,Petrol,Manual,first,332500,Hyundai Grand I10,kaggle_market,3.32
Maruti Suzuki,Wagon-R-1-0,2017,9,56700,Petrol,Automatic,second,332500,Maruti Suzuki Wagon-R-1-0,kaggle_market,3.32
Maruti Suzuki,Alto-800,2017,9,33000,Petrol,Manual,first,261250,Maruti Suzuki Alto-800,kaggle_market,2.61
Ford,Figo Aspire,2018,8,38000,Petrol,Automatic,second,451250,Ford Figo Aspire,kaggle_market,4.51
Hyundai,I10,2013,13,63000,Petrol,Manual,second,346750,Hyundai I10,kaggle_market,3.47
Hyundai,Verna,2010,16,87000,Diesel,Manual,second,228000,Hyundai Verna,kaggle_market,2.28
Hyundai,Santro Xing,2010,16,85000,Petrol,Manual,second,104500,Hyundai Santro Xing,kaggle_market,1.04
Audi,A6,2013,13,95000,Diesel,Automatic,second,997500,Audi A6,kaggle_market,9.98
Kia,Seltos,2022,4,43000,Diesel,Automatic,first,1686250,Kia Seltos,kaggle_market,16.86
Mercedes-Benz,A Class,2016,10,68000,Diesel,Automatic,second,1733750,Mercedes-Benz A Class,kaggle_market,17.34
Bmw,X5,2015,11,89000,Diesel,Automatic,second,1900000,Bmw X5,kaggle_market,19.0
Audi,Q3,2015,11,90000,Diesel,Automatic,first,707750,Audi Q3,kaggle_market,7.08
Mercedes-Benz,Gle Class,2017,9,70000,Diesel,Automatic,first,3600500,Mercedes-Benz Gle Class,kaggle_market,36.01
Bmw,X1,2014,12,110000,Diesel,Automatic,second,903450,Bmw X1,kaggle_market,9.03
Honda,Accord,2009,17,93000,Petrol,Automatic,second,275500,Honda Accord,kaggle_market,2.76
Hyundai,Elite I20,2016,10,68000,Petrol,Manual,first,460750,Hyundai Elite I20,kaggle_market,4.61
Mercedes-Benz,B Class,2014,12,75000,Diesel,Automatic,second,759050,Mercedes-Benz B Class,kaggle_market,7.59
Ford,Endeavour,2019,7,115000,Diesel,Automatic,first,2232500,Ford Endeavour,kaggle_market,22.32
Maruti Suzuki,Baleno,2021,5,21008,Petrol,Manual,first,674500,Maruti Suzuki Baleno,kaggle_market,6.74
Tata,Tiago,2023,3,12000,Petrol,Manual,second,560500,Tata Tiago,kaggle_market,5.6
Skoda,Superb,2016,10,80000,Petrol,Automatic,second,807500,Skoda Superb,kaggle_market,8.07
Nissan,Terrano,2014,12,57000,Diesel,Manual,second,304000,Nissan Terrano,kaggle_market,3.04
Maruti Suzuki,Swift-Dzire,2024,2,3900,Petrol,Automatic,first,881600,Maruti Suzuki Swift-Dzire,kaggle_market,8.82
Hyundai,Grand I10,2015,11,111939,Petrol,Manual,second,303791,Hyundai Grand I10,kaggle_market,3.04
Tata,Tiago,2022,4,12000,Petrol,Automatic,first,569050,Tata Tiago,kaggle_market,5.69
Nissan,Sunny,2013,13,75000,Petrol,Manual,first,227050,Nissan Sunny,kaggle_market,2.27
Mercedes-Benz,B Class,2018,8,36000,Diesel,Automatic,second,1448750,Mercedes-Benz B Class,kaggle_market,14.49
Tata,Tiago,2023,3,9000,Petrol,Manual,first,665000,Tata Tiago,kaggle_market,6.65
Hyundai,Eon,2014,12,52000,Petrol,Manual,second,218500,Hyundai Eon,kaggle_market,2.18
Mahindra,Marazzo,2019,7,130000,Diesel,Manual,first,656450,Mahindra Marazzo,kaggle_market,6.56
Maruti Suzuki,Maruti-Suzuki-Dzire,2022,4,44000,Petrol,Manual,first,660250,Maruti Suzuki Maruti-Suzuki-Dzire,kaggle_market,6.6
Tata,Indigo Ecs,2009,17,75945,Petrol,Manual,second,118750,Tata Indigo Ecs,kaggle_market,1.19
Hyundai,I10,2008,18,77000,Petrol,Automatic,second,275500,Hyundai I10,kaggle_market,2.76
Hyundai,Creta,2017,9,150000,Diesel,Automatic,second,712500,Hyundai Creta,kaggle_market,7.12
Maruti Suzuki,Swift-Dzire,2013,13,110000,Diesel,Manual,second,389499,Maruti Suzuki Swift-Dzire,kaggle_market,3.89
Tata,Bolt,2019,7,75000,Diesel,Manual,second,256500,Tata Bolt,kaggle_market,2.56
Honda,City,2018,8,84858,Petrol,Automatic,second,730550,Honda City,kaggle_market,7.31
Mercedes-Benz,B Class,2014,12,79000,Diesel,Automatic,second,878750,Mercedes-Benz B Class,kaggle_market,8.79
Maruti Suzuki,Wagon-R-1-0,2008,18,74000,Petrol,Manual,second,112100,Maruti Suzuki Wagon-R-1-0,kaggle_market,1.12
Hyundai,I20 Active,2015,11,79000,Diesel,Manual,second,498750,Hyundai I20 Active,kaggle_market,4.99
Mahindra,Thar,2022,4,72000,Diesel,Automatic,first,1311000,Mahindra Thar,kaggle_market,13.11
Toyota,Yaris,2018,8,66000,Petrol,Automatic,first,921500,Toyota Yaris,kaggle_market,9.22
Hyundai,Creta,2016,10,91000,Diesel,Manual,second,850250,Hyundai Creta,kaggle_market,8.5
Mahindra,Scorpio,2012,14,86283,Diesel,Manual,second,427500,Mahindra Scorpio,kaggle_market,4.28
Volkswagen,Ventotest,2011,15,150000,Diesel,Manual,second,251750,Volkswagen Ventotest,kaggle_market,2.52
Skoda,Superb,2011,15,90000,Diesel,Automatic,second,389500,Skoda Superb,kaggle_market,3.9
Maruti Suzuki,Celerio,2016,10,80000,Petrol,Automatic,first,351500,Maruti Suzuki Celerio,kaggle_market,3.52
Hyundai,Verna,2023,3,44000,Petrol,Automatic,first,1510500,Hyundai Verna,kaggle_market,15.1
Maruti Suzuki,Brezza,2016,10,90000,Diesel,Manual,second,560500,Maruti Suzuki Brezza,kaggle_market,5.6
Maruti Suzuki,Omni,2009,17,110000,Petrol,Manual,second,133000,Maruti Suzuki Omni,kaggle_market,1.33
Audi,Q3,2014,12,52000,Diesel,Automatic,second,1093450,Audi Q3,kaggle_market,10.93
Volkswagen,Ventotest,2014,12,91851,Petrol,Automatic,second,332500,Volkswagen Ventotest,kaggle_market,3.32
Audi,Q7,2012,14,88000,Diesel,Automatic,first,1092500,Audi Q7,kaggle_market,10.92
Audi,Q3,2012,14,155000,Diesel,Automatic,second,992750,Audi Q3,kaggle_market,9.93
Mahindra,Ssangyong-Rexton,2015,11,56900,Diesel,Automatic,second,736250,Mahindra Ssangyong-Rexton,kaggle_market,7.36
Volvo,Xc60,2018,8,60000,Diesel,Automatic,second,2945000,Volvo Xc60,kaggle_market,29.45
Kia,Sonet,2024,2,8000,Diesel,Automatic,first,1425000,Kia Sonet,kaggle_market,14.25
Maruti Suzuki,Alto-K10,2022,4,25827,Petrol,Manual,first,362900,Maruti Suzuki Alto-K10,kaggle_market,3.63
Skoda,Rapid,2015,11,42000,Petrol,Automatic,second,370500,Skoda Rapid,kaggle_market,3.7
Maruti Suzuki,Swift-Dzire,2013,13,98000,Diesel,Manual,second,394250,Maruti Suzuki Swift-Dzire,kaggle_market,3.94
Maruti Suzuki,Alto-K10,2018,8,64000,Petrol,Manual,second,346750,Maruti Suzuki Alto-K10,kaggle_market,3.47
Mahindra,Xuv500,2018,8,82000,Diesel,Automatic,first,1258750,Mahindra Xuv500,kaggle_market,12.59
Ford,Aspire,2016,10,71000,Diesel,Manual,second,390450,Ford Aspire,kaggle_market,3.9
Ford,Ecosport,2015,11,58000,Petrol,Automatic,second,467400,Ford Ecosport,kaggle_market,4.67
Hyundai,I10,2011,15,79000,Petrol,Manual,second,199500,Hyundai I10,kaggle_market,2.0
Maruti Suzuki,Swift-Dzire,2012,14,127000,Petrol,Manual,first,318250,Maruti Suzuki Swift-Dzire,kaggle_market,3.18
Mercedes-Benz,E-Class,2013,13,50317,Diesel,Automatic,second,1121000,Mercedes-Benz E-Class,kaggle_market,11.21
Maruti Suzuki,S-Presso,2021,5,17000,Petrol,Manual,second,394250,Maruti Suzuki S-Presso,kaggle_market,3.94
Maruti Suzuki,Wagon-R,2011,15,98000,Petrol,Manual,first,199500,Maruti Suzuki Wagon-R,kaggle_market,2.0
Mahindra,Xuv 300,2022,4,38000,Diesel,Manual,first,935750,Mahindra Xuv 300,kaggle_market,9.36
Tata,Tata-Punch,2022,4,9014,Petrol,Automatic,first,760000,Tata Tata-Punch,kaggle_market,7.6
Mercedes-Benz,Gls,2018,8,38000,Diesel,Automatic,second,5320000,Mercedes-Benz Gls,kaggle_market,53.2
Maruti Suzuki,Ertiga,2019,7,36000,Petrol,Automatic,first,1021250,Maruti Suzuki Ertiga,kaggle_market,10.21
Audi,A6,2011,15,160000,Diesel,Automatic,second,569050,Audi A6,kaggle_market,5.69
Maruti Suzuki,Baleno,2017,9,44515,Petrol,Automatic,second,444600,Maruti Suzuki Baleno,kaggle_market,4.45
Toyota,Innova Crysta,2021,5,50000,Diesel,Automatic,first,1947500,Toyota Innova Crysta,kaggle_market,19.48
Hyundai,Venue,2020,6,45000,Petrol,Manual,first,807500,Hyundai Venue,kaggle_market,8.07
Hyundai,Grand I10,2014,12,57000,Petrol,Manual,second,351500,Hyundai Grand I10,kaggle_market,3.52
Maruti Suzuki,Wagon-R,2016,10,108000,Petrol,Automatic,second,422750,Maruti Suzuki Wagon-R,kaggle_market,4.23
Maruti Suzuki,Swift,2023,3,56000,Petrol,Manual,first,641250,Maruti Suzuki Swift,kaggle_market,6.41
Bmw,7 Series,2018,8,62000,Petrol,Automatic,second,4702500,Bmw 7 Series,kaggle_market,47.02
Maruti Suzuki,Ciaz,2019,7,27000,Petrol,Automatic,first,831250,Maruti Suzuki Ciaz,kaggle_market,8.31
Hyundai,Verna,2013,13,81000,Petrol,Manual,second,304000,Hyundai Verna,kaggle_market,3.04
Hyundai,I10,2014,12,60000,Petrol,Manual,first,228000,Hyundai I10,kaggle_market,2.28
Hyundai,Alcazar,2023,3,12000,Petrol,Automatic,first,1781250,Hyundai Alcazar,kaggle_market,17.81
Mahindra,Xuv500,2017,9,80695,Diesel,Automatic,second,817001,Mahindra Xuv500,kaggle_market,8.17
Hyundai,Aura,2020,6,37000,Petrol,Manual,first,569999,Hyundai Aura,kaggle_market,5.7
Tata,Zest,2016,10,108000,Diesel,Manual,second,389500,Tata Zest,kaggle_market,3.9
Hyundai,Grand I10,2018,8,73000,Petrol,Automatic,first,503500,Hyundai Grand I10,kaggle_market,5.04
Toyota,Innova Crysta,2016,10,116000,Diesel,Manual,first,1401250,Toyota Innova Crysta,kaggle_market,14.01
Hyundai,Aura,2021,5,40000,Petrol,Manual,second,641250,Hyundai Aura,kaggle_market,6.41
Honda,City,2016,10,68000,Petrol,Manual,second,522500,Honda City,kaggle_market,5.22
Honda,Brio,2014,12,49470,Petrol,Manual,second,334400,Honda Brio,kaggle_market,3.34
Mercedes-Benz,Gla Class,2016,10,58000,Diesel,Automatic,first,1401250,Mercedes-Benz Gla Class,kaggle_market,14.01
Maruti Suzuki,Xl6,2021,5,15000,Petrol,Automatic,second,997500,Maruti Suzuki Xl6,kaggle_market,9.98
Toyota,Corolla Altis,2010,16,150000,Petrol,Manual,first,346750,Toyota Corolla Altis,kaggle_market,3.47
Ford,Endeavour,2017,9,76000,Diesel,Automatic,second,2375000,Ford Endeavour,kaggle_market,23.75
Maruti Suzuki,Celerio,2017,9,85000,Petrol,Automatic,first,380000,Maruti Suzuki Celerio,kaggle_market,3.8
Volkswagen,Polo,2014,12,135500,Diesel,Manual,second,459800,Volkswagen Polo,kaggle_market,4.6
Chevrolet,Cruze,2012,14,97000,Diesel,Manual,second,251750,Chevrolet Cruze,kaggle_market,2.52
Tata,Tiago Nrg,2022,4,35000,Petrol,Automatic,first,560500,Tata Tiago Nrg,kaggle_market,5.6
Maruti Suzuki,Swift,2018,8,33000,Petrol,Automatic,first,522500,Maruti Suzuki Swift,kaggle_market,5.22
Hyundai,Sonata,2013,13,72000,Petrol,Automatic,second,365750,Hyundai Sonata,kaggle_market,3.66
Honda,Brio,2013,13,50000,Petrol,Manual,first,166250,Honda Brio,kaggle_market,1.66
Hyundai,Fluidic Verna,2019,7,58000,Petrol,Automatic,first,988000,Hyundai Fluidic Verna,kaggle_market,9.88
Toyota,Camry,2023,3,28000,Petrol,Automatic,first,3895000,Toyota Camry,kaggle_market,38.95
Volkswagen,Polo,2012,14,81000,Diesel,Manual,second,251750,Volkswagen Polo,kaggle_market,2.52
Hyundai,Creta,2019,7,61000,Diesel,Automatic,first,1130500,Hyundai Creta,kaggle_market,11.3
Chevrolet,Spark,2011,15,55155,Petrol,Manual,first,114000,Chevrolet Spark,kaggle_market,1.14
Jaguar,F-Pace,2019,7,54944,Diesel,Automatic,second,3800000,Jaguar F-Pace,kaggle_market,38.0
Renault,Kwid,2021,5,17500,Petrol,Automatic,first,346750,Renault Kwid,kaggle_market,3.47
Mahindra,Thar,2022,4,29000,Diesel,Automatic,first,1567500,Mahindra Thar,kaggle_market,15.68
Ssangyong,Rexton,2013,13,65000,Diesel,Automatic,first,793250,Ssangyong Rexton,kaggle_market,7.93
Maruti Suzuki,Swift-Dzire,2014,12,157920,Diesel,Manual,second,356250,Maruti Suzuki Swift-Dzire,kaggle_market,3.56
Nissan,Sunny,2012,14,90000,Diesel,Manual,second,342000,Nissan Sunny,kaggle_market,3.42
Volkswagen,Ventotest,2016,10,92000,Diesel,Automatic,second,523450,Volkswagen Ventotest,kaggle_market,5.23
Hyundai,Grand I10,2013,13,104283,Diesel,Manual,second,275500,Hyundai Grand I10,kaggle_market,2.76
Toyota,Innova Crysta,2018,8,135000,Diesel,Automatic,second,2042500,Toyota Innova Crysta,kaggle_market,20.42
Datsun,Redi Go,2017,9,55000,Petrol,Manual,first,204250,Datsun Redi Go,kaggle_market,2.04
Hyundai,Grand I10 Nios,2020,6,20000,Petrol,Manual,second,498750,Hyundai Grand I10 Nios,kaggle_market,4.99
Hyundai,Xcent,2018,8,170000,Petrol,Manual,second,228000,Hyundai Xcent,kaggle_market,2.28
Hyundai,Creta,2019,7,38100,Petrol,Automatic,first,1040250,Hyundai Creta,kaggle_market,10.4
Maruti Suzuki,Omni,2018,8,70000,Petrol,Manual,second,285000,Maruti Suzuki Omni,kaggle_market,2.85
Maruti Suzuki,Wagon-R,2020,6,58734,Petrol,Automatic,second,513000,Maruti Suzuki Wagon-R,kaggle_market,5.13
Hyundai,Grand I10,2016,10,35000,Petrol,Manual,second,470250,Hyundai Grand I10,kaggle_market,4.7
Honda,City,2015,11,100000,Petrol,Manual,second,474961,Honda City,kaggle_market,4.75
Maruti Suzuki,Baleno,2016,10,39500,Petrol,Automatic,first,494950,Maruti Suzuki Baleno,kaggle_market,4.95
Honda,Jazz,2016,10,65800,Petrol,Manual,second,427500,Honda Jazz,kaggle_market,4.28
Maruti Suzuki,Wagon-R,2018,8,96000,Petrol,Manual,second,380000,Maruti Suzuki Wagon-R,kaggle_market,3.8
Renault,Kwid,2017,9,67316,Petrol,Automatic,second,308750,Renault Kwid,kaggle_market,3.09
Ford,Figo,2010,16,43256,Petrol,Manual,second,113050,Ford Figo,kaggle_market,1.13
Ford,Ecosport,2021,5,11400,Petrol,Manual,second,760000,Ford Ecosport,kaggle_market,7.6
Hyundai,Venue,2022,4,14112,Petrol,Manual,first,1087750,Hyundai Venue,kaggle_market,10.88
Jeep,Compass,2018,8,62200,Petrol,Automatic,second,945250,Jeep Compass,kaggle_market,9.45
Tata,Nano,2016,10,26000,Petrol,Automatic,second,171000,Tata Nano,kaggle_market,1.71
Skoda,Karoq,2020,6,19000,Petrol,Automatic,first,1942750,Skoda Karoq,kaggle_market,19.43
Tata,Nano,2014,12,24000,Petrol,Manual,second,147250,Tata Nano,kaggle_market,1.47
Maruti Suzuki,Ertiga,2014,12,142000,Diesel,Manual,second,522500,Maruti Suzuki Ertiga,kaggle_market,5.22
Volkswagen,Ventotest,2017,9,66000,Diesel,Automatic,first,598500,Volkswagen Ventotest,kaggle_market,5.98
Mg,Hector,2019,7,496000,Petrol,Automatic,first,1093450,Mg Hector,kaggle_market,10.93
Maruti Suzuki,Xl6,2020,6,61000,Petrol,Automatic,first,1040250,Maruti Suzuki Xl6,kaggle_market,10.4
Audi,Q5,2018,8,134000,Diesel,Automatic,first,3125500,Audi Q5,kaggle_market,31.26
Maruti Suzuki,Wagon-R,2013,13,97000,Petrol,Manual,second,256500,Maruti Suzuki Wagon-R,kaggle_market,2.56
Tata,Tiago,2019,7,57000,Petrol,Manual,first,413250,Tata Tiago,kaggle_market,4.13
Land Rover,Range Rover,2013,13,92000,Diesel,Automatic,second,2375000,Land Rover Range Rover,kaggle_market,23.75
Mahindra,Thar,2014,12,51222,Diesel,Manual,second,598500,Mahindra Thar,kaggle_market,5.98
Honda,Amaze,2020,6,20758,Petrol,Automatic,first,617500,Honda Amaze,kaggle_market,6.18
Maruti Suzuki,Ignis,2018,8,62000,Petrol,Manual,second,389500,Maruti Suzuki Ignis,kaggle_market,3.9
Mercedes-Benz,Gle Class,2016,10,117000,Diesel,Automatic,second,3135000,Mercedes-Benz Gle Class,kaggle_market,31.35
Bmw,X1,2016,10,71900,Diesel,Automatic,first,2232500,Bmw X1,kaggle_market,22.32
Honda,City,2018,8,30050,Petrol,Automatic,second,848920,Honda City,kaggle_market,8.49
Volkswagen,Ventotest,2016,10,75000,Diesel,Automatic,first,751450,Volkswagen Ventotest,kaggle_market,7.51
Bmw,X5,2018,8,80000,Diesel,Automatic,second,4655000,Bmw X5,kaggle_market,46.55
Bmw,X1,2021,5,14000,Petrol,Automatic,first,3301250,Bmw X1,kaggle_market,33.01
Bmw,5 Series,2020,6,20000,Diesel,Automatic,second,5415000,Bmw 5 Series,kaggle_market,54.15
Volkswagen,Polo,2017,9,59000,Petrol,Automatic,second,560500,Volkswagen Polo,kaggle_market,5.6
Maruti Suzuki,Ciaz,2016,10,64000,Petrol,Automatic,first,565250,Maruti Suzuki Ciaz,kaggle_market,5.65
Mahindra,Ssangyong-Rexton,2013,13,65000,Diesel,Automatic,second,465500,Mahindra Ssangyong-Rexton,kaggle_market,4.66
Hyundai,New Santro,2019,7,33200,Petrol,Automatic,second,418000,Hyundai New Santro,kaggle_market,4.18
Maruti Suzuki,Swift,2007,19,155000,Petrol,Manual,second,128250,Maruti Suzuki Swift,kaggle_market,1.28
Renault,Kwid,2021,5,51000,Petrol,Manual,first,308750,Renault Kwid,kaggle_market,3.09
Volkswagen,Polo,2014,12,114000,Diesel,Manual,second,484500,Volkswagen Polo,kaggle_market,4.84
Skoda,Octavia,2017,9,30000,Petrol,Automatic,first,1282500,Skoda Octavia,kaggle_market,12.82
Bmw,3 Series,2020,6,98000,Diesel,Automatic,second,2707500,Bmw 3 Series,kaggle_market,27.08
Maruti Suzuki,Wagon-R,2018,8,7554,Petrol,Automatic,first,403751,Maruti Suzuki Wagon-R,kaggle_market,4.04
Bmw,X1,2017,9,90000,Diesel,Automatic,second,1282500,Bmw X1,kaggle_market,12.82
Toyota,Fortuner,2019,7,45000,Diesel,Automatic,second,3752500,Toyota Fortuner,kaggle_market,37.52
Audi,A6,2020,6,61000,Petrol,Automatic,first,3610000,Audi A6,kaggle_market,36.1
Skoda,Superb,2022,4,39000,Petrol,Automatic,first,2660000,Skoda Superb,kaggle_market,26.6
Toyota,Innova Crysta,2017,9,75000,Diesel,Automatic,second,1306250,Toyota Innova Crysta,kaggle_market,13.06
Maruti Suzuki,800,2001,25,85000,Petrol,Manual,second,75050,Maruti Suzuki 800,kaggle_market,0.75
Maruti Suzuki,Ignis,2020,6,32000,Petrol,Manual,first,394250,Maruti Suzuki Ignis,kaggle_market,3.94
Jaguar,Xf,2012,14,89000,Diesel,Automatic,second,949050,Jaguar Xf,kaggle_market,9.49
Mercedes-Benz,C-Class,2011,15,85000,Petrol,Automatic,second,427500,Mercedes-Benz C-Class,kaggle_market,4.28
Tata,Nexon,2018,8,53840,Petrol,Manual,first,593750,Tata Nexon,kaggle_market,5.94
Hyundai,Eon,2016,10,55000,Petrol,Manual,second,285000,Hyundai Eon,kaggle_market,2.85
Volkswagen,Polo,2016,10,67000,Petrol,Automatic,second,878750,Volkswagen Polo,kaggle_market,8.79
Maruti Suzuki,Celerio,2014,12,83493,Petrol,Automatic,first,346750,Maruti Suzuki Celerio,kaggle_market,3.47
Mercedes-Benz,Cla,2015,11,54000,Diesel,Automatic,second,1163750,Mercedes-Benz Cla,kaggle_market,11.64
Honda,Jazz,2018,8,53000,Petrol,Automatic,second,570000,Honda Jazz,kaggle_market,5.7
Hyundai,Verna,2013,13,90000,Diesel,Manual,second,503500,Hyundai Verna,kaggle_market,5.04
Maruti Suzuki,Alto 800,2023,3,27000,Petrol,Manual,first,413250,Maruti Suzuki Alto 800,kaggle_market,4.13
Hyundai,Creta,2018,8,141000,Petrol,Manual,first,783750,Hyundai Creta,kaggle_market,7.84
Volkswagen,Polo,2016,10,50000,Petrol,Manual,first,441750,Volkswagen Polo,kaggle_market,4.42
Hyundai,I10,2013,13,43543,Petrol,Manual,first,294500,Hyundai I10,kaggle_market,2.94
Maruti Suzuki,Maruti-Suzuki-Dzire,2022,4,32809,Petrol,Automatic,first,722000,Maruti Suzuki Maruti-Suzuki-Dzire,kaggle_market,7.22
Mercedes-Benz,E-Class,2013,13,149000,Diesel,Automatic,second,1230250,Mercedes-Benz E-Class,kaggle_market,12.3
Honda,Amaze,2021,5,50000,Diesel,Manual,second,665000,Honda Amaze,kaggle_market,6.65
Tata,Tiago,2017,9,50000,Petrol,Automatic,second,418000,Tata Tiago,kaggle_market,4.18
Audi,Q5,2014,12,99892,Diesel,Automatic,second,1282500,Audi Q5,kaggle_market,12.82
Volkswagen,Taigun,2023,3,9000,Petrol,Automatic,first,1591250,Volkswagen Taigun,kaggle_market,15.91
Land Rover,Discovery,2019,7,48000,Diesel,Automatic,first,3895000,Land Rover Discovery,kaggle_market,38.95
Nissan,Sunny,2012,14,130000,Diesel,Manual,second,304000,Nissan Sunny,kaggle_market,3.04
Maruti Suzuki,Swift-Dzire,2021,5,63500,Petrol,Manual,first,665000,Maruti Suzuki Swift-Dzire,kaggle_market,6.65
Hyundai,Verna,2019,7,70000,Diesel,Manual,second,731500,Hyundai Verna,kaggle_market,7.32
Kia,Carens,2022,4,68000,Diesel,Manual,first,1591250,Kia Carens,kaggle_market,15.91
Mercedes-Benz,S-Class,2019,7,50000,Diesel,Automatic,first,8455000,Mercedes-Benz S-Class,kaggle_market,84.55
Bmw,3 Series,2014,12,12000,Diesel,Automatic,first,1045000,Bmw 3 Series,kaggle_market,10.45
Maruti Suzuki,Alto-800,2005,21,75000,Petrol,Manual,second,118750,Maruti Suzuki Alto-800,kaggle_market,1.19
Jeep,Compass,2019,7,52000,Petrol,Automatic,second,1220750,Jeep Compass,kaggle_market,12.21
Toyota,Innova Crysta,2018,8,141000,Diesel,Automatic,first,1667250,Toyota Innova Crysta,kaggle_market,16.67
Mercedes-Benz,Gla,2016,10,50000,Petrol,Automatic,second,1458250,Mercedes-Benz Gla,kaggle_market,14.58
Mercedes-Benz,C-Class,2008,18,75000,Petrol,Automatic,second,569050,Mercedes-Benz C-Class,kaggle_market,5.69
Maruti Suzuki,Swift-Dzire,2017,9,133641,Diesel,Manual,first,646000,Maruti Suzuki Swift-Dzire,kaggle_market,6.46
Maruti Suzuki,Brezza,2019,7,125000,Diesel,Manual,first,760000,Maruti Suzuki Brezza,kaggle_market,7.6
Tata,Safari,2021,5,49000,Diesel,Manual,second,1900000,Tata Safari,kaggle_market,19.0
Hyundai,I10,2008,18,60000,Petrol,Manual,first,213750,Hyundai I10,kaggle_market,2.14
Hyundai,Creta,2019,7,44000,Petrol,Manual,first,831250,Hyundai Creta,kaggle_market,8.31
Volkswagen,Polo,2018,8,25000,Petrol,Automatic,second,1068750,Volkswagen Polo,kaggle_market,10.69
Honda,City,2020,6,35000,Petrol,Automatic,first,939550,Honda City,kaggle_market,9.4
Mercedes-Benz,Gle Class,2014,12,78000,Diesel,Automatic,first,935750,Mercedes-Benz Gle Class,kaggle_market,9.36
Nissan,Micra,2015,11,39000,Petrol,Automatic,first,361000,Nissan Micra,kaggle_market,3.61
Maruti Suzuki,Swift-Dzire-Tour,2015,11,170000,Diesel,Manual,second,313500,Maruti Suzuki Swift-Dzire-Tour,kaggle_market,3.14
Toyota,Corolla Altis,2012,14,125000,Diesel,Manual,second,390450,Toyota Corolla Altis,kaggle_market,3.9
Ford,Ecosport,2015,11,52000,Petrol,Manual,first,470250,Ford Ecosport,kaggle_market,4.7
Nissan,Magnite,2023,3,17045,Petrol,Automatic,first,926250,Nissan Magnite,kaggle_market,9.26
Hyundai,I20,2018,8,63000,Diesel,Manual,second,617500,Hyundai I20,kaggle_market,6.18
Maruti Suzuki,Ritz,2012,14,85000,Diesel,Manual,second,156750,Maruti Suzuki Ritz,kaggle_market,1.57
Mahindra,Thar,2022,4,38500,Diesel,Automatic,second,1187500,Mahindra Thar,kaggle_market,11.88
Mercedes-Benz,E-Class,2015,11,49900,Petrol,Automatic,second,1403150,Mercedes-Benz E-Class,kaggle_market,14.03
Maruti Suzuki,Eeco,2020,6,22000,Petrol,Manual,second,460750,Maruti Suzuki Eeco,kaggle_market,4.61
Mercedes-Benz,C Class,2015,11,50000,Diesel,Automatic,first,1781250,Mercedes-Benz C Class,kaggle_market,17.81
Audi,A4,2023,3,4000,Petrol,Automatic,first,4085000,Audi A4,kaggle_market,40.85
Volkswagen,Ventotest,2015,11,56000,Diesel,Automatic,first,546250,Volkswagen Ventotest,kaggle_market,5.46
Audi,A4,2015,11,77000,Diesel,Automatic,second,902500,Audi A4,kaggle_market,9.02
Hyundai,Alcazar,2023,3,8000,Petrol,Automatic,first,2185000,Hyundai Alcazar,kaggle_market,21.85
Ford,Figo,2010,16,85000,Diesel,Manual,second,180500,Ford Figo,kaggle_market,1.8
Maruti Suzuki,Wagon-R,2019,7,46000,Petrol,Automatic,first,451250,Maruti Suzuki Wagon-R,kaggle_market,4.51
Hyundai,I10,2011,15,50000,Petrol,Automatic,second,261250,Hyundai I10,kaggle_market,2.61
Renault,Kwid,2016,10,80000,Petrol,Manual,second,299250,Renault Kwid,kaggle_market,2.99
Mercedes-Benz,Cla,2019,7,45000,Diesel,Automatic,second,1995000,Mercedes-Benz Cla,kaggle_market,19.95
Maruti Suzuki,Alto-K10,2014,12,23000,Petrol,Manual,second,256500,Maruti Suzuki Alto-K10,kaggle_market,2.56
Honda,City,2017,9,45000,Petrol,Automatic,second,722000,Honda City,kaggle_market,7.22
Maruti Suzuki,Alto-800,2019,7,28848,Petrol,Manual,second,304000,Maruti Suzuki Alto-800,kaggle_market,3.04
Volkswagen,Polo,2013,13,94685,Diesel,Manual,second,142500,Volkswagen Polo,kaggle_market,1.42
Volkswagen,Tiguan,2022,4,30000,Petrol,Automatic,first,2470000,Volkswagen Tiguan,kaggle_market,24.7
Skoda,Laura,2012,14,140000,Diesel,Manual,second,351500,Skoda Laura,kaggle_market,3.52
Mahindra,Xuv500,2017,9,49500,Diesel,Automatic,second,1163750,Mahindra Xuv500,kaggle_market,11.64
Honda,City,2015,11,59300,Petrol,Automatic,second,546250,Honda City,kaggle_market,5.46
Maruti Suzuki,Celerio,2018,8,38000,Petrol,Automatic,second,475000,Maruti Suzuki Celerio,kaggle_market,4.75
Maruti Suzuki,Wagon-R,2018,8,7512,Petrol,Automatic,first,403749,Maruti Suzuki Wagon-R,kaggle_market,4.04
Ford,Ecosport,2013,13,70400,Diesel,Manual,second,389500,Ford Ecosport,kaggle_market,3.9
Hyundai,I20,2018,8,115000,Diesel,Manual,second,522500,Hyundai I20,kaggle_market,5.22
Hyundai,I10,2009,17,50000,Petrol,Manual,second,247000,Hyundai I10,kaggle_market,2.47
Tata,Indigo Cs,2008,18,80000,Petrol,Manual,second,104500,Tata Indigo Cs,kaggle_market,1.04
Maruti Suzuki,Ciaz,2019,7,80000,Petrol,Manual,first,726750,Maruti Suzuki Ciaz,kaggle_market,7.27
Bmw,3 Series Gt,2018,8,99000,Diesel,Automatic,first,1947500,Bmw 3 Series Gt,kaggle_market,19.48
Maruti Suzuki,S-Presso,2022,4,19623,Petrol,Manual,first,484500,Maruti Suzuki S-Presso,kaggle_market,4.84
Kia,Seltos,2020,6,76000,Petrol,Automatic,first,1235000,Kia Seltos,kaggle_market,12.35
Bmw,5 Series,2016,10,41000,Diesel,Automatic,second,2137500,Bmw 5 Series,kaggle_market,21.38
Maruti Suzuki,Swift,2016,10,87000,Petrol,Manual,second,475000,Maruti Suzuki Swift,kaggle_market,4.75
Toyota,Fortuner,2014,12,195000,Diesel,Automatic,second,996550,Toyota Fortuner,kaggle_market,9.97
Volvo,S60 Cross Country,2016,10,100000,Diesel,Automatic,second,1330000,Volvo S60 Cross Country,kaggle_market,13.3
Ford,Ecosport,2017,9,49000,Petrol,Manual,second,522500,Ford Ecosport,kaggle_market,5.22
Volkswagen,Polo,2013,13,39000,Petrol,Manual,second,261250,Volkswagen Polo,kaggle_market,2.61
Tata,Nexon,2018,8,82532,Petrol,Manual,second,569050,Tata Nexon,kaggle_market,5.69
Hyundai,Creta,2019,7,36000,Petrol,Automatic,first,997500,Hyundai Creta,kaggle_market,9.98
Hyundai,I10,2008,18,113000,Petrol,Manual,second,147250,Hyundai I10,kaggle_market,1.47
Mercedes-Benz,C Class,2010,16,42000,Petrol,Automatic,first,327750,Mercedes-Benz C Class,kaggle_market,3.28
Maruti Suzuki,Swift-Dzire,2012,14,90000,Petrol,Manual,second,299250,Maruti Suzuki Swift-Dzire,kaggle_market,2.99
Mercedes-Benz,E-Class,2017,9,86000,Diesel,Automatic,second,1757500,Mercedes-Benz E-Class,kaggle_market,17.58
Maruti Suzuki,Baleno,2018,8,29117,Petrol,Manual,first,522500,Maruti Suzuki Baleno,kaggle_market,5.22
Maruti Suzuki,Wagon-R,2015,11,102998,Petrol,Manual,first,380000,Maruti Suzuki Wagon-R,kaggle_market,3.8
Honda,Brio,2014,12,76000,Petrol,Manual,second,332500,Honda Brio,kaggle_market,3.32
Hyundai,Elite I20,2018,8,30000,Petrol,Manual,second,688750,Hyundai Elite I20,kaggle_market,6.89
Honda,City,2011,15,74000,Petrol,Automatic,second,375250,Honda City,kaggle_market,3.75
Honda,City,2022,4,19600,Petrol,Manual,second,988000,Honda City,kaggle_market,9.88
Mercedes-Benz,Cla,2016,10,39000,Diesel,Automatic,second,1306250,Mercedes-Benz Cla,kaggle_market,13.06
Hyundai,Eon,2016,10,43364,Petrol,Manual,first,234650,Hyundai Eon,kaggle_market,2.35
Audi,Q5,2012,14,85000,Diesel,Automatic,second,712500,Audi Q5,kaggle_market,7.12
Mahindra,Thar,2022,4,11000,Petrol,Automatic,second,1353750,Mahindra Thar,kaggle_market,13.54
Mercedes-Benz,Gls,2020,6,100000,Diesel,Automatic,first,8265000,Mercedes-Benz Gls,kaggle_market,82.65
Bmw,M340I,2024,2,20000,Petrol,Automatic,first,6935000,Bmw M340I,kaggle_market,69.35
Maruti Suzuki,Maruti-Suzuki-Dzire,2018,8,33000,Petrol,Automatic,second,517750,Maruti Suzuki Maruti-Suzuki-Dzire,kaggle_market,5.18
Chevrolet,Spark,2009,17,104000,Petrol,Manual,second,94999,Chevrolet Spark,kaggle_market,0.95
Toyota,Glanza,2023,3,7200,Petrol,Automatic,second,855000,Toyota Glanza,kaggle_market,8.55
Maruti Suzuki,Celerio,2017,9,100000,Petrol,Automatic,first,379050,Maruti Suzuki Celerio,kaggle_market,3.79
Hyundai,Santa Fe,2014,12,125000,Diesel,Automatic,second,470250,Hyundai Santa Fe,kaggle_market,4.7
Chevrolet,Spark,2010,16,69000,Petrol,Manual,first,104500,Chevrolet Spark,kaggle_market,1.04
Hyundai,Creta,2021,5,23451,Diesel,Manual,second,1087750,Hyundai Creta,kaggle_market,10.88
Maruti Suzuki,Alto,2011,15,85000,Petrol,Manual,second,204250,Maruti Suzuki Alto,kaggle_market,2.04
Maruti Suzuki,Wagon-R,2016,10,78930,Petrol,Manual,second,361000,Maruti Suzuki Wagon-R,kaggle_market,3.61
Honda,City,2021,5,17000,Petrol,Automatic,first,1139050,Honda City,kaggle_market,11.39
Mercedes-Benz,M-Class,2011,15,61000,Diesel,Automatic,first,942400,Mercedes-Benz M-Class,kaggle_market,9.42
Hyundai,Santro Xing,2010,16,99999,Petrol,Manual,second,90250,Hyundai Santro Xing,kaggle_market,0.9
Ford,Ecosport,2019,7,43000,Petrol,Automatic,second,783750,Ford Ecosport,kaggle_market,7.84
Maruti Suzuki,Maruti-Suzuki-Dzire,2018,8,59445,Petrol,Automatic,first,617500,Maruti Suzuki Maruti-Suzuki-Dzire,kaggle_market,6.18
Mercedes-Benz,S-Class,2018,8,20000,Diesel,Automatic,second,6365000,Mercedes-Benz S-Class,kaggle_market,63.65
Maruti Suzuki,Omni,2010,16,85000,Petrol,Manual,second,156750,Maruti Suzuki Omni,kaggle_market,1.57
Jeep,Compass,2019,7,16000,Petrol,Automatic,first,1420250,Jeep Compass,kaggle_market,14.2
Honda,Amaze,2022,4,22509,Petrol,Automatic,first,850250,Honda Amaze,kaggle_market,8.5
Honda,City,2016,10,68000,Petrol,Automatic,second,688750,Honda City,kaggle_market,6.89
Maruti Suzuki,Swift Dzire,2011,15,80785,Petrol,Manual,second,251750,Maruti Suzuki Swift Dzire,kaggle_market,2.52
Hyundai,I10,2013,13,57000,Petrol,Manual,second,236550,Hyundai I10,kaggle_market,2.37
Bmw,5 Series,2013,13,61000,Diesel,Automatic,second,1072550,Bmw 5 Series,kaggle_market,10.73
Audi,A4,2012,14,85000,Diesel,Automatic,second,769500,Audi A4,kaggle_market,7.7
Maruti Suzuki,Ritz,2009,17,81000,Petrol,Manual,first,177650,Maruti Suzuki Ritz,kaggle_market,1.78
Maruti Suzuki,Zen-Estilo,2012,14,50000,Petrol,Manual,second,152000,Maruti Suzuki Zen-Estilo,kaggle_market,1.52
Volvo,S60,2014,12,87000,Diesel,Automatic,second,1258750,Volvo S60,kaggle_market,12.59
Honda,Crv,2007,19,87210,Petrol,Automatic,second,152000,Honda Crv,kaggle_market,1.52
Maruti Suzuki,Alto-K10,2012,14,68200,Petrol,Manual,first,200450,Maruti Suzuki Alto-K10,kaggle_market,2.0
Maruti Suzuki,Maruti-Suzuki-Dzire,2013,13,73000,Diesel,Manual,second,390450,Maruti Suzuki Maruti-Suzuki-Dzire,kaggle_market,3.9
Maruti Suzuki,Alto K10,2015,11,72500,Petrol,Automatic,second,256500,Maruti Suzuki Alto K10,kaggle_market,2.56
Toyota,Etios Cross,2014,12,125000,Diesel,Manual,second,522500,Toyota Etios Cross,kaggle_market,5.22
Ford,Escort,2015,11,76000,Diesel,Manual,second,369550,Ford Escort,kaggle_market,3.7
Maruti Suzuki,Ciaz,2016,10,80926,Petrol,Manual,first,509200,Maruti Suzuki Ciaz,kaggle_market,5.09
Maruti Suzuki,Alto-800,2012,14,128144,Petrol,Manual,second,144400,Maruti Suzuki Alto-800,kaggle_market,1.44
Honda,City,2010,16,104000,Petrol,Manual,second,232750,Honda City,kaggle_market,2.33
Renault,Pulse,2015,11,65000,Petrol,Manual,first,218500,Renault Pulse,kaggle_market,2.18
Toyota,Innova Crysta,2016,10,101029,Diesel,Automatic,first,1519050,Toyota Innova Crysta,kaggle_market,15.19
Hyundai,Verna,2014,12,104000,Diesel,Manual,second,521550,Hyundai Verna,kaggle_market,5.22
Mercedes-Benz,C-Class,2013,13,60000,Diesel,Automatic,first,1425000,Mercedes-Benz C-Class,kaggle_market,14.25
Hyundai,Venue,2020,6,67000,Petrol,Manual,first,807500,Hyundai Venue,kaggle_market,8.07
Bmw,3 Series,2012,14,129000,Diesel,Automatic,second,451250,Bmw 3 Series,kaggle_market,4.51
Tata,Vista Tech,2011,15,89000,Diesel,Manual,second,246050,Tata Vista Tech,kaggle_market,2.46
Honda,City Zx,2017,9,53000,Petrol,Automatic,second,711550,Honda City Zx,kaggle_market,7.12
Toyota,Innova Crysta,2016,10,105000,Diesel,Manual,second,1615000,Toyota Innova Crysta,kaggle_market,16.15
Mahindra,Scorpio,2015,11,174000,Diesel,Manual,second,935750,Mahindra Scorpio,kaggle_market,9.36
Mahindra,Xuv 300,2020,6,78000,Diesel,Manual,first,783750,Mahindra Xuv 300,kaggle_market,7.84
Hyundai,Grand I10,2015,11,60000,Petrol,Automatic,second,389500,Hyundai Grand I10,kaggle_market,3.9
Toyota,Fortuner,2013,13,205486,Diesel,Manual,second,1235000,Toyota Fortuner,kaggle_market,12.35
Honda,City,2016,10,61000,Diesel,Manual,second,641250,Honda City,kaggle_market,6.41
Hyundai,Alcazar,2022,4,36000,Diesel,Automatic,first,1781250,Hyundai Alcazar,kaggle_market,17.81
Hyundai,Creta,2016,10,60000,Diesel,Automatic,second,807500,Hyundai Creta,kaggle_market,8.07
Ford,Ecosport,2019,7,65000,Diesel,Manual,second,707750,Ford Ecosport,kaggle_market,7.08
Hyundai,Verna,2023,3,19000,Petrol,Manual,first,1121000,Hyundai Verna,kaggle_market,11.21
Chevrolet,Beat,2011,15,69472,Petrol,Manual,second,99750,Chevrolet Beat,kaggle_market,1.0
Audi,A6,2016,10,50000,Diesel,Automatic,first,1567500,Audi A6,kaggle_market,15.68
Skoda,Octavia,2018,8,65000,Diesel,Automatic,first,1805000,Skoda Octavia,kaggle_market,18.05
Maruti Suzuki,Baleno,2018,8,29000,Petrol,Manual,first,608000,Maruti Suzuki Baleno,kaggle_market,6.08
Honda,City,2016,10,74000,Petrol,Automatic,second,565250,Honda City,kaggle_market,5.65
Audi,A4,2011,15,49000,Petrol,Automatic,second,546250,Audi A4,kaggle_market,5.46
Toyota,Innova Crysta,2018,8,86000,Diesel,Automatic,first,2446250,Toyota Innova Crysta,kaggle_market,24.46
Honda,Jazz,2018,8,85000,Petrol,Manual,first,508250,Honda Jazz,kaggle_market,5.08
Maruti Suzuki,Zen-Estilo,2007,19,103300,Petrol,Manual,second,90250,Maruti Suzuki Zen-Estilo,kaggle_market,0.9
Hyundai,I20,2013,13,57000,Petrol,Manual,second,280250,Hyundai I20,kaggle_market,2.8
Mahindra,Xuv700,2022,4,27069,Diesel,Manual,second,1990250,Mahindra Xuv700,kaggle_market,19.9
Mahindra,Xylo,2009,17,185000,Diesel,Manual,second,218500,Mahindra Xylo,kaggle_market,2.18
Toyota,Fortuner,2020,6,99000,Diesel,Automatic,first,2897500,Toyota Fortuner,kaggle_market,28.98
Maruti Suzuki,Swift,2021,5,55000,Petrol,Automatic,first,711550,Maruti Suzuki Swift,kaggle_market,7.12
Ford,Endeavour,2006,20,150000,Diesel,Manual,second,237500,Ford Endeavour,kaggle_market,2.38
Volvo,V40 Cross Country,2017,9,59000,Diesel,Automatic,second,1605500,Volvo V40 Cross Country,kaggle_market,16.06
Hyundai,Santro Xing,2012,14,52000,Petrol,Manual,second,133000,Hyundai Santro Xing,kaggle_market,1.33
Mahindra,Kuv100 Nxt,2017,9,57000,Petrol,Automatic,second,275500,Mahindra Kuv100 Nxt,kaggle_market,2.76
Maruti Suzuki,Swift,2023,3,17000,Petrol,Manual,first,802750,Maruti Suzuki Swift,kaggle_market,8.03
Hyundai,Accent,2001,25,98000,Petrol,Manual,second,120650,Hyundai Accent,kaggle_market,1.21
Maruti Suzuki,Alto-800,2010,16,105000,Petrol,Automatic,second,90250,Maruti Suzuki Alto-800,kaggle_market,0.9
Honda,City,2017,9,78887,Petrol,Manual,first,741000,Honda City,kaggle_market,7.41
Maruti Suzuki,Celerio,2015,11,83000,Petrol,Automatic,second,284050,Maruti Suzuki Celerio,kaggle_market,2.84
Maruti Suzuki,Baleno,2017,9,49000,Petrol,Manual,first,498750,Maruti Suzuki Baleno,kaggle_market,4.99
Volkswagen,Ventotest,2013,13,144000,Diesel,Manual,second,284050,Volkswagen Ventotest,kaggle_market,2.84
Honda,Brio,2014,12,32000,Petrol,Manual,second,223250,Honda Brio,kaggle_market,2.23
Volkswagen,Ventotest,2019,7,63000,Petrol,Automatic,first,750500,Volkswagen Ventotest,kaggle_market,7.5
Mahindra,Bolero Neo,2022,4,45000,Diesel,Manual,first,855000,Mahindra Bolero Neo,kaggle_market,8.55
Mercedes-Benz,E-Class,2010,16,48000,Petrol,Automatic,second,517750,Mercedes-Benz E-Class,kaggle_market,5.18
Datsun,Redigo,2016,10,83100,Petrol,Manual,second,199500,Datsun Redigo,kaggle_market,2.0
Maruti Suzuki,Swift,2018,8,86000,Petrol,Manual,second,555750,Maruti Suzuki Swift,kaggle_market,5.56
Bmw,X1,2017,9,75000,Diesel,Automatic,second,1876250,Bmw X1,kaggle_market,18.76
Volkswagen,Polo Gti,2016,10,75000,Petrol,Automatic,second,498750,Volkswagen Polo Gti,kaggle_market,4.99
Toyota,Innova Crysta,2016,10,151000,Diesel,Automatic,first,1686250,Toyota Innova Crysta,kaggle_market,16.86
Maruti Suzuki,Baleno,2016,10,62800,Petrol,Automatic,second,508250,Maruti Suzuki Baleno,kaggle_market,5.08
Hyundai,Grand I10 Nios,2011,15,105000,Petrol,Manual,second,213750,Hyundai Grand I10 Nios,kaggle_market,2.14
Maruti Suzuki,Estilo,2011,15,160000,Petrol,Manual,second,171000,Maruti Suzuki Estilo,kaggle_market,1.71
Hyundai,Grand I10,2018,8,35000,Petrol,Manual,first,379999,Hyundai Grand I10,kaggle_market,3.8
Ford,Figo,2016,10,113000,Petrol,Automatic,second,356250,Ford Figo,kaggle_market,3.56
Bmw,X3,2018,8,40000,Diesel,Automatic,first,4070750,Bmw X3,kaggle_market,40.71
Maruti Suzuki,Maruti-Suzuki-Dzire,2018,8,51000,Petrol,Automatic,second,517750,Maruti Suzuki Maruti-Suzuki-Dzire,kaggle_market,5.18
Maruti Suzuki,Ertiga,2020,6,19700,Petrol,Manual,first,902500,Maruti Suzuki Ertiga,kaggle_market,9.02
Toyota,Innova Crysta,2017,9,79800,Diesel,Manual,first,1881000,Toyota Innova Crysta,kaggle_market,18.81
Toyota,Fortuner,2014,12,75000,Diesel,Manual,second,1211250,Toyota Fortuner,kaggle_market,12.11
Volkswagen,Polo,2018,8,86000,Petrol,Automatic,second,783750,Volkswagen Polo,kaggle_market,7.84
Honda,Accord,2010,16,80000,Petrol,Automatic,first,350550,Honda Accord,kaggle_market,3.51
Maruti Suzuki,Wagon R,2017,9,34000,Petrol,Automatic,first,346750,Maruti Suzuki Wagon R,kaggle_market,3.47
Mercedes-Benz,Gle Class,2017,9,18000,Diesel,Automatic,second,5225000,Mercedes-Benz Gle Class,kaggle_market,52.25
Jaguar,Xe,2017,9,54000,Petrol,Automatic,second,2356000,Jaguar Xe,kaggle_market,23.56
Maruti Suzuki,Baleno,2022,4,13000,Petrol,Manual,first,712500,Maruti Suzuki Baleno,kaggle_market,7.12
Maruti Suzuki,S-Presso,2022,4,7000,Petrol,Manual,first,475000,Maruti Suzuki S-Presso,kaggle_market,4.75
Maruti Suzuki,Wagon-R,2022,4,47000,Petrol,Manual,first,570001,Maruti Suzuki Wagon-R,kaggle_market,5.7
Hyundai,Grand I10 Nios,2021,5,28000,Petrol,Automatic,first,616550,Hyundai Grand I10 Nios,kaggle_market,6.17
Maruti Suzuki,Wagon R,2017,9,47000,Petrol,Manual,second,399000,Maruti Suzuki Wagon R,kaggle_market,3.99
Maruti Suzuki,Swift-Dzire,2016,10,80000,Diesel,Manual,second,475000,Maruti Suzuki Swift-Dzire,kaggle_market,4.75
Mahindra,Xuv500,2018,8,39256,Diesel,Manual,second,854050,Mahindra Xuv500,kaggle_market,8.54
Honda,Brv,2017,9,57360,Petrol,Manual,second,641250,Honda Brv,kaggle_market,6.41
Maruti Suzuki,Swift,2022,4,43268,Petrol,Manual,second,625100,Maruti Suzuki Swift,kaggle_market,6.25
Maruti Suzuki,Alto-K10,2018,8,65000,Petrol,Automatic,first,332499,Maruti Suzuki Alto-K10,kaggle_market,3.32
Hyundai,Creta,2015,11,75000,Diesel,Automatic,second,579501,Hyundai Creta,kaggle_market,5.8
Ford,Ecosport,2018,8,54760,Petrol,Automatic,first,532000,Ford Ecosport,kaggle_market,5.32
Honda,Civic,2010,16,62000,Petrol,Automatic,second,332500,Honda Civic,kaggle_market,3.32
Hyundai,Grand I10 Nios,2022,4,13000,Petrol,Automatic,first,674500,Hyundai Grand I10 Nios,kaggle_market,6.74
Maruti Suzuki,Swift,2017,9,93000,Petrol,Manual,second,446500,Maruti Suzuki Swift,kaggle_market,4.46
Volkswagen,Polo,2016,10,63000,Petrol,Automatic,second,703000,Volkswagen Polo,kaggle_market,7.03
Nissan,Micra,2018,8,68000,Petrol,Automatic,first,390450,Nissan Micra,kaggle_market,3.9
Skoda,Octavia,2015,11,94000,Petrol,Manual,first,559550,Skoda Octavia,kaggle_market,5.6
Toyota,Innova,2013,13,98789,Diesel,Manual,second,760000,Toyota Innova,kaggle_market,7.6
Maruti Suzuki,Maruti-Suzuki-Dzire,2017,9,121000,Diesel,Automatic,first,570000,Maruti Suzuki Maruti-Suzuki-Dzire,kaggle_market,5.7
Toyota,Etios,2011,15,75000,Petrol,Manual,first,285000,Toyota Etios,kaggle_market,2.85
Land Rover,Range Rover Evoque,2013,13,92000,Diesel,Automatic,second,1211250,Land Rover Range Rover Evoque,kaggle_market,12.11
Hyundai,I20,2010,16,70000,Petrol,Manual,second,76000,Hyundai I20,kaggle_market,0.76
Hyundai,I10,2011,15,43000,Petrol,Automatic,second,209000,Hyundai I10,kaggle_market,2.09
Bmw,X1,2017,9,60000,Diesel,Automatic,second,1805000,Bmw X1,kaggle_market,18.05
Mercedes-Benz,Gla,2017,9,52000,Diesel,Automatic,second,1116250,Mercedes-Benz Gla,kaggle_market,11.16
Maruti Suzuki,Wagon-R,2016,10,78930,Petrol,Manual,second,365750,Maruti Suzuki Wagon-R,kaggle_market,3.66
Volkswagen,Polo,2021,5,42000,Petrol,Automatic,second,1021250,Volkswagen Polo,kaggle_market,10.21
Honda,Brio,2012,14,90000,Petrol,Manual,first,285000,Honda Brio,kaggle_market,2.85
Hyundai,Grand I10,2015,11,88000,Petrol,Automatic,second,371450,Hyundai Grand I10,kaggle_market,3.71
Mercedes-Benz,C-Class,2017,9,42000,Petrol,Automatic,second,2175500,Mercedes-Benz C-Class,kaggle_market,21.76
Mahindra,Jeep,2012,14,100000,Diesel,Manual,second,522500,Mahindra Jeep,kaggle_market,5.22
Hyundai,I10,2009,17,100000,Petrol,Manual,second,171000,Hyundai I10,kaggle_market,1.71
Maruti Suzuki,Vitara-Brezza,2019,7,125934,Diesel,Automatic,second,650750,Maruti Suzuki Vitara-Brezza,kaggle_market,6.51
Kia,Carnival,2021,5,65000,Diesel,Automatic,second,1980750,Kia Carnival,kaggle_market,19.81
Hyundai,Grand I10,2017,9,99000,Petrol,Automatic,first,370500,Hyundai Grand I10,kaggle_market,3.7
Hyundai,Creta,2018,8,89360,Petrol,Automatic,second,707750,Hyundai Creta,kaggle_market,7.08
Audi,Q7,2009,17,119000,Diesel,Automatic,second,712500,Audi Q7,kaggle_market,7.12
Bmw,5 Series,2012,14,87585,Diesel,Automatic,first,1377500,Bmw 5 Series,kaggle_market,13.78
Renault,Duster,2016,10,103000,Diesel,Manual,second,475000,Renault Duster,kaggle_market,4.75
Ford,Ecosport,2013,13,100000,Diesel,Manual,second,413250,Ford Ecosport,kaggle_market,4.13
Skoda,Superb,2015,11,90000,Petrol,Automatic,second,650750,Skoda Superb,kaggle_market,6.51
Volkswagen,Ameo,2017,9,90000,Diesel,Automatic,first,631750,Volkswagen Ameo,kaggle_market,6.32
Maruti Suzuki,Ritz,2012,14,85500,Petrol,Manual,first,185250,Maruti Suzuki Ritz,kaggle_market,1.85
Skoda,Octavia,2017,9,65000,Petrol,Automatic,second,949999,Skoda Octavia,kaggle_market,9.5
Maruti Suzuki,Celerio,2017,9,74000,Petrol,Automatic,second,380000,Maruti Suzuki Celerio,kaggle_market,3.8
Maruti Suzuki,Maruti-Suzuki-Dzire,2017,9,61000,Diesel,Manual,second,593750,Maruti Suzuki Maruti-Suzuki-Dzire,kaggle_market,5.94
Honda,City,2018,8,45000,Petrol,Automatic,second,760000,Honda City,kaggle_market,7.6
Mahindra,Xuv500,2016,10,98000,Diesel,Automatic,first,750500,Mahindra Xuv500,kaggle_market,7.5
Maruti Suzuki,Grand Vitara,2023,3,19000,Petrol,Manual,first,1206500,Maruti Suzuki Grand Vitara,kaggle_market,12.06
Hyundai,I10,2009,17,112000,Petrol,Manual,second,232750,Hyundai I10,kaggle_market,2.33
Honda,Amaze,2015,11,60000,Petrol,Manual,second,275500,Honda Amaze,kaggle_market,2.76
Maruti Suzuki,Ertiga,2017,9,81000,Diesel,Manual,second,812250,Maruti Suzuki Ertiga,kaggle_market,8.12
Maruti Suzuki,Swift,2023,3,33000,Petrol,Automatic,second,731500,Maruti Suzuki Swift,kaggle_market,7.32
Mercedes-Benz,Glc,2017,9,119000,Diesel,Automatic,second,3030500,Mercedes-Benz Glc,kaggle_market,30.3
Audi,Q5,2022,4,9000,Petrol,Automatic,first,6450500,Audi Q5,kaggle_market,64.5
Datsun,Go,2014,12,71407,Petrol,Manual,second,153900,Datsun Go,kaggle_market,1.54
Mercedes-Benz,Gle,2016,10,101000,Diesel,Automatic,first,2375000,Mercedes-Benz Gle,kaggle_market,23.75
Nissan,Terrano,2016,10,100000,Diesel,Automatic,second,218500,Nissan Terrano,kaggle_market,2.18
Maruti Suzuki,Alto-K10,2016,10,44000,Petrol,Automatic,first,351500,Maruti Suzuki Alto-K10,kaggle_market,3.52
Volkswagen,Polo,2016,10,75000,Petrol,Automatic,second,498750,Volkswagen Polo,kaggle_market,4.99
Maruti Suzuki,Ertiga,2013,13,54000,Petrol,Manual,first,375250,Maruti Suzuki Ertiga,kaggle_market,3.75
Skoda,Rapid,2015,11,71000,Petrol,Automatic,second,327750,Skoda Rapid,kaggle_market,3.28
Volvo,Xc40,2020,6,35000,Petrol,Automatic,second,3610000,Volvo Xc40,kaggle_market,36.1
Maruti Suzuki,Vitara-Brezza,2017,9,96000,Diesel,Manual,second,598500,Maruti Suzuki Vitara-Brezza,kaggle_market,5.98
Land Rover,Range Rover Velar,2019,7,36864,Petrol,Automatic,first,5795000,Land Rover Range Rover Velar,kaggle_market,57.95
Hyundai,Grand I10,2014,12,65800,Petrol,Manual,second,380000,Hyundai Grand I10,kaggle_market,3.8
Honda,City,2016,10,71000,Petrol,Automatic,second,593750,Honda City,kaggle_market,5.94
Maruti Suzuki,Wagon-R,2016,10,61800,Petrol,Automatic,second,413250,Maruti Suzuki Wagon-R,kaggle_market,4.13
Maruti Suzuki,Wagon-R-1-0,2005,21,52000,Petrol,Manual,first,71250,Maruti Suzuki Wagon-R-1-0,kaggle_market,0.71
Maruti Suzuki,Swift-Dzire,2013,13,103000,Diesel,Manual,first,503500,Maruti Suzuki Swift-Dzire,kaggle_market,5.04
Audi,A4,2013,13,98000,Diesel,Automatic,second,850250,Audi A4,kaggle_market,8.5
Maruti Suzuki,Wagon R,2011,15,95000,Petrol,Manual,second,232750,Maruti Suzuki Wagon R,kaggle_market,2.33
Mg,Hector,2020,6,40000,Diesel,Manual,second,1187500,Mg Hector,kaggle_market,11.88
Volkswagen,Polo,2018,8,35000,Petrol,Manual,first,555750,Volkswagen Polo,kaggle_market,5.56
Hyundai,I20,2021,5,12000,Petrol,Automatic,first,988000,Hyundai I20,kaggle_market,9.88
Maruti Suzuki,Celerio,2022,4,65000,Petrol,Manual,second,498750,Maruti Suzuki Celerio,kaggle_market,4.99
Hyundai,I10,2009,17,108000,Petrol,Manual,second,161500,Hyundai I10,kaggle_market,1.62
Hyundai,Venue,2019,7,29500,Petrol,Manual,first,712500,Hyundai Venue,kaggle_market,7.12
Bmw,X1,2014,12,85000,Diesel,Automatic,second,949050,Bmw X1,kaggle_market,9.49
Mahindra,Xuv500,2015,11,93000,Diesel,Manual,second,750500,Mahindra Xuv500,kaggle_market,7.5
Toyota,Innova,2014,12,175000,Diesel,Manual,second,850250,Toyota Innova,kaggle_market,8.5
Hyundai,Creta,2017,9,66000,Diesel,Automatic,second,1220750,Hyundai Creta,kaggle_market,12.21
Maruti Suzuki,Swift,2020,6,24000,Petrol,Manual,first,627000,Maruti Suzuki Swift,kaggle_market,6.27
Maruti Suzuki,Ciaz,2017,9,14000,Petrol,Automatic,first,707750,Maruti Suzuki Ciaz,kaggle_market,7.08
Maruti Suzuki,Baleno,2021,5,35000,Petrol,Manual,first,532950,Maruti Suzuki Baleno,kaggle_market,5.33
Maruti Suzuki,Maruti-Suzuki-Dzire,2018,8,72000,Petrol,Automatic,first,660250,Maruti Suzuki Maruti-Suzuki-Dzire,kaggle_market,6.6
Maruti Suzuki,Wagon-R,2023,3,5280,Petrol,Manual,second,546250,Maruti Suzuki Wagon-R,kaggle_market,5.46
Maruti Suzuki,Celerio,2016,10,62000,Petrol,Automatic,first,375250,Maruti Suzuki Celerio,kaggle_market,3.75
Maruti Suzuki,Maruti-Suzuki-Dzire,2014,12,105000,Petrol,Manual,second,332500,Maruti Suzuki Maruti-Suzuki-Dzire,kaggle_market,3.32
Toyota,Fortuner,2014,12,90000,Diesel,Manual,first,1187500,Toyota Fortuner,kaggle_market,11.88
Mahindra,Xuv500,2015,11,93000,Diesel,Manual,second,745750,Mahindra Xuv500,kaggle_market,7.46
Mercedes-Benz,S-Class,2014,12,120000,Diesel,Automatic,first,2849999,Mercedes-Benz S-Class,kaggle_market,28.5
Tata,Harrier,2024,2,5000,Diesel,Automatic,first,2232500,Tata Harrier,kaggle_market,22.32
Mercedes-Benz,C Class,2010,16,46423,Petrol,Automatic,first,322605,Mercedes-Benz C Class,kaggle_market,3.23
Maruti Suzuki,Maruti-Suzuki-Dzire,2018,8,62000,Petrol,Automatic,second,617500,Maruti Suzuki Maruti-Suzuki-Dzire,kaggle_market,6.18
Jaguar,Xe,2020,6,25000,Petrol,Automatic,second,2992500,Jaguar Xe,kaggle_market,29.92
Mahindra,Thar,2023,3,11000,Petrol,Manual,second,1325250,Mahindra Thar,kaggle_market,13.25
Maruti Suzuki,Baleno,2019,7,38000,Petrol,Automatic,first,565250,Maruti Suzuki Baleno,kaggle_market,5.65
Mercedes-Benz,C-Class,2020,6,80000,Petrol,Automatic,second,3030500,Mercedes-Benz C-Class,kaggle_market,30.3
Honda,City,2009,17,130000,Petrol,Manual,second,332500,Honda City,kaggle_market,3.32
Mahindra,Bolero Power Plus,2019,7,50000,Diesel,Manual,second,712500,Mahindra Bolero Power Plus,kaggle_market,7.12
Hyundai,I10,2010,16,90000,Petrol,Manual,second,128250,Hyundai I10,kaggle_market,1.28
Tata,Nexon,2021,5,10500,Petrol,Manual,first,679250,Tata Nexon,kaggle_market,6.79
Hyundai,Creta,2018,8,45000,Petrol,Manual,first,688750,Hyundai Creta,kaggle_market,6.89
Honda,Amaze,2021,5,35111,Petrol,Manual,first,660250,Honda Amaze,kaggle_market,6.6
Volkswagen,Virtus,2022,4,31000,Petrol,Automatic,second,1472500,Volkswagen Virtus,kaggle_market,14.72
Maruti Suzuki,Baleno,2017,9,66000,Petrol,Automatic,first,437000,Maruti Suzuki Baleno,kaggle_market,4.37
Maruti Suzuki,Wagon-R-1-0,2010,16,152646,Petrol,Automatic,second,90250,Maruti Suzuki Wagon-R-1-0,kaggle_market,0.9
Mahindra,Xuv500,2015,11,92000,Diesel,Manual,second,755250,Mahindra Xuv500,kaggle_market,7.55
Maruti Suzuki,Ertiga,2018,8,37000,Petrol,Automatic,second,712500,Maruti Suzuki Ertiga,kaggle_market,7.12
Skoda,Rapid,2018,8,57470,Petrol,Automatic,first,498750,Skoda Rapid,kaggle_market,4.99
Hyundai,I10,2010,16,110000,Petrol,Manual,second,133950,Hyundai I10,kaggle_market,1.34
Mahindra,Maxx,2011,15,45000,Diesel,Manual,second,147250,Mahindra Maxx,kaggle_market,1.47
Volkswagen,Polo,2012,14,104236,Diesel,Manual,first,218500,Volkswagen Polo,kaggle_market,2.18
Jeep,Compass,2019,7,40500,Petrol,Manual,first,1092500,Jeep Compass,kaggle_market,10.92
Volkswagen,Polo,2021,5,58000,Petrol,Automatic,second,1068750,Volkswagen Polo,kaggle_market,10.69
Audi,A3,2015,11,145248,Diesel,Automatic,second,1092500,Audi A3,kaggle_market,10.92
Skoda,Octavia,2015,11,108000,Diesel,Automatic,first,902500,Skoda Octavia,kaggle_market,9.02
Tata,Tiago,2018,8,15000,Petrol,Automatic,first,521550,Tata Tiago,kaggle_market,5.22
Kia,Carens,2023,3,10000,Petrol,Manual,first,1201750,Kia Carens,kaggle_market,12.02
Skoda,Rapid,2016,10,57000,Diesel,Automatic,second,474999,Skoda Rapid,kaggle_market,4.75
Mercedes-Benz,E-Class,2020,6,47000,Diesel,Automatic,first,5600250,Mercedes-Benz E-Class,kaggle_market,56.0
Honda,City,2017,9,97000,Diesel,Manual,first,760000,Honda City,kaggle_market,7.6
Land Rover,Discovery Sport,2016,10,90000,Diesel,Automatic,second,1876250,Land Rover Discovery Sport,kaggle_market,18.76
Maruti Suzuki,Ritz,2013,13,85000,Diesel,Manual,second,332500,Maruti Suzuki Ritz,kaggle_market,3.32
Audi,Q5,2011,15,94000,Diesel,Automatic,first,693500,Audi Q5,kaggle_market,6.94
Ford,Figo,2012,14,64000,Diesel,Manual,second,185250,Ford Figo,kaggle_market,1.85
Mercedes-Benz,Gla,2016,10,50751,Diesel,Automatic,first,1757500,Mercedes-Benz Gla,kaggle_market,17.58
Mahindra,Scorpio,2017,9,75000,Diesel,Manual,second,783750,Mahindra Scorpio,kaggle_market,7.84
Hyundai,I10,2008,18,110000,Petrol,Manual,second,133000,Hyundai I10,kaggle_market,1.33
Audi,A4,2017,9,29000,Diesel,Automatic,first,2232500,Audi A4,kaggle_market,22.32
Toyota,Fortuner,2015,11,180000,Diesel,Automatic,first,1852500,Toyota Fortuner,kaggle_market,18.52
Jaguar,Xf,2015,11,50000,Diesel,Automatic,first,1519050,Jaguar Xf,kaggle_market,15.19
Bmw,3 Series,2013,13,58000,Diesel,Automatic,second,2374050,Bmw 3 Series,kaggle_market,23.74
Maruti Suzuki,Alto-800,2018,8,52000,Petrol,Manual,second,332500,Maruti Suzuki Alto-800,kaggle_market,3.32
Honda,City,2021,5,17000,Petrol,Manual,first,1045000,Honda City,kaggle_market,10.45
Bmw,X3,2012,14,113000,Diesel,Automatic,first,712500,Bmw X3,kaggle_market,7.12
Maruti Suzuki,Zen-Estilo,2010,16,86000,Petrol,Manual,first,213750,Maruti Suzuki Zen-Estilo,kaggle_market,2.14
Toyota,Fortuner,2019,7,34000,Diesel,Automatic,second,3800000,Toyota Fortuner,kaggle_market,38.0
Maruti Suzuki,Celerio,2014,12,82000,Petrol,Automatic,first,375250,Maruti Suzuki Celerio,kaggle_market,3.75
Hyundai,New I20,2022,4,8500,Petrol,Automatic,first,978500,Hyundai New I20,kaggle_market,9.78
Citroen,C5 Aircross,2021,5,41000,Diesel,Automatic,first,1757500,Citroen C5 Aircross,kaggle_market,17.58
Volkswagen,Polo,2018,8,76416,Diesel,Manual,second,731500,Volkswagen Polo,kaggle_market,7.32
Toyota,Innova Crysta,2016,10,87500,Diesel,Automatic,second,1862000,Toyota Innova Crysta,kaggle_market,18.62
Chevrolet,Beat,2010,16,75000,Petrol,Manual,second,147250,Chevrolet Beat,kaggle_market,1.47
Hyundai,Exter,2024,2,4000,Petrol,Automatic,first,845500,Hyundai Exter,kaggle_market,8.46
Hyundai,Grand I10,2015,11,82000,Diesel,Manual,second,351500,Hyundai Grand I10,kaggle_market,3.52
Toyota Land,Cruiser Prado,2012,14,140000,Diesel,Automatic,second,3040000,Toyota Land Cruiser Prado,kaggle_market,30.4
Mercedes-Benz,Cla,2018,8,5800,Diesel,Automatic,first,2517500,Mercedes-Benz Cla,kaggle_market,25.18
Nissan,Micra,2014,12,70000,Diesel,Manual,second,275500,Nissan Micra,kaggle_market,2.76
Mitsubishi,Pajero,2011,15,85000,Diesel,Manual,second,831250,Mitsubishi Pajero,kaggle_market,8.31
Toyota,Etios Liva,2013,13,130000,Diesel,Manual,second,418000,Toyota Etios Liva,kaggle_market,4.18
Maruti Suzuki,Swift,2019,7,84303,Petrol,Automatic,second,568100,Maruti Suzuki Swift,kaggle_market,5.68
Skoda,Octavia,2019,7,35000,Petrol,Automatic,second,1520000,Skoda Octavia,kaggle_market,15.2
Maruti Suzuki,Wagon-R-Stingray,2014,12,62700,Petrol,Manual,second,199500,Maruti Suzuki Wagon-R-Stingray,kaggle_market,2.0
Volkswagen,Ventotest,2017,9,55000,Diesel,Manual,first,750500,Volkswagen Ventotest,kaggle_market,7.5
Hyundai,Eon,2013,13,96849,Petrol,Manual,second,114000,Hyundai Eon,kaggle_market,1.14
Mercedes-Benz,S-Class,2016,10,62000,Diesel,Automatic,first,3990000,Mercedes-Benz S-Class,kaggle_market,39.9
Bmw,5 Series,2017,9,33500,Diesel,Automatic,second,3942500,Bmw 5 Series,kaggle_market,39.42
Volkswagen,Polo,2019,7,65000,Petrol,Manual,first,470250,Volkswagen Polo,kaggle_market,4.7
Maruti Suzuki,Sx4,2011,15,66000,Petrol,Manual,first,166250,Maruti Suzuki Sx4,kaggle_market,1.66
Toyota,Corolla Altis,2012,14,99722,Petrol,Manual,second,446500,Toyota Corolla Altis,kaggle_market,4.46
Volkswagen,Polo,2019,7,45000,Petrol,Automatic,second,1125750,Volkswagen Polo,kaggle_market,11.26
Hyundai,Grand I10,2015,11,48000,Petrol,Automatic,first,432250,Hyundai Grand I10,kaggle_market,4.32
Hyundai,Elite I20,2016,10,101984,Petrol,Manual,second,484500,Hyundai Elite I20,kaggle_market,4.84
Hyundai,Eon,2016,10,36000,Petrol,Manual,second,247000,Hyundai Eon,kaggle_market,2.47
Hyundai,I10,2011,15,115600,Petrol,Manual,second,204250,Hyundai I10,kaggle_market,2.04
Hyundai,Creta,2017,9,90000,Diesel,Automatic,first,949050,Hyundai Creta,kaggle_market,9.49
Bmw,X1,2017,9,90000,Diesel,Automatic,second,1425000,Bmw X1,kaggle_market,14.25
Renault,Kwid,2016,10,53805,Petrol,Manual,second,232750,Renault Kwid,kaggle_market,2.33
Hyundai,I10,2013,13,50000,Petrol,Manual,first,199500,Hyundai I10,kaggle_market,2.0
Mahindra,Kuv100 Nxt,2018,8,59000,Petrol,Manual,second,354350,Mahindra Kuv100 Nxt,kaggle_market,3.54
Volkswagen,Polo,2018,8,54000,Petrol,Manual,first,736250,Volkswagen Polo,kaggle_market,7.36
Volkswagen,Polo,2014,12,136000,Diesel,Manual,second,458850,Volkswagen Polo,kaggle_market,4.59
Maruti Suzuki,Wagon-R,2007,19,86000,Petrol,Manual,second,166250,Maruti Suzuki Wagon-R,kaggle_market,1.66
Jaguar,Xf,2017,9,33387,Diesel,Automatic,first,2802500,Jaguar Xf,kaggle_market,28.02
Maruti Suzuki,Celerio,2016,10,21000,Petrol,Manual,second,408500,Maruti Suzuki Celerio,kaggle_market,4.08
Hyundai,Creta,2022,4,50000,Petrol,Automatic,first,1729000,Hyundai Creta,kaggle_market,17.29
Mahindra,Scorpio,2016,10,90000,Diesel,Automatic,first,731500,Mahindra Scorpio,kaggle_market,7.32
Maruti Suzuki,Swift-Dzire,2019,7,32000,Petrol,Automatic,second,494000,Maruti Suzuki Swift-Dzire,kaggle_market,4.94
Renault,Triber,2021,5,17154,Petrol,Manual,first,536750,Renault Triber,kaggle_market,5.37
Skoda,Octavia,2018,8,61297,Diesel,Automatic,first,1729950,Skoda Octavia,kaggle_market,17.3
Mercedes-Benz,C-Class,2008,18,226231,Diesel,Manual,second,441750,Mercedes-Benz C-Class,kaggle_market,4.42
Renault,Kiger,2023,3,10800,Petrol,Manual,first,665000,Renault Kiger,kaggle_market,6.65
Mercedes-Benz,Gle Class,2017,9,106207,Diesel,Automatic,first,3705000,Mercedes-Benz Gle Class,kaggle_market,37.05
Hyundai,Eon,2013,13,64000,Petrol,Manual,first,147250,Hyundai Eon,kaggle_market,1.47
Maruti Suzuki,Alto,2011,15,50000,Petrol,Manual,first,251750,Maruti Suzuki Alto,kaggle_market,2.52
Honda,Jazz,2019,7,48000,Petrol,Manual,first,579500,Honda Jazz,kaggle_market,5.8
Hyundai,I10,2009,17,66000,Petrol,Automatic,second,232750,Hyundai I10,kaggle_market,2.33
Hyundai,Venue,2021,5,20000,Petrol,Manual,first,788500,Hyundai Venue,kaggle_market,7.88
Skoda,Rapid,2018,8,135094,Diesel,Automatic,second,741000,Skoda Rapid,kaggle_market,7.41
Hyundai,Grand I10,2014,12,45000,Petrol,Automatic,second,389500,Hyundai Grand I10,kaggle_market,3.9
Kia,Sonet,2022,4,22042,Petrol,Manual,first,1115300,Kia Sonet,kaggle_market,11.15
Maruti Suzuki,Ciaz,2017,9,61000,Diesel,Manual,second,655500,Maruti Suzuki Ciaz,kaggle_market,6.56
Renault,Kwid,2017,9,33000,Petrol,Automatic,first,427500,Renault Kwid,kaggle_market,4.28
Honda,Brio,2013,13,108000,Petrol,Manual,second,294500,Honda Brio,kaggle_market,2.94
Renault,Kwid,2021,5,35000,Petrol,Automatic,second,451250,Renault Kwid,kaggle_market,4.51
Hyundai,Creta,2015,11,139000,Diesel,Manual,first,807500,Hyundai Creta,kaggle_market,8.07
Maruti Suzuki,Vitara-Brezza,2018,8,54000,Diesel,Automatic,first,617500,Maruti Suzuki Vitara-Brezza,kaggle_market,6.18
Mercedes-Benz,G Class,2016,10,59000,Diesel,Automatic,first,2460500,Mercedes-Benz G Class,kaggle_market,24.6
Maruti Suzuki,Celerio,2018,8,66000,Petrol,Automatic,first,375250,Maruti Suzuki Celerio,kaggle_market,3.75
Hyundai,Verna,2023,3,45000,Petrol,Automatic,first,1510500,Hyundai Verna,kaggle_market,15.1
Mg,Hector Plus,2021,5,52779,Petrol,Automatic,second,1287250,Mg Hector Plus,kaggle_market,12.87
Hyundai,I10,2014,12,56000,Petrol,Manual,second,200450,Hyundai I10,kaggle_market,2.0
Toyota,Innova Crysta,2019,7,83700,Diesel,Automatic,second,2080500,Toyota Innova Crysta,kaggle_market,20.8
Maruti Suzuki,Swift,2018,8,33946,Petrol,Manual,first,446500,Maruti Suzuki Swift,kaggle_market,4.46
Ford,Figo Aspire,2016,10,84000,Diesel,Manual,second,356250,Ford Figo Aspire,kaggle_market,3.56
Tata,Tiago,2019,7,48000,Petrol,Automatic,second,475000,Tata Tiago,kaggle_market,4.75
Toyota,Fortuner,2023,3,31000,Diesel,Automatic,first,4256000,Toyota Fortuner,kaggle_market,42.56
Mercedes-Benz,Gla Class,2019,7,56300,Diesel,Automatic,second,2042500,Mercedes-Benz Gla Class,kaggle_market,20.42
Hyundai,I20,2023,3,10000,Petrol,Manual,first,774250,Hyundai I20,kaggle_market,7.74
Mahindra,Xylo,2011,15,140000,Diesel,Manual,second,166249,Mahindra Xylo,kaggle_market,1.66
Maruti Suzuki,Alto-800,2019,7,32000,Petrol,Manual,second,327750,Maruti Suzuki Alto-800,kaggle_market,3.28
Toyota,Etios Liva,2015,11,140000,Diesel,Manual,second,484500,Toyota Etios Liva,kaggle_market,4.84
Maruti Suzuki,Swift-Dzire,2017,9,100000,Petrol,Manual,second,343045,Maruti Suzuki Swift-Dzire,kaggle_market,3.43
Maruti Suzuki,Celerio,2015,11,59880,Petrol,Automatic,first,332499,Maruti Suzuki Celerio,kaggle_market,3.32
Hyundai,New Santro,2018,8,46365,Petrol,Manual,second,370500,Hyundai New Santro,kaggle_market,3.7
Mercedes-Benz,C-Class,2010,16,66500,Petrol,Automatic,second,569050,Mercedes-Benz C-Class,kaggle_market,5.69
Hyundai,Verna,2017,9,69000,Diesel,Automatic,first,902500,Hyundai Verna,kaggle_market,9.02
Mahindra,Scorpio,2011,15,130000,Diesel,Manual,second,617500,Mahindra Scorpio,kaggle_market,6.18
Hyundai,I20,2016,10,98000,Petrol,Manual,second,446500,Hyundai I20,kaggle_market,4.46
Kia,Seltos,2020,6,33000,Petrol,Manual,first,1139999,Kia Seltos,kaggle_market,11.4
Honda,City Zx,2019,7,21800,Petrol,Automatic,second,711550,Honda City Zx,kaggle_market,7.12
Toyota,Fortuner,2022,4,99000,Diesel,Automatic,first,3182500,Toyota Fortuner,kaggle_market,31.82
Tata,Harrier,2020,6,112500,Diesel,Automatic,second,1140000,Tata Harrier,kaggle_market,11.4
Maruti Suzuki,Swift-Dzire,2013,13,56000,Petrol,Manual,second,266000,Maruti Suzuki Swift-Dzire,kaggle_market,2.66
Hyundai,I20,2009,17,64000,Petrol,Manual,second,228950,Hyundai I20,kaggle_market,2.29
Datsun,Redi Go,2019,7,25902,Petrol,Manual,second,308750,Datsun Redi Go,kaggle_market,3.09
Maruti Suzuki,Alto,2006,20,106000,Petrol,Manual,second,128250,Maruti Suzuki Alto,kaggle_market,1.28
Skoda,Octavia,2014,12,80000,Diesel,Automatic,first,712500,Skoda Octavia,kaggle_market,7.12
Kia,Seltos,2020,6,80000,Diesel,Manual,second,1007000,Kia Seltos,kaggle_market,10.07
Mercedes-Benz,Gl-Class,2015,11,70000,Diesel,Automatic,second,2849999,Mercedes-Benz Gl-Class,kaggle_market,28.5
Hyundai,Creta,2016,10,52000,Diesel,Manual,second,688750,Hyundai Creta,kaggle_market,6.89
Maruti Suzuki,Alto-800,2014,12,85000,Petrol,Manual,second,223250,Maruti Suzuki Alto-800,kaggle_market,2.23
Honda,Jazz,2018,8,64900,Petrol,Automatic,second,641250,Honda Jazz,kaggle_market,6.41
Maruti Suzuki,Swift-Dzire,2014,12,70500,Diesel,Manual,second,427500,Maruti Suzuki Swift-Dzire,kaggle_market,4.28
Volkswagen,Polo,2018,8,86580,Diesel,Manual,second,617500,Volkswagen Polo,kaggle_market,6.18
Hyundai,Venue,2021,5,50000,Petrol,Manual,first,712500,Hyundai Venue,kaggle_market,7.12
Honda,City,2017,9,63000,Petrol,Automatic,first,693500,Honda City,kaggle_market,6.94
Honda,Accord,2011,15,79000,Petrol,Manual,second,332500,Honda Accord,kaggle_market,3.32
Toyota,Fortuner,2018,8,149000,Diesel,Manual,second,2146999,Toyota Fortuner,kaggle_market,21.47
Hyundai,Fluidic Verna,2013,13,47000,Petrol,Manual,first,446500,Hyundai Fluidic Verna,kaggle_market,4.46
Hyundai,Elite I20,2021,5,57555,Petrol,Manual,first,660250,Hyundai Elite I20,kaggle_market,6.6
Honda,City,2019,7,47000,Petrol,Automatic,first,755250,Honda City,kaggle_market,7.55
Volkswagen,Polo,2013,13,49400,Petrol,Automatic,second,349600,Volkswagen Polo,kaggle_market,3.5
Honda,Amaze,2013,13,33000,Petrol,Automatic,second,427500,Honda Amaze,kaggle_market,4.28
Honda,City,2017,9,69000,Petrol,Automatic,first,609900,Honda City,kaggle_market,6.1
Hyundai,Santro Xing,2009,17,65000,Petrol,Manual,first,80750,Hyundai Santro Xing,kaggle_market,0.81
Hyundai,Creta,2017,9,118775,Diesel,Manual,second,807500,Hyundai Creta,kaggle_market,8.07
Hyundai,Santro Xing,2012,14,76610,Petrol,Manual,first,185250,Hyundai Santro Xing,kaggle_market,1.85
Honda,City,2010,16,80000,Petrol,Automatic,second,189999,Honda City,kaggle_market,1.9
Bmw,3 Series,2013,13,89000,Diesel,Automatic,second,997500,Bmw 3 Series,kaggle_market,9.98
Mahindra,Xuv500,2018,8,100000,Diesel,Automatic,first,949050,Mahindra Xuv500,kaggle_market,9.49
Maruti Suzuki,Alto-800,2014,12,17998,Petrol,Manual,first,285000,Maruti Suzuki Alto-800,kaggle_market,2.85
Hyundai,I20,2012,14,72000,Petrol,Manual,second,275500,Hyundai I20,kaggle_market,2.76
Tata,Indica V2,2016,10,160000,Diesel,Manual,second,123500,Tata Indica V2,kaggle_market,1.24
Audi,A6,2016,10,95000,Diesel,Automatic,first,1615000,Audi A6,kaggle_market,16.15
Mg,Hector,2021,5,19000,Petrol,Automatic,second,1282500,Mg Hector,kaggle_market,12.82
Honda,Civic,2009,17,115000,Petrol,Manual,first,147250,Honda Civic,kaggle_market,1.47
Toyota,Glanza,2020,6,55000,Petrol,Automatic,second,726750,Toyota Glanza,kaggle_market,7.27
Bmw,X1,2021,5,12222,Petrol,Automatic,first,3125500,Bmw X1,kaggle_market,31.26
Tata,Indica Ev2,2018,8,165000,Diesel,Automatic,first,95000,Tata Indica Ev2,kaggle_market,0.95
Maruti Suzuki,Wagon-R-1-0,2019,7,33177,Petrol,Automatic,first,555750,Maruti Suzuki Wagon-R-1-0,kaggle_market,5.56
Tata,Altroz,2020,6,48000,Petrol,Manual,second,460750,Tata Altroz,kaggle_market,4.61
Mg,Hector,2020,6,37000,Petrol,Automatic,first,1410750,Mg Hector,kaggle_market,14.11
Hyundai,I10,2011,15,59000,Petrol,Automatic,first,228000,Hyundai I10,kaggle_market,2.28
Hyundai,Eon,2018,8,27000,Petrol,Manual,second,285000,Hyundai Eon,kaggle_market,2.85
Bmw,3 Series,2017,9,57000,Diesel,Automatic,second,1472500,Bmw 3 Series,kaggle_market,14.72
Maruti Suzuki,Ciaz,2016,10,74000,Diesel,Manual,second,627000,Maruti Suzuki Ciaz,kaggle_market,6.27
Maruti Suzuki,S Cross,2016,10,52145,Diesel,Manual,first,593750,Maruti Suzuki S Cross,kaggle_market,5.94
Hyundai,Eon,2013,13,55000,Petrol,Manual,second,188100,Hyundai Eon,kaggle_market,1.88
Maruti Suzuki,Ritz,2010,16,131870,Petrol,Manual,second,247000,Maruti Suzuki Ritz,kaggle_market,2.47
Mercedes-Benz,C-Class,2017,9,85000,Diesel,Automatic,second,1700500,Mercedes-Benz C-Class,kaggle_market,17.0
Hyundai,Grand I10,2014,12,132000,Petrol,Manual,first,270750,Hyundai Grand I10,kaggle_market,2.71
Bmw,X3,2017,9,100000,Diesel,Automatic,second,1472500,Bmw X3,kaggle_market,14.72
Maruti Suzuki,Sx4,2010,16,107000,Petrol,Automatic,second,190000,Maruti Suzuki Sx4,kaggle_market,1.9
Honda,Jazz,2016,10,46279,Petrol,Automatic,second,427500,Honda Jazz,kaggle_market,4.28
Honda,City,2017,9,69000,Petrol,Automatic,second,617500,Honda City,kaggle_market,6.18
Maruti Suzuki,Fronx,2023,3,33000,Petrol,Automatic,first,1206500,Maruti Suzuki Fronx,kaggle_market,12.06
Kia,Seltos,2021,5,45500,Diesel,Automatic,second,1805000,Kia Seltos,kaggle_market,18.05
Honda,City,2016,10,59000,Petrol,Automatic,second,707750,Honda City,kaggle_market,7.08
Honda,City,2018,8,45000,Petrol,Automatic,first,802750,Honda City,kaggle_market,8.03
Honda,City Zx,2014,12,102000,Petrol,Automatic,second,432250,Honda City Zx,kaggle_market,4.32
Honda,City,2016,10,88000,Petrol,Automatic,second,560500,Honda City,kaggle_market,5.6
Maruti Suzuki,S-Cross1,2021,5,90100,Petrol,Manual,first,664999,Maruti Suzuki S-Cross1,kaggle_market,6.65
Mercedes-Benz,Glc,2019,7,80000,Petrol,Automatic,second,2849050,Mercedes-Benz Glc,kaggle_market,28.49
Bmw,X1,2011,15,42000,Diesel,Automatic,first,1087750,Bmw X1,kaggle_market,10.88
Honda,City,2012,14,47000,Petrol,Automatic,second,356250,Honda City,kaggle_market,3.56
Bmw,3 Series,2007,19,70000,Petrol,Automatic,first,427500,Bmw 3 Series,kaggle_market,4.28
Maruti Suzuki,Ignis,2022,4,24000,Petrol,Manual,first,484500,Maruti Suzuki Ignis,kaggle_market,4.84
Bmw,X1,2017,9,70995,Diesel,Automatic,second,1757500,Bmw X1,kaggle_market,17.58
Honda,City,2010,16,81000,Petrol,Manual,second,232750,Honda City,kaggle_market,2.33
Maruti Suzuki,Xl6,2023,3,4000,Petrol,Automatic,first,1040250,Maruti Suzuki Xl6,kaggle_market,10.4
Maruti Suzuki,Alto K10,2019,7,60000,Petrol,Manual,second,323000,Maruti Suzuki Alto K10,kaggle_market,3.23
Mini,Cooper,2015,11,47000,Diesel,Automatic,second,2280000,Mini Cooper,kaggle_market,22.8
Toyota,Innova,2014,12,125000,Diesel,Manual,second,641250,Toyota Innova,kaggle_market,6.41
Volkswagen,Vento,2011,15,55000,Petrol,Manual,second,228000,Volkswagen Vento,kaggle_market,2.28
Renault,Kwid,2018,8,19308,Petrol,Automatic,first,323000,Renault Kwid,kaggle_market,3.23
Volkswagen,Ventotest,2019,7,63939,Petrol,Automatic,first,750500,Volkswagen Ventotest,kaggle_market,7.5
Maruti Suzuki,Alto-K10,2014,12,31000,Petrol,Automatic,second,284999,Maruti Suzuki Alto-K10,kaggle_market,2.85
Datsun,Redigo,2017,9,55000,Petrol,Manual,second,209000,Datsun Redigo,kaggle_market,2.09
Maruti Suzuki,Wagon-R,2019,7,22513,Petrol,Manual,first,456000,Maruti Suzuki Wagon-R,kaggle_market,4.56
Hyundai,Creta,2018,8,54000,Petrol,Automatic,second,1044050,Hyundai Creta,kaggle_market,10.44
Ford,Mustang,2017,9,30000,Petrol,Automatic,second,7220000,Ford Mustang,kaggle_market,72.2
Maruti Suzuki,Grand Vitara,2023,3,31000,Petrol,Manual,first,1044050,Maruti Suzuki Grand Vitara,kaggle_market,10.44
Chevrolet,Spark,2010,16,72429,Petrol,Manual,second,66500,Chevrolet Spark,kaggle_market,0.66
Hyundai,I20,2012,14,73000,Diesel,Manual,second,308750,Hyundai I20,kaggle_market,3.09
Jaguar,Xe,2017,9,69000,Petrol,Automatic,first,1662500,Jaguar Xe,kaggle_market,16.62
Maruti Suzuki,Celerio-X,2018,8,38000,Petrol,Automatic,second,365750,Maruti Suzuki Celerio-X,kaggle_market,3.66
Bmw,7 Series,2017,9,99000,Diesel,Automatic,second,2612500,Bmw 7 Series,kaggle_market,26.12
Tata,Safari Storme,2013,13,95000,Diesel,Manual,second,527250,Tata Safari Storme,kaggle_market,5.27
Ford,Endeavour,2021,5,71000,Diesel,Automatic,second,3078000,Ford Endeavour,kaggle_market,30.78
Hyundai,Creta,2016,10,62000,Petrol,Automatic,second,711550,Hyundai Creta,kaggle_market,7.12
Maruti Suzuki,S-Presso,2021,5,45000,Petrol,Manual,first,418000,Maruti Suzuki S-Presso,kaggle_market,4.18
Mahindra,Xuv500,2016,10,64000,Diesel,Manual,second,1045000,Mahindra Xuv500,kaggle_market,10.45
Mercedes-Benz,A-Class Limousine,2023,3,11000,Diesel,Automatic,first,3800000,Mercedes-Benz A-Class Limousine,kaggle_market,38.0
Chevrolet,Cruze,2016,10,78000,Diesel,Automatic,second,555750,Chevrolet Cruze,kaggle_market,5.56
Hyundai,Venue N Line,2022,4,16000,Petrol,Automatic,first,1258750,Hyundai Venue N Line,kaggle_market,12.59
Tata,Manza,2010,16,147689,Diesel,Manual,second,118750,Tata Manza,kaggle_market,1.19
Kia,Seltos,2021,5,42000,Petrol,Automatic,second,1320500,Kia Seltos,kaggle_market,13.2
Hyundai,Verna,2022,4,59000,Petrol,Manual,first,1007000,Hyundai Verna,kaggle_market,10.07
Renault,Kwid,2017,9,39000,Petrol,Automatic,second,294500,Renault Kwid,kaggle_market,2.94
Jaguar,Xe,2016,10,24000,Petrol,Automatic,first,2280000,Jaguar Xe,kaggle_market,22.8
Renault,Kwid,2019,7,77105,Petrol,Automatic,second,342000,Renault Kwid,kaggle_market,3.42
Tata,Indica Ev2,2015,11,215000,Diesel,Automatic,second,133000,Tata Indica Ev2,kaggle_market,1.33
Honda,Amaze,2021,5,41000,Petrol,Automatic,first,779000,Honda Amaze,kaggle_market,7.79
Hyundai,Creta,2018,8,80000,Diesel,Manual,second,808450,Hyundai Creta,kaggle_market,8.08
Hyundai,Verna,2018,8,74943,Petrol,Manual,first,745750,Hyundai Verna,kaggle_market,7.46
Audi,Rs7,2012,14,125000,Diesel,Automatic,second,1187500,Audi Rs7,kaggle_market,11.88
Renault,Duster,2018,8,95000,Diesel,Manual,second,712500,Renault Duster,kaggle_market,7.12
Maruti Suzuki,Celerio,2016,10,82305,Diesel,Manual,second,403750,Maruti Suzuki Celerio,kaggle_market,4.04
Honda,Brv,2018,8,110000,Diesel,Manual,second,617500,Honda Brv,kaggle_market,6.18
Mercedes-Benz,Gla,2015,11,45000,Diesel,Automatic,first,1330000,Mercedes-Benz Gla,kaggle_market,13.3
Mahindra,Bolero,2015,11,92000,Diesel,Manual,second,375250,Mahindra Bolero,kaggle_market,3.75
Land Rover,Defender,2021,5,22000,Petrol,Automatic,second,9262500,Land Rover Defender,kaggle_market,92.62
Kia,Sonet,2021,5,49000,Petrol,Automatic,first,854050,Kia Sonet,kaggle_market,8.54
Mercedes-Benz,Gl-Class,2015,11,47500,Diesel,Automatic,second,2612500,Mercedes-Benz Gl-Class,kaggle_market,26.12
Hyundai,Elite I20,2019,7,56431,Petrol,Manual,first,552900,Hyundai Elite I20,kaggle_market,5.53
Volkswagen,Tiguan,2019,7,45000,Diesel,Automatic,second,2270500,Volkswagen Tiguan,kaggle_market,22.7
Maruti Suzuki,Baleno,2018,8,50000,Petrol,Manual,first,513000,Maruti Suzuki Baleno,kaggle_market,5.13
Ford,Endeavour,2018,8,35000,Diesel,Automatic,first,2660000,Ford Endeavour,kaggle_market,26.6
Mahindra,Xuv500,2012,14,73000,Diesel,Manual,second,427500,Mahindra Xuv500,kaggle_market,4.28
Mahindra,Xuv500,2018,8,57000,Diesel,Automatic,second,802750,Mahindra Xuv500,kaggle_market,8.03
Maruti Suzuki,Brezza,2016,10,90000,Diesel,Manual,first,660250,Maruti Suzuki Brezza,kaggle_market,6.6
Skoda,Octavia,2017,9,96339,Petrol,Automatic,second,997500,Skoda Octavia,kaggle_market,9.98
Hyundai,I10,2009,17,85500,Petrol,Manual,first,185250,Hyundai I10,kaggle_market,1.85
Toyota,Innova Crysta,2017,9,184800,Diesel,Automatic,second,1140000,Toyota Innova Crysta,kaggle_market,11.4
Maruti Suzuki,Wagon-R,2016,10,43350,Petrol,Automatic,first,441750,Maruti Suzuki Wagon-R,kaggle_market,4.42
Fiat,Punto,2012,14,89000,Diesel,Manual,second,217550,Fiat Punto,kaggle_market,2.18
Maruti Suzuki,Alto,2010,16,42000,Petrol,Automatic,first,114000,Maruti Suzuki Alto,kaggle_market,1.14
Mercedes-Benz,E-Class,2018,8,31000,Diesel,Automatic,second,3116000,Mercedes-Benz E-Class,kaggle_market,31.16
Hyundai,Elantra,2014,12,121000,Diesel,Manual,second,589000,Hyundai Elantra,kaggle_market,5.89
Tata,Tiago,2018,8,61000,Petrol,Manual,first,384750,Tata Tiago,kaggle_market,3.85
Hyundai,Tucson,2018,8,71245,Diesel,Automatic,first,1377500,Hyundai Tucson,kaggle_market,13.78
Mercedes-Benz,E-Class,2020,6,35000,Diesel,Automatic,first,4460250,Mercedes-Benz E-Class,kaggle_market,44.6
Mahindra,Xuv500,2017,9,50000,Diesel,Automatic,second,1163750,Mahindra Xuv500,kaggle_market,11.64
Renault,Kwid,2017,9,74800,Petrol,Manual,second,318250,Renault Kwid,kaggle_market,3.18
Skoda,Octavia,2022,4,26000,Petrol,Automatic,first,2351250,Skoda Octavia,kaggle_market,23.51
Honda,City,2017,9,79000,Petrol,Automatic,second,721050,Honda City,kaggle_market,7.21
Renault,Kwid,2020,6,34000,Petrol,Manual,second,380000,Renault Kwid,kaggle_market,3.8
Ford,Fiesta,2011,15,110000,Diesel,Manual,second,133000,Ford Fiesta,kaggle_market,1.33
Mg,Hector,2020,6,59368,Petrol,Automatic,first,1235000,Mg Hector,kaggle_market,12.35
Maruti Suzuki,Vitara-Brezza,2021,5,30000,Petrol,Manual,first,850250,Maruti Suzuki Vitara-Brezza,kaggle_market,8.5
Volkswagen,Vento,2012,14,112000,Diesel,Manual,second,261250,Volkswagen Vento,kaggle_market,2.61
Hyundai,Venue,2020,6,72000,Petrol,Automatic,second,783750,Hyundai Venue,kaggle_market,7.84
Volkswagen,Polo,2020,6,46000,Petrol,Manual,first,712500,Volkswagen Polo,kaggle_market,7.12
Hyundai,I20,2010,16,59000,Petrol,Automatic,second,237500,Hyundai I20,kaggle_market,2.38
Volkswagen,Ventotest,2015,11,74000,Diesel,Automatic,second,403750,Volkswagen Ventotest,kaggle_market,4.04
Hyundai,Tucson,2020,6,39000,Diesel,Automatic,first,2042500,Hyundai Tucson,kaggle_market,20.42
Maruti Suzuki,Swift,2018,8,87000,Diesel,Automatic,second,617500,Maruti Suzuki Swift,kaggle_market,6.18
Mercedes-Benz,Gls,2020,6,51111,Diesel,Automatic,second,6649999,Mercedes-Benz Gls,kaggle_market,66.5
Maruti Suzuki,Baleno,2018,8,64000,Petrol,Manual,first,548150,Maruti Suzuki Baleno,kaggle_market,5.48
Audi,A6,2022,4,14000,Petrol,Automatic,first,4749050,Audi A6,kaggle_market,47.49
Hyundai,Creta,2016,10,84000,Diesel,Automatic,second,807500,Hyundai Creta,kaggle_market,8.07
Maruti Suzuki,Wagon-R,2011,15,85000,Petrol,Manual,second,199500,Maruti Suzuki Wagon-R,kaggle_market,2.0
Maruti Suzuki,Baleno,2018,8,76000,Petrol,Manual,first,555750,Maruti Suzuki Baleno,kaggle_market,5.56
Hyundai,Santro,2009,17,94000,Petrol,Manual,first,213750,Hyundai Santro,kaggle_market,2.14
Mahindra,Xylo,2011,15,115000,Diesel,Manual,second,213750,Mahindra Xylo,kaggle_market,2.14
Hyundai,I10,2009,17,34500,Petrol,Manual,second,147250,Hyundai I10,kaggle_market,1.47
Bmw,X3,2018,8,90500,Diesel,Automatic,second,3591000,Bmw X3,kaggle_market,35.91
Toyota,Fortuner,2021,5,48000,Diesel,Automatic,second,3985250,Toyota Fortuner,kaggle_market,39.85
Mahindra,Scorpio,2018,8,166000,Diesel,Manual,first,1282500,Mahindra Scorpio,kaggle_market,12.82
Mercedes-Benz,Gla,2018,8,51000,Diesel,Automatic,first,1804050,Mercedes-Benz Gla,kaggle_market,18.04
Hyundai,Verna,2022,4,30000,Petrol,Manual,first,1192250,Hyundai Verna,kaggle_market,11.92
Hyundai,Verna,2021,5,78000,Diesel,Manual,second,1235000,Hyundai Verna,kaggle_market,12.35
Volkswagen,Taigun,2021,5,53000,Petrol,Automatic,first,1187500,Volkswagen Taigun,kaggle_market,11.88
Skoda,Rapid,2017,9,98500,Diesel,Manual,first,475000,Skoda Rapid,kaggle_market,4.75
Chevrolet,Cruze,2014,12,35000,Diesel,Automatic,second,332500,Chevrolet Cruze,kaggle_market,3.32
Volkswagen,Ventotest,2013,13,55000,Diesel,Manual,second,375250,Volkswagen Ventotest,kaggle_market,3.75
Kia,Seltos,2023,3,11000,Petrol,Manual,first,1021249,Kia Seltos,kaggle_market,10.21
Maruti Suzuki,Swift,2016,10,61023,Diesel,Manual,first,532000,Maruti Suzuki Swift,kaggle_market,5.32
Maruti Suzuki,Ertiga,2013,13,120000,Diesel,Manual,second,489250,Maruti Suzuki Ertiga,kaggle_market,4.89
Mercedes-Benz,Cla,2016,10,80000,Petrol,Automatic,first,1519050,Mercedes-Benz Cla,kaggle_market,15.19
Maruti Suzuki,Ciaz,2015,11,61000,Petrol,Automatic,first,375250,Maruti Suzuki Ciaz,kaggle_market,3.75
Maruti Suzuki,Celerio,2017,9,85000,Petrol,Automatic,first,437000,Maruti Suzuki Celerio,kaggle_market,4.37
Maruti Suzuki,Xl6,2022,4,13000,Petrol,Automatic,first,1189400,Maruti Suzuki Xl6,kaggle_market,11.89
Maruti Suzuki,Alto-800,2016,10,44000,Petrol,Manual,second,237500,Maruti Suzuki Alto-800,kaggle_market,2.38
Honda,Jazz,2018,8,51000,Petrol,Automatic,first,674500,Honda Jazz,kaggle_market,6.74
Maruti Suzuki,Alto-800,2018,8,74000,Petrol,Manual,second,258400,Maruti Suzuki Alto-800,kaggle_market,2.58
Maruti Suzuki,Ritz,2016,10,52000,Petrol,Manual,second,375250,Maruti Suzuki Ritz,kaggle_market,3.75
Maruti Suzuki,Celerio,2015,11,70000,Petrol,Automatic,second,346750,Maruti Suzuki Celerio,kaggle_market,3.47
Tata,Tiago,2019,7,54000,Petrol,Manual,first,361000,Tata Tiago,kaggle_market,3.61
Honda,Jazz,2016,10,84844,Petrol,Manual,second,339150,Honda Jazz,kaggle_market,3.39
Toyota,Fortuner,2017,9,68000,Diesel,Automatic,second,3206250,Toyota Fortuner,kaggle_market,32.06
Maruti Suzuki,Alto-800,2017,9,53000,Petrol,Manual,first,270750,Maruti Suzuki Alto-800,kaggle_market,2.71
Honda,Amaze,2013,13,110000,Diesel,Manual,second,294500,Honda Amaze,kaggle_market,2.94
Hyundai,Creta,2020,6,43000,Diesel,Manual,second,807500,Hyundai Creta,kaggle_market,8.07
Nissan,Patrol,2010,16,64000,Petrol,Manual,second,109250,Nissan Patrol,kaggle_market,1.09
Toyota,Qualis,2003,23,180000,Diesel,Manual,second,261250,Toyota Qualis,kaggle_market,2.61
Maruti Suzuki,Baleno,2022,4,23000,Petrol,Manual,first,638400,Maruti Suzuki Baleno,kaggle_market,6.38
Hyundai,Elite I20,2017,9,84258,Diesel,Manual,second,593750,Hyundai Elite I20,kaggle_market,5.94
Tata,Nexon,2024,2,2500,Petrol,Automatic,first,1182750,Tata Nexon,kaggle_market,11.83
Maruti Suzuki,Swift,2015,11,98000,Petrol,Manual,first,460750,Maruti Suzuki Swift,kaggle_market,4.61
Toyota,Fortuner,2012,14,235000,Diesel,Automatic,second,1225500,Toyota Fortuner,kaggle_market,12.26
Toyota,Urban Cruiser,2022,4,22000,Petrol,Automatic,first,1045000,Toyota Urban Cruiser,kaggle_market,10.45
Audi,Q3,2014,12,99000,Diesel,Automatic,second,1705250,Audi Q3,kaggle_market,17.05
Hyundai,I20,2017,9,53000,Petrol,Manual,second,460750,Hyundai I20,kaggle_market,4.61
Toyota,Fortuner,2017,9,120000,Diesel,Automatic,first,2066250,Toyota Fortuner,kaggle_market,20.66
Honda,City,2010,16,80000,Petrol,Automatic,second,308750,Honda City,kaggle_market,3.09
Audi,A3,2015,11,32000,Petrol,Automatic,second,3220500,Audi A3,kaggle_market,32.2
Volvo,Xc60,2023,3,9700,Petrol,Automatic,first,5985000,Volvo Xc60,kaggle_market,59.85
Maruti Suzuki,Celerio,2018,8,41243,Petrol,Automatic,first,410400,Maruti Suzuki Celerio,kaggle_market,4.1
Hyundai,Grand I10,2016,10,45000,Petrol,Manual,second,375250,Hyundai Grand I10,kaggle_market,3.75
Hyundai,I20,2016,10,39000,Petrol,Manual,first,331550,Hyundai I20,kaggle_market,3.32
Bmw,5 Series,2012,14,130000,Diesel,Automatic,second,598496,Bmw 5 Series,kaggle_market,5.98
Hyundai,I10,2012,14,410000,Petrol,Manual,second,189050,Hyundai I10,kaggle_market,1.89
Mg,Astor,2022,4,23374,Petrol,Automatic,first,1234050,Mg Astor,kaggle_market,12.34
Honda,Crv,2007,19,44500,Petrol,Automatic,first,285000,Honda Crv,kaggle_market,2.85
Audi,Q3,2014,12,94000,Diesel,Automatic,second,759050,Audi Q3,kaggle_market,7.59
Mercedes-Benz,Gls,2018,8,46000,Diesel,Automatic,first,4270250,Mercedes-Benz Gls,kaggle_market,42.7
Tata,Nexon,2020,6,24727,Petrol,Automatic,first,755250,Tata Nexon,kaggle_market,7.55
Hyundai,I10,2013,13,70000,Petrol,Manual,first,275500,Hyundai I10,kaggle_market,2.76
Audi,A4,2014,12,38000,Diesel,Automatic,second,1140000,Audi A4,kaggle_market,11.4
Hyundai,Alcazar,2023,3,12380,Diesel,Automatic,first,1947500,Hyundai Alcazar,kaggle_market,19.48
Mg,Hector Plus,2021,5,24000,Petrol,Automatic,first,1472500,Mg Hector Plus,kaggle_market,14.72
Maruti Suzuki,Wagon-R,2023,3,19000,Petrol,Manual,first,598500,Maruti Suzuki Wagon-R,kaggle_market,5.98
Nissan,Terrano,2014,12,120000,Diesel,Manual,second,379050,Nissan Terrano,kaggle_market,3.79
Maruti Suzuki,Ignis,2017,9,29000,Petrol,Automatic,first,441750,Maruti Suzuki Ignis,kaggle_market,4.42
Hyundai,I20,2013,13,70000,Petrol,Manual,second,337250,Hyundai I20,kaggle_market,3.37
Honda,City,2010,16,65000,Petrol,Manual,second,245100,Honda City,kaggle_market,2.45
Hyundai,I20,2014,12,85236,Diesel,Manual,second,308750,Hyundai I20,kaggle_market,3.09
Hyundai,Elite I20,2018,8,49882,Petrol,Manual,first,614650,Hyundai Elite I20,kaggle_market,6.15
Maruti Suzuki,Swift-Dzire,2019,7,83000,Diesel,Automatic,first,660250,Maruti Suzuki Swift-Dzire,kaggle_market,6.6
Mg,Hector,2020,6,24500,Petrol,Automatic,second,1325250,Mg Hector,kaggle_market,13.25
Honda,City,2016,10,68000,Petrol,Manual,second,612750,Honda City,kaggle_market,6.13
Mercedes-Benz,Gls,2018,8,88570,Diesel,Automatic,first,3609050,Mercedes-Benz Gls,kaggle_market,36.09
Audi,A6,2015,11,75000,Diesel,Automatic,first,1591250,Audi A6,kaggle_market,15.91
Hyundai,Creta,2016,10,110000,Diesel,Automatic,first,660250,Hyundai Creta,kaggle_market,6.6
Bmw,3 Series,2012,14,90000,Diesel,Automatic,first,997500,Bmw 3 Series,kaggle_market,9.98
Chevrolet,Tavera,2005,21,123523,Diesel,Manual,second,85500,Chevrolet Tavera,kaggle_market,0.86
Ford,Ecosport,2015,11,90000,Petrol,Automatic,second,498750,Ford Ecosport,kaggle_market,4.99
Hyundai,Grand I10,2017,9,47000,Petrol,Automatic,second,403750,Hyundai Grand I10,kaggle_market,4.04
Hyundai,I20,2013,13,70000,Petrol,Manual,second,251750,Hyundai I20,kaggle_market,2.52
Maruti Suzuki,Wagon-R,2020,6,49000,Petrol,Automatic,first,498750,Maruti Suzuki Wagon-R,kaggle_market,4.99
Mg,Hector,2022,4,66000,Diesel,Manual,second,1425000,Mg Hector,kaggle_market,14.25
Renault,Lodgy,2015,11,82000,Diesel,Manual,second,422750,Renault Lodgy,kaggle_market,4.23
Tata,Nexon,2019,7,78000,Diesel,Automatic,first,826500,Tata Nexon,kaggle_market,8.26
Honda,City Zx,2015,11,116000,Petrol,Manual,first,522500,Honda City Zx,kaggle_market,5.22
Mercedes-Benz,Cla,2018,8,29000,Diesel,Automatic,first,2555500,Mercedes-Benz Cla,kaggle_market,25.56
Bmw,X5,2016,10,45000,Diesel,Automatic,second,2945000,Bmw X5,kaggle_market,29.45
Maruti Suzuki,Swift-Dzire,2017,9,57000,Diesel,Automatic,first,612750,Maruti Suzuki Swift-Dzire,kaggle_market,6.13
Hyundai,Xcent,2014,12,89000,Petrol,Automatic,second,413250,Hyundai Xcent,kaggle_market,4.13
Maruti Suzuki,Maruti-Suzuki-Dzire,2020,6,56000,Petrol,Manual,first,617500,Maruti Suzuki Maruti-Suzuki-Dzire,kaggle_market,6.18
Hyundai,Verna,2018,8,37000,Petrol,Manual,first,508250,Hyundai Verna,kaggle_market,5.08
Chevrolet,Cruze,2016,10,84231,Diesel,Automatic,second,569999,Chevrolet Cruze,kaggle_market,5.7
Bmw,X3,2021,5,30600,Petrol,Automatic,first,4265500,Bmw X3,kaggle_market,42.66
Toyota,Innova Crysta,2017,9,121000,Diesel,Manual,second,1234050,Toyota Innova Crysta,kaggle_market,12.34
Mahindra,Nuvosport,2016,10,106000,Diesel,Automatic,second,451250,Mahindra Nuvosport,kaggle_market,4.51
Honda,City,2010,16,107000,Petrol,Manual,second,180500,Honda City,kaggle_market,1.8
Skoda,Rapid,2013,13,151000,Diesel,Manual,second,451250,Skoda Rapid,kaggle_market,4.51
Hyundai,Creta,2018,8,56000,Petrol,Manual,first,807500,Hyundai Creta,kaggle_market,8.07
Mahindra,Xuv 3Xo,2024,2,2500,Petrol,Automatic,first,1396500,Mahindra Xuv 3Xo,kaggle_market,13.96
Maruti Suzuki,Celerio,2017,9,49000,Petrol,Automatic,first,460750,Maruti Suzuki Celerio,kaggle_market,4.61
Land Rover,Discovery Sport,2020,6,143500,Diesel,Automatic,first,3325000,Land Rover Discovery Sport,kaggle_market,33.25
Renault,Kwid,2021,5,46608,Petrol,Automatic,first,416100,Renault Kwid,kaggle_market,4.16
Skoda,Slavia,2023,3,7500,Petrol,Automatic,first,1325250,Skoda Slavia,kaggle_market,13.25
Maruti Suzuki,Wagon-R-1-0,2007,19,97000,Petrol,Manual,second,95000,Maruti Suzuki Wagon-R-1-0,kaggle_market,0.95
Hyundai,Fluidic Verna,2017,9,64211,Diesel,Manual,second,551000,Hyundai Fluidic Verna,kaggle_market,5.51
Hyundai,Creta,2019,7,57000,Petrol,Manual,first,902500,Hyundai Creta,kaggle_market,9.02
Audi,A4,2012,14,79000,Diesel,Automatic,second,598500,Audi A4,kaggle_market,5.98
Ford,Endeavour,2019,7,123000,Diesel,Automatic,first,2564999,Ford Endeavour,kaggle_market,25.65
Mahindra,Bolero,2012,14,200000,Diesel,Manual,second,313500,Mahindra Bolero,kaggle_market,3.14
Maruti Suzuki,Swift-Dzire,2015,11,66000,Diesel,Manual,first,517750,Maruti Suzuki Swift-Dzire,kaggle_market,5.18
Mahindra,Xuv500,2012,14,155000,Diesel,Manual,second,356250,Mahindra Xuv500,kaggle_market,3.56
Honda,Amaze,2014,12,40000,Petrol,Manual,second,318250,Honda Amaze,kaggle_market,3.18
Tata,Tiago,2018,8,50000,Petrol,Manual,first,465500,Tata Tiago,kaggle_market,4.66
Maruti Suzuki,Eeco,2021,5,34000,Petrol,Manual,first,403750,Maruti Suzuki Eeco,kaggle_market,4.04
Maruti Suzuki,Swift-Dzire,2013,13,76000,Diesel,Manual,second,389500,Maruti Suzuki Swift-Dzire,kaggle_market,3.9
Mg,Gloster,2020,6,119000,Diesel,Automatic,first,2280000,Mg Gloster,kaggle_market,22.8
Volkswagen,Polo Gti,2015,11,105000,Petrol,Automatic,second,342000,Volkswagen Polo Gti,kaggle_market,3.42
Honda,Amaze,2017,9,80000,Petrol,Manual,first,465500,Honda Amaze,kaggle_market,4.66
Kia,Carens,2022,4,23289,Petrol,Manual,first,1425000,Kia Carens,kaggle_market,14.25
Maruti Suzuki,Wagon-R,2011,15,72000,Petrol,Manual,second,170050,Maruti Suzuki Wagon-R,kaggle_market,1.7
Mercedes-Benz,Cla,2015,11,69000,Petrol,Automatic,second,1300550,Mercedes-Benz Cla,kaggle_market,13.01
Maruti Suzuki,Wagon-R,2014,12,78000,Petrol,Manual,second,294500,Maruti Suzuki Wagon-R,kaggle_market,2.94
Audi,A3,2015,11,89000,Diesel,Automatic,second,1140000,Audi A3,kaggle_market,11.4
Bmw,3 Series Gt,2016,10,75000,Diesel,Automatic,second,1496250,Bmw 3 Series Gt,kaggle_market,14.96
Toyota,Fortuner,2018,8,93000,Diesel,Automatic,second,2227750,Toyota Fortuner,kaggle_market,22.28
Maruti Suzuki,Swift,2018,8,75000,Diesel,Automatic,second,517750,Maruti Suzuki Swift,kaggle_market,5.18
Porsche,718 Cayman,2019,7,29500,Petrol,Automatic,second,9310000,Porsche 718 Cayman,kaggle_market,93.1
Maruti Suzuki,Celerio,2016,10,45000,Petrol,Automatic,first,413250,Maruti Suzuki Celerio,kaggle_market,4.13
Maruti Suzuki,Wagon-R,2008,18,120000,Petrol,Manual,second,109250,Maruti Suzuki Wagon-R,kaggle_market,1.09
Renault,Kwid,2022,4,27000,Petrol,Automatic,second,399000,Renault Kwid,kaggle_market,3.99
Toyota,Innova,2013,13,118000,Diesel,Manual,second,1211250,Toyota Innova,kaggle_market,12.11
Skoda,Fabia,2011,15,82500,Petrol,Manual,second,166250,Skoda Fabia,kaggle_market,1.66
Tata,Safari Storme,2017,9,91500,Diesel,Manual,second,612750,Tata Safari Storme,kaggle_market,6.13
Hyundai,Elantra,2018,8,81000,Petrol,Automatic,second,755250,Hyundai Elantra,kaggle_market,7.55
Hyundai,I20,2012,14,98000,Diesel,Manual,second,236550,Hyundai I20,kaggle_market,2.37
Maruti Suzuki,Zen-Estilo,2010,16,92000,Petrol,Manual,first,104500,Maruti Suzuki Zen-Estilo,kaggle_market,1.04
Maruti Suzuki,Ciaz,2016,10,41000,Petrol,Automatic,first,527250,Maruti Suzuki Ciaz,kaggle_market,5.27
Honda,City,2018,8,56000,Petrol,Automatic,second,807500,Honda City,kaggle_market,8.07
Mercedes-Benz,C-Class,2015,11,29000,Petrol,Automatic,second,5510000,Mercedes-Benz C-Class,kaggle_market,55.1
Honda,Jazz,2018,8,58000,Petrol,Automatic,first,684000,Honda Jazz,kaggle_market,6.84
Skoda,Slavia,2022,4,85000,Petrol,Automatic,first,950000,Skoda Slavia,kaggle_market,9.5
Mahindra,Xuv500,2018,8,90000,Diesel,Manual,second,940500,Mahindra Xuv500,kaggle_market,9.4
Maruti Suzuki,Baleno,2018,8,48757,Petrol,Manual,first,612750,Maruti Suzuki Baleno,kaggle_market,6.13
Toyota,Fortuner,2015,11,180000,Diesel,Automatic,second,1520000,Toyota Fortuner,kaggle_market,15.2
Honda,Jazz,2022,4,23000,Petrol,Automatic,first,845500,Honda Jazz,kaggle_market,8.46
Mahindra,Xuv500,2012,14,74000,Diesel,Manual,second,342000,Mahindra Xuv500,kaggle_market,3.42
Volkswagen,Ventotest,2015,11,137000,Diesel,Manual,second,560500,Volkswagen Ventotest,kaggle_market,5.6
Nissan,Teana,2011,15,69000,Petrol,Automatic,second,232750,Nissan Teana,kaggle_market,2.33
Hyundai,I20,2014,12,64200,Diesel,Manual,second,456000,Hyundai I20,kaggle_market,4.56
Maruti Suzuki,Swift,2014,12,62000,Petrol,Manual,second,437000,Maruti Suzuki Swift,kaggle_market,4.37
Skoda,Rapid,2018,8,70000,Petrol,Manual,second,688750,Skoda Rapid,kaggle_market,6.89
Maruti Suzuki,Ertiga,2013,13,42000,Petrol,Manual,second,332500,Maruti Suzuki Ertiga,kaggle_market,3.32
Maruti Suzuki,Wagon-R,2022,4,11000,Petrol,Automatic,second,617500,Maruti Suzuki Wagon-R,kaggle_market,6.18
Hyundai,Verna,2017,9,69000,Diesel,Automatic,first,831250,Hyundai Verna,kaggle_market,8.31
Maruti Suzuki,Swift-Dzire,2011,15,52000,Petrol,Manual,second,275500,Maruti Suzuki Swift-Dzire,kaggle_market,2.76
Porsche,Cayenne,2016,10,48000,Diesel,Automatic,second,3206250,Porsche Cayenne,kaggle_market,32.06
Toyota,Etios Cross,2014,12,107000,Diesel,Manual,second,465500,Toyota Etios Cross,kaggle_market,4.66
Maruti Suzuki,Grand Vitara,2023,3,150000,Petrol,Automatic,first,1168500,Maruti Suzuki Grand Vitara,kaggle_market,11.68
Audi,Q7,2018,8,99000,Diesel,Automatic,first,3420000,Audi Q7,kaggle_market,34.2
Honda,City Zx,2012,14,89620,Petrol,Automatic,first,351500,Honda City Zx,kaggle_market,3.52
Toyota,Camry,2017,9,83000,Petrol,Automatic,second,1890500,Toyota Camry,kaggle_market,18.9
Ford,Figo,2010,16,105000,Diesel,Manual,second,114950,Ford Figo,kaggle_market,1.15
Toyota,Innova Crysta,2017,9,137000,Diesel,Automatic,second,1876250,Toyota Innova Crysta,kaggle_market,18.76
Bmw,3 Series Gt,2016,10,78000,Diesel,Automatic,first,1610250,Bmw 3 Series Gt,kaggle_market,16.1
Maruti Suzuki,Baleno,2017,9,100000,Diesel,Manual,second,655500,Maruti Suzuki Baleno,kaggle_market,6.56
Toyota,Fortuner,2017,9,112000,Diesel,Automatic,second,3125500,Toyota Fortuner,kaggle_market,31.26
Renault,Kwid,2022,4,10400,Petrol,Automatic,first,441750,Renault Kwid,kaggle_market,4.42
Mercedes-Benz,Cla,2018,8,40000,Diesel,Automatic,second,1795500,Mercedes-Benz Cla,kaggle_market,17.95
Mercedes-Benz,Gle,2020,6,30000,Diesel,Automatic,first,6792500,Mercedes-Benz Gle,kaggle_market,67.92
Ford,Endeavour,2017,9,87000,Diesel,Automatic,first,1994999,Ford Endeavour,kaggle_market,19.95
Hyundai,Creta,2020,6,19000,Petrol,Automatic,first,1396500,Hyundai Creta,kaggle_market,13.96
Tata,Nexon,2024,2,2150,Petrol,Automatic,first,1159950,Tata Nexon,kaggle_market,11.6
Honda,Amaze,2009,17,48000,Petrol,Manual,first,413250,Honda Amaze,kaggle_market,4.13
Hyundai,Verna,2012,14,69000,Petrol,Manual,second,305055,Hyundai Verna,kaggle_market,3.05
Tata,Bolt,2017,9,84000,Petrol,Manual,second,209000,Tata Bolt,kaggle_market,2.09
Hyundai,Verna,2018,8,83000,Diesel,Automatic,first,755250,Hyundai Verna,kaggle_market,7.55
Nissan,Micra,2013,13,63234,Petrol,Automatic,second,295450,Nissan Micra,kaggle_market,2.95
Mercedes-Benz,E-Class,2017,9,80000,Diesel,Automatic,second,1895250,Mercedes-Benz E-Class,kaggle_market,18.95
Honda,Jazz,2019,7,13151,Petrol,Automatic,first,660250,Honda Jazz,kaggle_market,6.6
Renault,Duster,2013,13,77000,Petrol,Manual,second,299724,Renault Duster,kaggle_market,3.0
Mercedes-Benz,Gl-Class,2014,12,77000,Diesel,Automatic,second,2517500,Mercedes-Benz Gl-Class,kaggle_market,25.18
Honda,City,2016,10,44400,Petrol,Automatic,second,665000,Honda City,kaggle_market,6.65
Toyota,Innova Crysta,2016,10,127000,Diesel,Manual,second,1401250,Toyota Innova Crysta,kaggle_market,14.01
Audi,A6,2014,12,90000,Diesel,Automatic,second,712500,Audi A6,kaggle_market,7.12
Volkswagen,Vento,2017,9,43000,Petrol,Automatic,first,807500,Volkswagen Vento,kaggle_market,8.07
Hyundai,Exter,2023,3,19920,Petrol,Automatic,first,855000,Hyundai Exter,kaggle_market,8.55
Maruti Suzuki,Sx4,2007,19,142000,Petrol,Manual,second,166250,Maruti Suzuki Sx4,kaggle_market,1.66
Audi,Q3,2014,12,50000,Diesel,Automatic,second,1591250,Audi Q3,kaggle_market,15.91
Jeep,Meridian,2022,4,30000,Diesel,Automatic,first,3135000,Jeep Meridian,kaggle_market,31.35
Maruti Suzuki,Celerio,2017,9,45000,Petrol,Automatic,first,432250,Maruti Suzuki Celerio,kaggle_market,4.32
Hyundai,Eon,2016,10,30000,Petrol,Manual,second,284050,Hyundai Eon,kaggle_market,2.84
Skoda,Rapid,2013,13,58000,Petrol,Automatic,first,351500,Skoda Rapid,kaggle_market,3.52
Hyundai,Alcazar,2021,5,31256,Petrol,Manual,first,1330000,Hyundai Alcazar,kaggle_market,13.3
Maruti Suzuki,Xl6,2021,5,20850,Petrol,Manual,first,926250,Maruti Suzuki Xl6,kaggle_market,9.26
Volvo,S90,2020,6,63333,Diesel,Automatic,second,3166666,Volvo S90,kaggle_market,31.67
Hyundai,Grand I10,2014,12,75000,Diesel,Manual,second,313500,Hyundai Grand I10,kaggle_market,3.14
Hyundai,I20,2022,4,50000,Diesel,Manual,second,926250,Hyundai I20,kaggle_market,9.26
Toyota,Corolla Altis,2013,13,112000,Diesel,Manual,second,494000,Toyota Corolla Altis,kaggle_market,4.94
Kia,Seltos,2022,4,11000,Diesel,Automatic,first,1781250,Kia Seltos,kaggle_market,17.81
Tata,Tata-Punch,2022,4,19000,Petrol,Manual,first,712500,Tata Tata-Punch,kaggle_market,7.12
Maruti Suzuki,Celerio,2017,9,44307,Petrol,Automatic,second,427500,Maruti Suzuki Celerio,kaggle_market,4.28
Hyundai,I20 Active,2015,11,110450,Petrol,Manual,second,413250,Hyundai I20 Active,kaggle_market,4.13
Toyota,2.8 Legender 4X2,2022,4,46383,Diesel,Automatic,first,4935250,Toyota 2.8 Legender 4X2,kaggle_market,49.35
Volkswagen,Polo,2014,12,60500,Petrol,Manual,second,513000,Volkswagen Polo,kaggle_market,5.13
Honda,Jazz,2018,8,88435,Petrol,Automatic,first,593750,Honda Jazz,kaggle_market,5.94
Skoda,Rapid,2016,10,150000,Diesel,Automatic,second,612750,Skoda Rapid,kaggle_market,6.13
Maruti Suzuki,Sx4,2010,16,76370,Petrol,Manual,second,256500,Maruti Suzuki Sx4,kaggle_market,2.56
Mercedes-Benz,E-Class,2010,16,92000,Diesel,Automatic,first,641249,Mercedes-Benz E-Class,kaggle_market,6.41
Maruti Suzuki,Alto-K10,2017,9,35140,Petrol,Automatic,first,308750,Maruti Suzuki Alto-K10,kaggle_market,3.09
Nissan,Micra,2010,16,56000,Petrol,Manual,second,261250,Nissan Micra,kaggle_market,2.61
Mercedes-Benz,Gls,2018,8,53000,Diesel,Automatic,second,7552500,Mercedes-Benz Gls,kaggle_market,75.53
Maruti Suzuki,Vitara-Brezza,2019,7,56500,Petrol,Automatic,first,821750,Maruti Suzuki Vitara-Brezza,kaggle_market,8.22
Volvo,Xc60,2011,15,105000,Diesel,Automatic,second,703000,Volvo Xc60,kaggle_market,7.03
Hyundai,Elite I20,2018,8,32272,Petrol,Manual,second,664999,Hyundai Elite I20,kaggle_market,6.65
Maruti Suzuki,Alto-K10,2010,16,19800,Petrol,Manual,second,199500,Maruti Suzuki Alto-K10,kaggle_market,2.0
Hyundai,I10,2012,14,37000,Petrol,Automatic,second,356250,Hyundai I10,kaggle_market,3.56
Maruti Suzuki,Ignis,2018,8,69000,Petrol,Automatic,second,337250,Maruti Suzuki Ignis,kaggle_market,3.37
Maruti Suzuki,Swift-Dzire,2010,16,193000,Diesel,Automatic,second,247000,Maruti Suzuki Swift-Dzire,kaggle_market,2.47
Hyundai,Creta,2016,10,72000,Diesel,Automatic,first,603250,Hyundai Creta,kaggle_market,6.03
Maruti Suzuki,Swift-Dzire,2016,10,124501,Diesel,Manual,second,427500,Maruti Suzuki Swift-Dzire,kaggle_market,4.28
Maruti Suzuki,Maruti-Suzuki-Dzire,2016,10,73000,Diesel,Manual,second,465500,Maruti Suzuki Maruti-Suzuki-Dzire,kaggle_market,4.66
Volkswagen,Polo,2016,10,61000,Petrol,Automatic,first,617500,Volkswagen Polo,kaggle_market,6.18
Toyota,Fortuner,2021,5,48500,Diesel,Automatic,first,3563450,Toyota Fortuner,kaggle_market,35.63
Maruti Suzuki,Celerio-X,2019,7,60000,Petrol,Manual,second,456000,Maruti Suzuki Celerio-X,kaggle_market,4.56
Tata,Tigor,2021,5,47000,Petrol,Automatic,second,474050,Tata Tigor,kaggle_market,4.74
Hyundai,Eon,2015,11,59000,Petrol,Manual,first,232750,Hyundai Eon,kaggle_market,2.33
Bmw,3 Series Gt,2015,11,105000,Diesel,Automatic,second,1377500,Bmw 3 Series Gt,kaggle_market,13.78
Hyundai,Verna,2018,8,81000,Petrol,Automatic,second,831250,Hyundai Verna,kaggle_market,8.31
Maruti Suzuki,Baleno,2020,6,75000,Petrol,Manual,second,599450,Maruti Suzuki Baleno,kaggle_market,5.99
Toyota,Etios Liva,2018,8,90000,Diesel,Manual,second,745750,Toyota Etios Liva,kaggle_market,7.46
Honda,Brio,2015,11,53000,Petrol,Automatic,second,437000,Honda Brio,kaggle_market,4.37
Maruti Suzuki,Alto 800,2022,4,11000,Petrol,Manual,first,403750,Maruti Suzuki Alto 800,kaggle_market,4.04
Honda,City,2010,16,109000,Petrol,Manual,second,280250,Honda City,kaggle_market,2.8
Chevrolet,Spark,2009,17,103979,Petrol,Manual,first,104500,Chevrolet Spark,kaggle_market,1.04
Maruti Suzuki,Swift,2019,7,76000,Petrol,Manual,first,565250,Maruti Suzuki Swift,kaggle_market,5.65
Ford,Fiesta,2012,14,112000,Diesel,Manual,second,261250,Ford Fiesta,kaggle_market,2.61
Maruti Suzuki,Wagon-R,2018,8,50000,Petrol,Automatic,first,342000,Maruti Suzuki Wagon-R,kaggle_market,3.42
Audi,A6,2017,9,100000,Diesel,Automatic,second,2042500,Audi A6,kaggle_market,20.42
Tata,Nexon,2018,8,65000,Diesel,Automatic,second,664050,Tata Nexon,kaggle_market,6.64
Tata,Tigor,2018,8,95000,Diesel,Manual,second,403750,Tata Tigor,kaggle_market,4.04
Honda,Amaze,2019,7,60200,Petrol,Manual,second,593750,Honda Amaze,kaggle_market,5.94
Hyundai,Creta,2022,4,27000,Petrol,Automatic,second,1325250,Hyundai Creta,kaggle_market,13.25
Volkswagen,Passat,2010,16,126000,Petrol,Manual,first,213750,Volkswagen Passat,kaggle_market,2.14
Honda,City,2015,11,52000,Petrol,Manual,second,422750,Honda City,kaggle_market,4.23
Renault,Kwid,2017,9,53000,Petrol,Automatic,second,313500,Renault Kwid,kaggle_market,3.14
Maruti Suzuki,Wagon-R,2015,11,97856,Petrol,Automatic,first,356250,Maruti Suzuki Wagon-R,kaggle_market,3.56
Honda,Crv,2015,11,93000,Petrol,Automatic,first,660250,Honda Crv,kaggle_market,6.6
Bmw,X1,2016,10,41000,Diesel,Automatic,first,1890500,Bmw X1,kaggle_market,18.9
Mercedes-Benz,B Class,2014,12,78000,Diesel,Automatic,second,1282500,Mercedes-Benz B Class,kaggle_market,12.82
Toyota,Urban Cruiser Hyryder,2022,4,16000,Petrol,Manual,first,1467750,Toyota Urban Cruiser Hyryder,kaggle_market,14.68
Maruti Suzuki,Alto,2009,17,77000,Petrol,Manual,second,208050,Maruti Suzuki Alto,kaggle_market,2.08
Maruti Suzuki,Swift-Dzire,2017,9,145000,Diesel,Automatic,second,589000,Maruti Suzuki Swift-Dzire,kaggle_market,5.89
Kia,Seltos,2021,5,34000,Diesel,Automatic,second,1496250,Kia Seltos,kaggle_market,14.96
Renault,Duster,2016,10,76000,Diesel,Automatic,first,517750,Renault Duster,kaggle_market,5.18
Volkswagen,Polo,2019,7,85000,Petrol,Automatic,second,826500,Volkswagen Polo,kaggle_market,8.26
Maruti Suzuki,Alto 800,2022,4,19000,Petrol,Manual,first,403750,Maruti Suzuki Alto 800,kaggle_market,4.04
Honda,City,2017,9,77000,Petrol,Automatic,second,722000,Honda City,kaggle_market,7.22
Mahindra,Marazzo,2018,8,110668,Diesel,Manual,second,855000,Mahindra Marazzo,kaggle_market,8.55
Hyundai,Verna,2016,10,25000,Petrol,Manual,second,559550,Hyundai Verna,kaggle_market,5.6
Kia,Sonet,2020,6,39000,Petrol,Automatic,second,992750,Kia Sonet,kaggle_market,9.93
Hyundai,I10,2015,11,91000,Petrol,Manual,second,370500,Hyundai I10,kaggle_market,3.7
Maruti Suzuki,Zen-Estilo,2007,19,46000,Petrol,Manual,second,151050,Maruti Suzuki Zen-Estilo,kaggle_market,1.51
Volkswagen,Polo Gti,2018,8,55000,Petrol,Automatic,second,565250,Volkswagen Polo Gti,kaggle_market,5.65
Hyundai,I10,2008,18,105000,Petrol,Manual,second,118750,Hyundai I10,kaggle_market,1.19
Isuzu,Mu-X,2019,7,180000,Diesel,Automatic,first,1567499,Isuzu Mu-X,kaggle_market,15.67
Maruti Suzuki,S-Presso,2020,6,12000,Petrol,Automatic,first,470250,Maruti Suzuki S-Presso,kaggle_market,4.7
Maruti Suzuki,Swift-Dzire,2013,13,69000,Petrol,Automatic,second,389500,Maruti Suzuki Swift-Dzire,kaggle_market,3.9
Renault,Kwid,2017,9,27000,Petrol,Automatic,second,351500,Renault Kwid,kaggle_market,3.52
Maruti Suzuki,Wagon-R,2018,8,99346,Petrol,Manual,first,380000,Maruti Suzuki Wagon-R,kaggle_market,3.8
Mahindra,Thar,2022,4,24000,Diesel,Automatic,first,1434500,Mahindra Thar,kaggle_market,14.34
Hyundai,I20,2018,8,83600,Diesel,Manual,second,593750,Hyundai I20,kaggle_market,5.94
Volvo,Xc90,2017,9,77643,Diesel,Automatic,second,3562499,Volvo Xc90,kaggle_market,35.62
Mercedes-Benz,E-Class,2011,15,40000,Petrol,Automatic,first,807500,Mercedes-Benz E-Class,kaggle_market,8.07
Maruti Suzuki,Swift-Dzire,2020,6,125000,Petrol,Manual,second,517750,Maruti Suzuki Swift-Dzire,kaggle_market,5.18
Volkswagen,Polo,2015,11,124000,Diesel,Manual,second,323000,Volkswagen Polo,kaggle_market,3.23
Toyota,Corolla Altis,2018,8,72000,Petrol,Manual,first,997500,Toyota Corolla Altis,kaggle_market,9.98
Mercedes-Benz,C-Class,2020,6,19000,Diesel,Automatic,first,4417500,Mercedes-Benz C-Class,kaggle_market,44.18
Audi,Q7,2022,4,20000,Petrol,Automatic,first,7030000,Audi Q7,kaggle_market,70.3
Tata,Tiago,2019,7,66810,Petrol,Automatic,second,437000,Tata Tiago,kaggle_market,4.37
Maruti Suzuki,S-Cross,2020,6,69876,Petrol,Manual,first,774250,Maruti Suzuki S-Cross,kaggle_market,7.74
Maruti Suzuki,Wagon-R,2017,9,44000,Petrol,Automatic,first,422750,Maruti Suzuki Wagon-R,kaggle_market,4.23
Audi,Q5,2015,11,49000,Diesel,Automatic,first,1258750,Audi Q5,kaggle_market,12.59
Tata,Zest,2019,7,67580,Diesel,Automatic,first,484500,Tata Zest,kaggle_market,4.84
Maruti Suzuki,Baleno,2017,9,36606,Petrol,Automatic,second,441750,Maruti Suzuki Baleno,kaggle_market,4.42
Kia,Seltos,2019,7,27000,Petrol,Automatic,first,1282500,Kia Seltos,kaggle_market,12.82
Maruti Suzuki,Ciaz,2018,8,140000,Petrol,Automatic,second,603250,Maruti Suzuki Ciaz,kaggle_market,6.03
Honda,City,2015,11,72000,Petrol,Manual,first,498750,Honda City,kaggle_market,4.99
Maruti Suzuki,Ciaz,2019,7,48000,Petrol,Automatic,first,845500,Maruti Suzuki Ciaz,kaggle_market,8.46
Nissan,Terrano,2017,9,41000,Diesel,Manual,second,593750,Nissan Terrano,kaggle_market,5.94
Mahindra,Scorpio,2010,16,170000,Diesel,Manual,second,489250,Mahindra Scorpio,kaggle_market,4.89
Ford,Endeavour,2010,16,130000,Diesel,Automatic,second,323000,Ford Endeavour,kaggle_market,3.23
Renault,Duster,2018,8,76000,Diesel,Manual,second,755250,Renault Duster,kaggle_market,7.55
Mg,Hector,2019,7,61000,Petrol,Automatic,first,997500,Mg Hector,kaggle_market,9.98
Toyota,Innova,2011,15,22000,Diesel,Manual,second,484500,Toyota Innova,kaggle_market,4.84
Skoda,Rapid,2016,10,50000,Petrol,Automatic,first,546250,Skoda Rapid,kaggle_market,5.46
Kia,Seltos,2020,6,60000,Petrol,Automatic,first,809400,Kia Seltos,kaggle_market,8.09
Mahindra,Thar,2022,4,9200,Petrol,Automatic,first,1325250,Mahindra Thar,kaggle_market,13.25
Maruti Suzuki,Ertiga,2015,11,98000,Diesel,Automatic,second,476900,Maruti Suzuki Ertiga,kaggle_market,4.77
Hyundai,Grand I10 Nios,2021,5,30294,Petrol,Automatic,second,589000,Hyundai Grand I10 Nios,kaggle_market,5.89
Maruti Suzuki,A-Star,2011,15,150000,Petrol,Automatic,second,232750,Maruti Suzuki A-Star,kaggle_market,2.33
Ford,Ecosport,2014,12,87000,Petrol,Manual,second,311600,Ford Ecosport,kaggle_market,3.12
Hyundai,Verna,2019,7,71000,Diesel,Manual,second,703000,Hyundai Verna,kaggle_market,7.03
Hyundai,Verna,2019,7,107000,Diesel,Manual,second,808450,Hyundai Verna,kaggle_market,8.08
Tata,Safari,2021,5,30000,Diesel,Manual,second,1567500,Tata Safari,kaggle_market,15.68
Mahindra,Tuv,2016,10,73000,Diesel,Automatic,first,474999,Mahindra Tuv,kaggle_market,4.75
Jaguar,Xf,2015,11,53000,Diesel,Manual,second,1377500,Jaguar Xf,kaggle_market,13.78
Hyundai,Creta,2023,3,35000,Diesel,Automatic,first,1933250,Hyundai Creta,kaggle_market,19.33
Audi,Q2,2022,4,26207,Petrol,Automatic,first,3325000,Audi Q2,kaggle_market,33.25
Maruti Suzuki,Brezza,2020,6,47000,Petrol,Manual,first,836000,Maruti Suzuki Brezza,kaggle_market,8.36
Maruti Suzuki,Celerio,2015,11,104000,Petrol,Automatic,second,356250,Maruti Suzuki Celerio,kaggle_market,3.56
Mercedes-Benz,Cla,2018,8,35000,Diesel,Automatic,second,1804050,Mercedes-Benz Cla,kaggle_market,18.04
Maruti Suzuki,Ertiga,2014,12,78000,Diesel,Manual,second,451250,Maruti Suzuki Ertiga,kaggle_market,4.51
Toyota,Innova Crysta,2019,7,47000,Petrol,Manual,first,1282500,Toyota Innova Crysta,kaggle_market,12.82
Kia,Seltos,2021,5,56800,Petrol,Manual,first,1282500,Kia Seltos,kaggle_market,12.82
Hyundai,Elite I20,2014,12,82000,Petrol,Manual,second,427500,Hyundai Elite I20,kaggle_market,4.28
Isuzu,D-Max V-Cross,2022,4,12000,Diesel,Automatic,first,2280000,Isuzu D-Max V-Cross,kaggle_market,22.8
Maruti Suzuki,Eeco,2024,2,12000,Petrol,Manual,first,522500,Maruti Suzuki Eeco,kaggle_market,5.22
Maruti Suzuki,S-Presso,2022,4,11102,Petrol,Manual,first,484500,Maruti Suzuki S-Presso,kaggle_market,4.84
Mahindra,Thar,2021,5,37000,Diesel,Automatic,first,1306250,Mahindra Thar,kaggle_market,13.06
Tata,Nexon,2021,5,26085,Petrol,Automatic,first,897750,Tata Nexon,kaggle_market,8.98
Maruti Suzuki,Alto,2011,15,67000,Petrol,Manual,second,236550,Maruti Suzuki Alto,kaggle_market,2.37
Hyundai,Santro Xing,2011,15,75000,Petrol,Manual,second,171950,Hyundai Santro Xing,kaggle_market,1.72
Toyota,Fortuner,2022,4,50000,Diesel,Automatic,second,4322500,Toyota Fortuner,kaggle_market,43.22
Land Rover,Discovery Sport,2018,8,78000,Petrol,Automatic,second,2845250,Land Rover Discovery Sport,kaggle_market,28.45
Ford,Ecosport,2016,10,89600,Diesel,Manual,second,584250,Ford Ecosport,kaggle_market,5.84
Toyota,Innova Crysta,2018,8,90000,Diesel,Automatic,first,1890500,Toyota Innova Crysta,kaggle_market,18.9
Maruti Suzuki,Wagon-R,2017,9,77523,Petrol,Manual,second,304000,Maruti Suzuki Wagon-R,kaggle_market,3.04
Renault,Captur,2018,8,48000,Petrol,Manual,first,473944,Renault Captur,kaggle_market,4.74
Volkswagen,Ventotest,2017,9,67000,Petrol,Manual,second,635550,Volkswagen Ventotest,kaggle_market,6.36
Maruti Suzuki,Alto-K10,2018,8,33000,Petrol,Automatic,second,403750,Maruti Suzuki Alto-K10,kaggle_market,4.04
Hyundai,Venue,2021,5,35000,Petrol,Manual,second,715350,Hyundai Venue,kaggle_market,7.15
Toyota,Fortuner,2017,9,70000,Diesel,Automatic,second,1994050,Toyota Fortuner,kaggle_market,19.94
Ford,Endeavour,2016,10,75000,Diesel,Automatic,second,2422500,Ford Endeavour,kaggle_market,24.22
Chevrolet,Tavera,2007,19,300000,Diesel,Manual,second,209000,Chevrolet Tavera,kaggle_market,2.09
Honda,City,2012,14,82000,Petrol,Automatic,second,313500,Honda City,kaggle_market,3.14
Toyota,Fortuner,2012,14,172000,Diesel,Automatic,first,831250,Toyota Fortuner,kaggle_market,8.31
Honda,Brv,2017,9,38486,Petrol,Automatic,first,689700,Honda Brv,kaggle_market,6.9
Ford,Fiesta,2008,18,175000,Diesel,Manual,second,124450,Ford Fiesta,kaggle_market,1.24
Toyota,Innova Hycross,2023,3,58210,Petrol,Automatic,first,2869000,Toyota Innova Hycross,kaggle_market,28.69
Hyundai,Venue,2020,6,50000,Petrol,Manual,second,731500,Hyundai Venue,kaggle_market,7.32
Mercedes-Benz,C-Class,2012,14,85805,Diesel,Automatic,second,935750,Mercedes-Benz C-Class,kaggle_market,9.36
Renault,Scala,2013,13,113000,Diesel,Manual,second,361000,Renault Scala,kaggle_market,3.61
Chevrolet,Spark,2010,16,58000,Petrol,Manual,second,128250,Chevrolet Spark,kaggle_market,1.28
Maruti Suzuki,Celerio,2016,10,69000,Petrol,Automatic,first,400425,Maruti Suzuki Celerio,kaggle_market,4.0
Honda,Amaze,2014,12,86082,Petrol,Automatic,first,394250,Honda Amaze,kaggle_market,3.94
Nissan,Magnite,2022,4,7500,Petrol,Manual,second,655500,Nissan Magnite,kaggle_market,6.56
Datsun,Go Plus,2018,8,9700,Petrol,Manual,first,308750,Datsun Go Plus,kaggle_market,3.09
Hyundai,I10,2012,14,72000,Petrol,Manual,second,213750,Hyundai I10,kaggle_market,2.14
Honda,City,2016,10,78000,Petrol,Manual,first,679250,Honda City,kaggle_market,6.79
Hyundai,Xcent,2018,8,45238,Diesel,Manual,second,361000,Hyundai Xcent,kaggle_market,3.61
Mahindra,Scorpio,2019,7,99000,Diesel,Manual,first,1472500,Mahindra Scorpio,kaggle_market,14.72
Ford,Figo,2016,10,65000,Diesel,Manual,second,284050,Ford Figo,kaggle_market,2.84
Renault,Kwid,2020,6,47000,Petrol,Automatic,first,308750,Renault Kwid,kaggle_market,3.09
Ford,Figo,2010,16,155000,Petrol,Automatic,second,66500,Ford Figo,kaggle_market,0.66
Volkswagen,Passat,2010,16,95000,Diesel,Automatic,second,323000,Volkswagen Passat,kaggle_market,3.23
Maruti Suzuki,Baleno,2015,11,82000,Diesel,Manual,second,513000,Maruti Suzuki Baleno,kaggle_market,5.13
Bmw,X1,2013,13,69382,Diesel,Automatic,second,1329050,Bmw X1,kaggle_market,13.29
Kia,Sonet,2024,2,9400,Petrol,Manual,first,997499,Kia Sonet,kaggle_market,9.97
Maruti Suzuki,Ritz,2016,10,47000,Petrol,Manual,first,389500,Maruti Suzuki Ritz,kaggle_market,3.9
Hyundai,Aura,2020,6,44731,Petrol,Manual,first,512991,Hyundai Aura,kaggle_market,5.13
Toyota,Fortuner,2016,10,167000,Diesel,Automatic,second,1710000,Toyota Fortuner,kaggle_market,17.1
Maruti Suzuki,Celerio,2015,11,21000,Petrol,Automatic,second,399000,Maruti Suzuki Celerio,kaggle_market,3.99
Maruti Suzuki,Alto-800,2018,8,130000,Petrol,Manual,second,180500,Maruti Suzuki Alto-800,kaggle_market,1.8
Bmw,X1,2016,10,55234,Diesel,Automatic,second,1472500,Bmw X1,kaggle_market,14.72
Bmw,5 Series,2018,8,24000,Petrol,Automatic,first,3942500,Bmw 5 Series,kaggle_market,39.42
Hyundai,Verna,2011,15,65000,Petrol,Automatic,second,308750,Hyundai Verna,kaggle_market,3.09
Maruti Suzuki,Zen-Estilo,2007,19,102910,Petrol,Automatic,second,70300,Maruti Suzuki Zen-Estilo,kaggle_market,0.7
Jeep,Compass,2018,8,75000,Petrol,Automatic,second,964250,Jeep Compass,kaggle_market,9.64
Mahindra,Xylo,2009,17,98000,Diesel,Manual,second,327750,Mahindra Xylo,kaggle_market,3.28
Renault,Duster,2013,13,120000,Diesel,Manual,second,308750,Renault Duster,kaggle_market,3.09
Maruti Suzuki,Wagon-R,2019,7,46000,Petrol,Automatic,second,460750,Maruti Suzuki Wagon-R,kaggle_market,4.61
Mahindra,Bolero,2021,5,66000,Diesel,Manual,second,770555,Mahindra Bolero,kaggle_market,7.71
Ford,Endeavour,2021,5,50000,Diesel,Automatic,second,4085000,Ford Endeavour,kaggle_market,40.85
Hyundai,I20,2018,8,180000,Petrol,Manual,first,614650,Hyundai I20,kaggle_market,6.15
Hyundai,Verna,2007,19,52000,Petrol,Manual,first,171000,Hyundai Verna,kaggle_market,1.71
Honda,Brio,2017,9,50000,Petrol,Automatic,second,603250,Honda Brio,kaggle_market,6.03
Maruti Suzuki,Celerio,2014,12,26000,Petrol,Automatic,first,356250,Maruti Suzuki Celerio,kaggle_market,3.56
Skoda,Superb,2010,16,125000,Petrol,Automatic,second,303050,Skoda Superb,kaggle_market,3.03
Mercedes-Benz,C Class,2012,14,98000,Petrol,Automatic,first,741000,Mercedes-Benz C Class,kaggle_market,7.41
Honda,City,2017,9,69231,Petrol,Automatic,second,522500,Honda City,kaggle_market,5.22
Maruti Suzuki,Wagon-R,2020,6,46000,Petrol,Manual,second,427500,Maruti Suzuki Wagon-R,kaggle_market,4.28
Tata,Nexon,2017,9,33616,Petrol,Manual,second,560500,Tata Nexon,kaggle_market,5.6
Bmw,X1,2017,9,63400,Diesel,Automatic,second,1947500,Bmw X1,kaggle_market,19.48
Maruti Suzuki,Jimny,2023,3,500,Diesel,Manual,second,570000,Maruti Suzuki Jimny,kaggle_market,5.7
Mahindra,Xuv500,2016,10,57000,Diesel,Automatic,second,593750,Mahindra Xuv500,kaggle_market,5.94
Maruti Suzuki,Brezza,2023,3,13500,Petrol,Automatic,first,1282500,Maruti Suzuki Brezza,kaggle_market,12.82
Hyundai,Grand I10,2013,13,61000,Petrol,Manual,first,294500,Hyundai Grand I10,kaggle_market,2.94
Maruti Suzuki,Swift-Dzire,2017,9,86000,Diesel,Automatic,second,655500,Maruti Suzuki Swift-Dzire,kaggle_market,6.56
Audi,A4,2013,13,65000,Diesel,Automatic,second,902500,Audi A4,kaggle_market,9.02
Fiat,Punto,2013,13,140000,Diesel,Manual,second,235600,Fiat Punto,kaggle_market,2.36
Mg,Hector,2020,6,27000,Petrol,Automatic,first,1947500,Mg Hector,kaggle_market,19.48
Toyota,Fortuner,2024,2,51000,Diesel,Automatic,first,4512500,Toyota Fortuner,kaggle_market,45.12
Honda,Jazz,2022,4,34000,Petrol,Automatic,first,779000,Honda Jazz,kaggle_market,7.79
Honda,Amaze,2019,7,24000,Petrol,Automatic,second,641250,Honda Amaze,kaggle_market,6.41
Volkswagen,Virtus,2023,3,25000,Petrol,Manual,first,1230250,Volkswagen Virtus,kaggle_market,12.3
Hummer,H2,2009,17,22000,Petrol,Automatic,first,9310000,Hummer H2,kaggle_market,93.1
Mercedes-Benz,Gls,2020,6,25000,Petrol,Automatic,first,9025000,Mercedes-Benz Gls,kaggle_market,90.25
Maruti Suzuki,Ciaz,2018,8,75307,Petrol,Manual,second,586150,Maruti Suzuki Ciaz,kaggle_market,5.86
Hyundai,Eon,2017,9,51000,Petrol,Manual,second,237500,Hyundai Eon,kaggle_market,2.38
Chevrolet,Sail,2008,18,49500,Petrol,Manual,second,95000,Chevrolet Sail,kaggle_market,0.95
Toyota,Urban Cruiser,2022,4,5000,Petrol,Automatic,first,721050,Toyota Urban Cruiser,kaggle_market,7.21
Maruti Suzuki,Baleno,2018,8,11314,Petrol,Automatic,second,670700,Maruti Suzuki Baleno,kaggle_market,6.71
Tata,Safari Storme,2013,13,85000,Diesel,Manual,second,403750,Tata Safari Storme,kaggle_market,4.04
Renault,Kwid,2017,9,31523,Petrol,Manual,first,251750,Renault Kwid,kaggle_market,2.52
Kia,Seltos,2021,5,30000,Diesel,Automatic,first,1662500,Kia Seltos,kaggle_market,16.62
Honda,Wrv,2017,9,88000,Diesel,Manual,second,474050,Honda Wrv,kaggle_market,4.74
Tata,Indigo Ecs,2012,14,155000,Diesel,Automatic,second,85500,Tata Indigo Ecs,kaggle_market,0.86
Ford,Ecosport,2015,11,55000,Petrol,Manual,first,474050,Ford Ecosport,kaggle_market,4.74
Hyundai,Grand I10,2014,12,43000,Petrol,Manual,first,427500,Hyundai Grand I10,kaggle_market,4.28
Maruti Suzuki,Wagon-R,2019,7,68404,Petrol,Automatic,second,394250,Maruti Suzuki Wagon-R,kaggle_market,3.94
Kia,Seltos,2021,5,90300,Diesel,Automatic,first,1282500,Kia Seltos,kaggle_market,12.82
Maruti Suzuki,Maruti-Suzuki-Dzire,2018,8,66722,Diesel,Manual,second,560500,Maruti Suzuki Maruti-Suzuki-Dzire,kaggle_market,5.6
Maruti Suzuki,Celerio,2015,11,78000,Petrol,Automatic,second,365750,Maruti Suzuki Celerio,kaggle_market,3.66
Volkswagen,Polo,2015,11,86000,Diesel,Manual,second,346750,Volkswagen Polo,kaggle_market,3.47
Hyundai,Grand I10,2015,11,75000,Petrol,Manual,first,313500,Hyundai Grand I10,kaggle_market,3.14
Maruti Suzuki,Swift-Dzire,2018,8,69433,Diesel,Automatic,second,646000,Maruti Suzuki Swift-Dzire,kaggle_market,6.46
Skoda,Rapid,2017,9,95000,Diesel,Automatic,first,655500,Skoda Rapid,kaggle_market,6.56
Mahindra,Marazzo,2019,7,115000,Diesel,Manual,second,394250,Mahindra Marazzo,kaggle_market,3.94
Maruti Suzuki,Swift,2012,14,112000,Diesel,Automatic,second,199500,Maruti Suzuki Swift,kaggle_market,2.0
Toyota,Fortuner,2018,8,78000,Diesel,Automatic,second,2564050,Toyota Fortuner,kaggle_market,25.64
Mercedes-Benz,R-Class,2012,14,137000,Diesel,Automatic,second,931000,Mercedes-Benz R-Class,kaggle_market,9.31
Hyundai,Verna,2014,12,71000,Diesel,Manual,second,370500,Hyundai Verna,kaggle_market,3.7
Maruti Suzuki,Baleno,2018,8,52000,Petrol,Automatic,first,684000,Maruti Suzuki Baleno,kaggle_market,6.84
Renault,Kwid,2018,8,85000,Petrol,Manual,second,247000,Renault Kwid,kaggle_market,2.47
Renault,Duster,2017,9,58200,Diesel,Automatic,first,783750,Renault Duster,kaggle_market,7.84
Nissan,Micra,2014,12,32000,Petrol,Manual,first,261250,Nissan Micra,kaggle_market,2.61
Maruti Suzuki,Alto-K10,2022,4,8500,Petrol,Manual,first,451250,Maruti Suzuki Alto-K10,kaggle_market,4.51
Honda,City,2017,9,58900,Petrol,Automatic,first,655500,Honda City,kaggle_market,6.56
Honda,City,2017,9,85000,Petrol,Manual,first,598500,Honda City,kaggle_market,5.98
Maruti Suzuki,Wagon-R,2010,16,70000,Petrol,Manual,first,199500,Maruti Suzuki Wagon-R,kaggle_market,2.0
Mercedes-Benz,C-Class,2012,14,75000,Diesel,Automatic,second,565250,Mercedes-Benz C-Class,kaggle_market,5.65
Mercedes-Benz,S-Class,2015,11,46000,Diesel,Automatic,first,2575449,Mercedes-Benz S-Class,kaggle_market,25.75
Volkswagen,Tiguan,2023,3,31403,Petrol,Automatic,second,2660000,Volkswagen Tiguan,kaggle_market,26.6
Honda,Amaze,2013,13,89000,Diesel,Manual,second,351500,Honda Amaze,kaggle_market,3.52
Renault,Kwid,2017,9,78000,Petrol,Automatic,first,356250,Renault Kwid,kaggle_market,3.56
Mg,Gloster,2021,5,87000,Diesel,Automatic,first,2161250,Mg Gloster,kaggle_market,21.61
Hyundai,Verna,2014,12,86130,Petrol,Automatic,second,375250,Hyundai Verna,kaggle_market,3.75
Mahindra,Xylo,2010,16,187000,Diesel,Manual,second,451250,Mahindra Xylo,kaggle_market,4.51
Maruti Suzuki,Wagon-R,2017,9,79000,Petrol,Manual,first,356250,Maruti Suzuki Wagon-R,kaggle_market,3.56
Mercedes-Benz,Gls,2019,7,49000,Diesel,Automatic,second,6460000,Mercedes-Benz Gls,kaggle_market,64.6
Toyota,Etios,2012,14,70000,Diesel,Manual,first,356250,Toyota Etios,kaggle_market,3.56
Maruti Suzuki,Alto-800,2015,11,49000,Petrol,Manual,second,299250,Maruti Suzuki Alto-800,kaggle_market,2.99
Maruti Suzuki,Omni,2019,7,41759,Petrol,Manual,second,294500,Maruti Suzuki Omni,kaggle_market,2.94
Maruti Suzuki,Alto,2011,15,58000,Petrol,Manual,second,133000,Maruti Suzuki Alto,kaggle_market,1.33
Maruti Suzuki,Ertiga,2017,9,75000,Diesel,Manual,second,617500,Maruti Suzuki Ertiga,kaggle_market,6.18
Maruti Suzuki,Ciaz,2015,11,80494,Diesel,Manual,second,451250,Maruti Suzuki Ciaz,kaggle_market,4.51
Hyundai,Xcent,2016,10,76000,Diesel,Manual,second,323000,Hyundai Xcent,kaggle_market,3.23
Volkswagen,Polo,2019,7,25000,Petrol,Manual,second,560500,Volkswagen Polo,kaggle_market,5.6
Kia,Seltos,2019,7,84000,Petrol,Automatic,second,940500,Kia Seltos,kaggle_market,9.4
Honda,Wrv,2019,7,81000,Diesel,Manual,first,579500,Honda Wrv,kaggle_market,5.8
Maruti Suzuki,Baleno,2019,7,82500,Petrol,Automatic,second,551000,Maruti Suzuki Baleno,kaggle_market,5.51
Mercedes-Benz,C-Class,2015,11,55368,Petrol,Automatic,second,1519050,Mercedes-Benz C-Class,kaggle_market,15.19
Maruti Suzuki,Baleno,2017,9,69000,Petrol,Automatic,second,498750,Maruti Suzuki Baleno,kaggle_market,4.99
Maruti Suzuki,Baleno,2019,7,55000,Petrol,Manual,second,584250,Maruti Suzuki Baleno,kaggle_market,5.84
Hyundai,Elantra,2013,13,103000,Diesel,Manual,second,498750,Hyundai Elantra,kaggle_market,4.99
Hyundai,Grand I10,2015,11,51000,Petrol,Automatic,second,413249,Hyundai Grand I10,kaggle_market,4.13
Renault,Kwid,2022,4,21000,Petrol,Manual,first,375250,Renault Kwid,kaggle_market,3.75
Tata,Zest,2016,10,157000,Diesel,Automatic,second,275500,Tata Zest,kaggle_market,2.76
Hyundai,Santro,2019,7,20000,Petrol,Automatic,first,427500,Hyundai Santro,kaggle_market,4.28
Maruti Suzuki,800,2005,21,91000,Petrol,Manual,second,57000,Maruti Suzuki 800,kaggle_market,0.57
Hyundai,Grand I10,2014,12,89000,Petrol,Manual,second,337777,Hyundai Grand I10,kaggle_market,3.38
Mercedes-Benz,Gle Coupe,2019,7,62500,Petrol,Automatic,second,5224999,Mercedes-Benz Gle Coupe,kaggle_market,52.25
Hyundai,Creta,2020,6,62000,Diesel,Manual,first,831250,Hyundai Creta,kaggle_market,8.31
Tata,Tiago,2021,5,18200,Petrol,Automatic,first,616550,Tata Tiago,kaggle_market,6.17
Tata,Nano,2014,12,70000,Petrol,Manual,second,80750,Tata Nano,kaggle_market,0.81
Volkswagen,Taigun,2024,2,3500,Petrol,Automatic,first,1425000,Volkswagen Taigun,kaggle_market,14.25
Tata,Nexon,2019,7,56000,Petrol,Automatic,second,498750,Tata Nexon,kaggle_market,4.99
Honda,Civic,2019,7,40000,Petrol,Automatic,second,1377500,Honda Civic,kaggle_market,13.78
Volkswagen,Polo,2013,13,97000,Petrol,Automatic,first,470250,Volkswagen Polo,kaggle_market,4.7
Volkswagen,Polo,2014,12,99000,Diesel,Manual,first,427500,Volkswagen Polo,kaggle_market,4.28
Mahindra,Bolero Neo Plus,2012,14,100000,Diesel,Automatic,second,247000,Mahindra Bolero Neo Plus,kaggle_market,2.47
Hyundai,I20,2014,12,79000,Petrol,Automatic,second,318250,Hyundai I20,kaggle_market,3.18
Honda,City,2015,11,125000,Diesel,Manual,first,617500,Honda City,kaggle_market,6.18
Maruti Suzuki,Wagon-R,2016,10,75000,Petrol,Manual,second,266000,Maruti Suzuki Wagon-R,kaggle_market,2.66
Datsun,Redigo,2018,8,17000,Petrol,Automatic,first,308750,Datsun Redigo,kaggle_market,3.09
Maruti Suzuki,Zen-Estilo,2000,26,100000,Petrol,Manual,second,66500,Maruti Suzuki Zen-Estilo,kaggle_market,0.66
Maruti Suzuki,Wagon-R,2017,9,30000,Petrol,Manual,first,356250,Maruti Suzuki Wagon-R,kaggle_market,3.56
Hyundai,Eon,2015,11,70000,Petrol,Manual,second,218500,Hyundai Eon,kaggle_market,2.18
Maruti Suzuki,Ignis,2017,9,87000,Petrol,Automatic,first,456000,Maruti Suzuki Ignis,kaggle_market,4.56
Maruti Suzuki,Vitara-Brezza,2018,8,75000,Diesel,Manual,second,485450,Maruti Suzuki Vitara-Brezza,kaggle_market,4.85
Maruti Suzuki,Ritz,2015,11,49000,Petrol,Automatic,first,380000,Maruti Suzuki Ritz,kaggle_market,3.8
Honda,City,2015,11,75000,Diesel,Manual,first,496850,Honda City,kaggle_market,4.97
Toyota,Innova Crysta,2018,8,110000,Diesel,Automatic,second,1201750,Toyota Innova Crysta,kaggle_market,12.02
Audi,A4,2014,12,50000,Diesel,Automatic,second,1045000,Audi A4,kaggle_market,10.45
Hyundai,I20,2023,3,28000,Petrol,Manual,first,902500,Hyundai I20,kaggle_market,9.02
Datsun,Go Plus,2017,9,26000,Petrol,Manual,second,261250,Datsun Go Plus,kaggle_market,2.61
Skoda,Rapid,2012,14,78000,Diesel,Manual,second,270750,Skoda Rapid,kaggle_market,2.71
Maruti Suzuki,Vitara-Brezza,2018,8,73000,Diesel,Automatic,first,665000,Maruti Suzuki Vitara-Brezza,kaggle_market,6.65
Hyundai,Grand I10,2016,10,39000,Petrol,Automatic,first,446500,Hyundai Grand I10,kaggle_market,4.46
Bmw,X1,2017,9,69000,Diesel,Automatic,second,2517500,Bmw X1,kaggle_market,25.18
Maruti Suzuki,Swift-Dzire,2010,16,240000,Diesel,Manual,second,213750,Maruti Suzuki Swift-Dzire,kaggle_market,2.14
Maruti Suzuki,Maruti-Suzuki-Dzire,2013,13,97834,Petrol,Manual,second,361000,Maruti Suzuki Maruti-Suzuki-Dzire,kaggle_market,3.61
Maruti Suzuki,Swift-Dzire,2010,16,59000,Petrol,Manual,first,251750,Maruti Suzuki Swift-Dzire,kaggle_market,2.52
Mercedes-Benz,A Class,2015,11,35000,Petrol,Automatic,second,826500,Mercedes-Benz A Class,kaggle_market,8.26
Mercedes-Benz,Gla,2016,10,83000,Diesel,Automatic,second,1781250,Mercedes-Benz Gla,kaggle_market,17.81
Mahindra,Bolero,2021,5,74250,Diesel,Manual,first,713555,Mahindra Bolero,kaggle_market,7.14
Hyundai,Verna,2021,5,32780,Petrol,Automatic,first,1068750,Hyundai Verna,kaggle_market,10.69
Kia,Seltos,2023,3,37000,Diesel,Automatic,first,1852500,Kia Seltos,kaggle_market,18.52
Maruti Suzuki,Xl6,2021,5,42000,Petrol,Automatic,first,1068750,Maruti Suzuki Xl6,kaggle_market,10.69
Honda,Jazz,2015,11,129000,Diesel,Manual,second,361000,Honda Jazz,kaggle_market,3.61
Maruti Suzuki,Xl6,2021,5,13562,Petrol,Automatic,first,1363250,Maruti Suzuki Xl6,kaggle_market,13.63
Hyundai,I10,2012,14,64000,Petrol,Automatic,second,223250,Hyundai I10,kaggle_market,2.23
Isuzu,Mux,2018,8,77000,Diesel,Automatic,first,1567500,Isuzu Mux,kaggle_market,15.68
Bmw,Z4,2022,4,22000,Petrol,Automatic,first,7481250,Bmw Z4,kaggle_market,74.81
Ford,Figo,2014,12,66000,Petrol,Manual,second,207100,Ford Figo,kaggle_market,2.07
Skoda,Kodiaq,2018,8,111000,Diesel,Automatic,first,1995000,Skoda Kodiaq,kaggle_market,19.95
Ford,Aspire,2018,8,42000,Petrol,Manual,second,361000,Ford Aspire,kaggle_market,3.61
Mercedes-Benz,Cla,2016,10,71000,Diesel,Automatic,second,1306250,Mercedes-Benz Cla,kaggle_market,13.06
Hyundai,Grand I10,2017,9,46000,Petrol,Automatic,first,441750,Hyundai Grand I10,kaggle_market,4.42
Maruti Suzuki,Swift Dzire,2019,7,89000,Diesel,Manual,second,546250,Maruti Suzuki Swift Dzire,kaggle_market,5.46
Mahindra,Xuv500,2019,7,65000,Diesel,Manual,second,883500,Mahindra Xuv500,kaggle_market,8.84
Maruti Suzuki,Swift-Dzire,2013,13,85000,Petrol,Manual,second,346750,Maruti Suzuki Swift-Dzire,kaggle_market,3.47
Bmw,3 Series Gran Limousine,2022,4,6000,Petrol,Automatic,first,5225000,Bmw 3 Series Gran Limousine,kaggle_market,52.25
Hyundai,I10,2013,13,70500,Petrol,Manual,second,217550,Hyundai I10,kaggle_market,2.18
Maruti Suzuki,Xl6,2019,7,38516,Petrol,Automatic,second,851200,Maruti Suzuki Xl6,kaggle_market,8.51
Tata,Harrier,2022,4,44000,Diesel,Automatic,first,1781250,Tata Harrier,kaggle_market,17.81
Jeep,Compass,2019,7,113000,Diesel,Automatic,first,1448750,Jeep Compass,kaggle_market,14.49
Maruti Suzuki,Ertiga,2017,9,97000,Diesel,Manual,second,712500,Maruti Suzuki Ertiga,kaggle_market,7.12
Maruti Suzuki,Zen-Estilo,2003,23,55000,Petrol,Manual,second,94050,Maruti Suzuki Zen-Estilo,kaggle_market,0.94
Jaguar,F-Pace,2019,7,48000,Diesel,Automatic,second,4265500,Jaguar F-Pace,kaggle_market,42.66
Maruti Suzuki,Swift-Dzire-Tour,2015,11,90000,Diesel,Manual,second,209000,Maruti Suzuki Swift-Dzire-Tour,kaggle_market,2.09
Volkswagen,Polo,2020,6,62800,Petrol,Automatic,first,650750,Volkswagen Polo,kaggle_market,6.51
Honda,City,2010,16,118000,Petrol,Manual,second,251750,Honda City,kaggle_market,2.52
Maruti Suzuki,Swift-Dzire,2008,18,170000,Diesel,Manual,second,194750,Maruti Suzuki Swift-Dzire,kaggle_market,1.95
Mahindra,Scorpio,2016,10,90000,Diesel,Manual,second,712500,Mahindra Scorpio,kaggle_market,7.12
Ford,Figo Aspire,2015,11,69000,Petrol,Automatic,first,375250,Ford Figo Aspire,kaggle_market,3.75
Skoda,Kushaq,2023,3,21000,Petrol,Manual,first,941450,Skoda Kushaq,kaggle_market,9.41
Hyundai,Venue,2019,7,27000,Petrol,Manual,second,807500,Hyundai Venue,kaggle_market,8.07
Maruti Suzuki,Sx4,2012,14,91000,Petrol,Manual,second,270750,Maruti Suzuki Sx4,kaggle_market,2.71
Hyundai,Verna,2018,8,73000,Diesel,Automatic,first,760000,Hyundai Verna,kaggle_market,7.6
Toyota,Glanza,2019,7,50125,Petrol,Automatic,first,617500,Toyota Glanza,kaggle_market,6.18
Mahindra,Logan,2008,18,48000,Petrol,Manual,first,118750,Mahindra Logan,kaggle_market,1.19
Maruti Suzuki,Swift-Dzire,2018,8,59000,Diesel,Manual,second,645050,Maruti Suzuki Swift-Dzire,kaggle_market,6.45
Mahindra,Thar,2022,4,20000,Diesel,Automatic,second,1581750,Mahindra Thar,kaggle_market,15.82
Maruti Suzuki,Ritz,2010,16,86000,Diesel,Manual,second,256500,Maruti Suzuki Ritz,kaggle_market,2.56
Volkswagen,Jetta,2011,15,107000,Diesel,Manual,second,204250,Volkswagen Jetta,kaggle_market,2.04
Maruti Suzuki,Wagon-R-Stingray,2015,11,52000,Petrol,Manual,second,242250,Maruti Suzuki Wagon-R-Stingray,kaggle_market,2.42
Volkswagen,Ventotest,2019,7,78000,Diesel,Automatic,first,807500,Volkswagen Ventotest,kaggle_market,8.07
Maruti Suzuki,Alto-K10,2014,12,77000,Petrol,Manual,first,229900,Maruti Suzuki Alto-K10,kaggle_market,2.3
Volkswagen,Polo,2012,14,90000,Diesel,Manual,second,313500,Volkswagen Polo,kaggle_market,3.14
Mercedes-Benz,B Class,2013,13,59000,Diesel,Automatic,first,1092500,Mercedes-Benz B Class,kaggle_market,10.92
Mercedes-Benz,Gl-Class,2016,10,252000,Diesel,Automatic,first,3515000,Mercedes-Benz Gl-Class,kaggle_market,35.15
Maruti Suzuki,Celerio,2014,12,112423,Petrol,Automatic,second,332500,Maruti Suzuki Celerio,kaggle_market,3.32
Maruti Suzuki,S-Presso,2020,6,50000,Petrol,Automatic,second,451250,Maruti Suzuki S-Presso,kaggle_market,4.51
Tata,Tiago,2021,5,64000,Petrol,Automatic,second,474050,Tata Tiago,kaggle_market,4.74
Hyundai,I20,2011,15,80000,Petrol,Manual,second,337250,Hyundai I20,kaggle_market,3.37
Mahindra,Xuv500,2012,14,94000,Diesel,Manual,second,380000,Mahindra Xuv500,kaggle_market,3.8
Honda,City,2015,11,69000,Diesel,Manual,second,593750,Honda City,kaggle_market,5.94
Mahindra,Marazzo,2019,7,60000,Diesel,Manual,first,950000,Mahindra Marazzo,kaggle_market,9.5
Toyota,Camry,2018,8,25000,Petrol,Automatic,first,2232499,Toyota Camry,kaggle_market,22.32
Volkswagen,Ventotest,2016,10,86000,Diesel,Automatic,second,579500,Volkswagen Ventotest,kaggle_market,5.8
Audi,A6,2023,3,35000,Petrol,Automatic,first,4655000,Audi A6,kaggle_market,46.55
Ford,Figo,2016,10,37500,Petrol,Manual,second,332500,Ford Figo,kaggle_market,3.32
Toyota,Camry,2016,10,79000,Petrol,Automatic,second,1225500,Toyota Camry,kaggle_market,12.26
Mahindra,Xuv 300,2019,7,72000,Diesel,Manual,first,807500,Mahindra Xuv 300,kaggle_market,8.07
Ford,Ecosport,2013,13,45200,Petrol,Manual,second,399950,Ford Ecosport,kaggle_market,4.0
Mercedes-Benz,Glc,2017,9,60000,Diesel,Automatic,second,4170500,Mercedes-Benz Glc,kaggle_market,41.7
Mercedes-Benz,E-Class,2015,11,77000,Diesel,Automatic,second,2137500,Mercedes-Benz E-Class,kaggle_market,21.38
Maruti Suzuki,Celerio,2016,10,36000,Petrol,Manual,first,270750,Maruti Suzuki Celerio,kaggle_market,2.71
Skoda,Superb,2011,15,63000,Diesel,Automatic,second,379999,Skoda Superb,kaggle_market,3.8
Hyundai,Grand I10,2017,9,54640,Petrol,Automatic,first,513000,Hyundai Grand I10,kaggle_market,5.13
Mercedes-Benz,Gla,2022,4,12000,Diesel,Automatic,first,4845000,Mercedes-Benz Gla,kaggle_market,48.45
Mercedes-Benz,C Class,2010,16,42543,Petrol,Automatic,first,323000,Mercedes-Benz C Class,kaggle_market,3.23
Bmw,5 Series,2021,5,80000,Diesel,Automatic,second,3515000,Bmw 5 Series,kaggle_market,35.15
Maruti Suzuki,Maruti-Suzuki-Dzire,2016,10,68000,Petrol,Manual,first,413250,Maruti Suzuki Maruti-Suzuki-Dzire,kaggle_market,4.13
Maruti Suzuki,Baleno,2017,9,49136,Petrol,Manual,second,403750,Maruti Suzuki Baleno,kaggle_market,4.04
Porsche,Cayman,2015,11,16000,Petrol,Automatic,second,7125000,Porsche Cayman,kaggle_market,71.25
Ford,Endeavour,2017,9,119000,Diesel,Automatic,second,2564999,Ford Endeavour,kaggle_market,25.65
Maruti Suzuki,Celerio,2017,9,51000,Petrol,Automatic,second,437000,Maruti Suzuki Celerio,kaggle_market,4.37
Bmw,5 Series,2019,7,45000,Diesel,Automatic,second,4132500,Bmw 5 Series,kaggle_market,41.32
Maruti Suzuki,Swift-Dzire,2020,6,103000,Diesel,Automatic,second,684000,Maruti Suzuki Swift-Dzire,kaggle_market,6.84
Maruti Suzuki,Ignis,2019,7,51000,Petrol,Manual,first,408500,Maruti Suzuki Ignis,kaggle_market,4.08
Maruti Suzuki,Ertiga,2020,6,85000,Petrol,Manual,first,878750,Maruti Suzuki Ertiga,kaggle_market,8.79
Mahindra,Thar,2021,5,57000,Petrol,Automatic,first,1116250,Mahindra Thar,kaggle_market,11.16
Toyota,2.8 Legender 4X2,2015,11,86000,Diesel,Automatic,second,1377500,Toyota 2.8 Legender 4X2,kaggle_market,13.78
Hyundai,I20,2021,5,60000,Petrol,Manual,first,617500,Hyundai I20,kaggle_market,6.18
Tata,Nano,2015,11,16000,Petrol,Automatic,first,261250,Tata Nano,kaggle_market,2.61
Toyota,Fortuner,2018,8,160000,Diesel,Manual,second,2232500,Toyota Fortuner,kaggle_market,22.32
Bmw,X1,2013,13,33000,Diesel,Automatic,second,755250,Bmw X1,kaggle_market,7.55
Toyota,Corolla Altis,2015,11,160000,Diesel,Manual,second,736250,Toyota Corolla Altis,kaggle_market,7.36
Hyundai,Grand I10 Nios,2020,6,37115,Petrol,Manual,second,508250,Hyundai Grand I10 Nios,kaggle_market,5.08
Bmw,X1,2015,11,78000,Diesel,Automatic,second,997500,Bmw X1,kaggle_market,9.98
Toyota,Fortuner,2011,15,75000,Diesel,Manual,second,1073500,Toyota Fortuner,kaggle_market,10.74
Maruti Suzuki,S-Cross,2019,7,102000,Diesel,Manual,second,807499,Maruti Suzuki S-Cross,kaggle_market,8.07
Toyota,Innova Crysta,2017,9,89000,Diesel,Automatic,second,1757500,Toyota Innova Crysta,kaggle_market,17.58
Maruti Suzuki,Wagon-R,2016,10,20819,Petrol,Automatic,first,398050,Maruti Suzuki Wagon-R,kaggle_market,3.98
Maruti Suzuki,Wagon R,2015,11,38000,Petrol,Manual,second,346750,Maruti Suzuki Wagon R,kaggle_market,3.47
Maruti Suzuki,Swift,2009,17,55000,Petrol,Manual,second,223250,Maruti Suzuki Swift,kaggle_market,2.23
Maruti Suzuki,Celerio,2018,8,38000,Petrol,Automatic,first,437000,Maruti Suzuki Celerio,kaggle_market,4.37
Mitsubishi,Outlander,2010,16,72000,Petrol,Automatic,second,351500,Mitsubishi Outlander,kaggle_market,3.52
Hyundai,Santro Xing,2005,21,130000,Petrol,Manual,second,118750,Hyundai Santro Xing,kaggle_market,1.19
Audi,A6,2015,11,78000,Diesel,Automatic,second,1377500,Audi A6,kaggle_market,13.78
Kia,Sonet,2021,5,20200,Petrol,Automatic,first,945250,Kia Sonet,kaggle_market,9.45
Volkswagen,Polo,2018,8,56000,Petrol,Automatic,second,769500,Volkswagen Polo,kaggle_market,7.7
Hyundai,Eon,2013,13,57000,Petrol,Manual,second,189999,Hyundai Eon,kaggle_market,1.9
Land Rover,Range Rover Sport,2018,8,60000,Diesel,Automatic,first,8075000,Land Rover Range Rover Sport,kaggle_market,80.75
Jeep,Compass,2017,9,62000,Petrol,Automatic,first,950000,Jeep Compass,kaggle_market,9.5
Maruti Suzuki,Ciaz,2021,5,13000,Petrol,Automatic,first,855000,Maruti Suzuki Ciaz,kaggle_market,8.55
Hyundai,I20,2022,4,30000,Petrol,Manual,first,760000,Hyundai I20,kaggle_market,7.6
Mercedes-Benz,C-Class,2012,14,45000,Petrol,Automatic,second,878750,Mercedes-Benz C-Class,kaggle_market,8.79
Volkswagen,Polo,2016,10,37000,Petrol,Automatic,second,593750,Volkswagen Polo,kaggle_market,5.94
Tata,Nano,2018,8,98000,Diesel,Automatic,first,759050,Tata Nano,kaggle_market,7.59
Mercedes-Benz,E-Class,2010,16,25000,Petrol,Automatic,second,854050,Mercedes-Benz E-Class,kaggle_market,8.54
Hyundai,Creta,2015,11,100900,Diesel,Automatic,second,660250,Hyundai Creta,kaggle_market,6.6
Nissan,Terrano,2013,13,51000,Petrol,Manual,second,322050,Nissan Terrano,kaggle_market,3.22
Mercedes-Benz,E-Class,2014,12,89000,Diesel,Automatic,first,1282500,Mercedes-Benz E-Class,kaggle_market,12.82
Maruti Suzuki,Swift,2018,8,46000,Petrol,Automatic,first,565250,Maruti Suzuki Swift,kaggle_market,5.65
Volkswagen,Jetta,2011,15,65000,Diesel,Automatic,second,323000,Volkswagen Jetta,kaggle_market,3.23
Mg,Hector Plus,2023,3,35000,Petrol,Automatic,first,1876250,Mg Hector Plus,kaggle_market,18.76
Hyundai,Creta,2017,9,78000,Petrol,Automatic,second,845500,Hyundai Creta,kaggle_market,8.46
Tata,Nexon,2022,4,9000,Petrol,Manual,first,1140000,Tata Nexon,kaggle_market,11.4
Toyota,Fortuner,2023,3,10000,Diesel,Automatic,first,4170500,Toyota Fortuner,kaggle_market,41.7
Maruti Suzuki,Wagon R,2011,15,108000,Petrol,Manual,second,270750,Maruti Suzuki Wagon R,kaggle_market,2.71
Maruti Suzuki,Ritz,2011,15,100000,Diesel,Manual,second,318250,Maruti Suzuki Ritz,kaggle_market,3.18
Honda,Accord,2013,13,110123,Petrol,Automatic,second,465500,Honda Accord,kaggle_market,4.66
Mahindra,Verito,2013,13,90000,Diesel,Manual,first,323000,Mahindra Verito,kaggle_market,3.23
Skoda,Octavia,2016,10,74000,Petrol,Automatic,second,1235000,Skoda Octavia,kaggle_market,12.35
Ssangyong,Rexton,2014,12,94000,Diesel,Automatic,second,465500,Ssangyong Rexton,kaggle_market,4.66
Maruti Suzuki,Baleno,2018,8,61387,Petrol,Automatic,first,617500,Maruti Suzuki Baleno,kaggle_market,6.18
Maruti Suzuki,Wagon-R,2019,7,60000,Petrol,Automatic,first,560500,Maruti Suzuki Wagon-R,kaggle_market,5.6
Nissan,Micra,2019,7,50000,Petrol,Automatic,second,470250,Nissan Micra,kaggle_market,4.7
Hyundai,Elite I20,2015,11,74230,Diesel,Manual,second,356250,Hyundai Elite I20,kaggle_market,3.56
Honda,City,2021,5,25000,Petrol,Automatic,second,1068750,Honda City,kaggle_market,10.69
Audi,Q3,2016,10,78522,Diesel,Automatic,first,1709999,Audi Q3,kaggle_market,17.1
Skoda,Rapid,2015,11,52000,Petrol,Automatic,second,356250,Skoda Rapid,kaggle_market,3.56
Maruti Suzuki,Wagon-R,2013,13,95000,Petrol,Manual,first,284050,Maruti Suzuki Wagon-R,kaggle_market,2.84
Toyota,Fortuner,2009,17,201000,Diesel,Manual,second,807500,Toyota Fortuner,kaggle_market,8.07
Toyota,Etios,2015,11,84498,Petrol,Manual,second,489250,Toyota Etios,kaggle_market,4.89
Toyota,Innova,2015,11,175000,Diesel,Automatic,second,807500,Toyota Innova,kaggle_market,8.07
Maruti Suzuki,Celerio,2016,10,83000,Petrol,Automatic,first,437000,Maruti Suzuki Celerio,kaggle_market,4.37
Maruti Suzuki,Ciaz,2018,8,130000,Petrol,Automatic,second,603250,Maruti Suzuki Ciaz,kaggle_market,6.03
Mercedes-Benz,M-Class,2013,13,99500,Diesel,Automatic,second,1472500,Mercedes-Benz M-Class,kaggle_market,14.72
Audi,A4,2011,15,124000,Diesel,Automatic,second,760000,Audi A4,kaggle_market,7.6
Maruti Suzuki,A-Star,2010,16,45000,Petrol,Manual,second,119497,Maruti Suzuki A-Star,kaggle_market,1.19
Mahindra,Xuv500,2019,7,29000,Diesel,Manual,second,1092500,Mahindra Xuv500,kaggle_market,10.92
Hyundai,Verna,2024,2,11000,Petrol,Automatic,first,1520000,Hyundai Verna,kaggle_market,15.2
Maruti Suzuki,Swift-Dzire,2017,9,45000,Petrol,Automatic,first,536750,Maruti Suzuki Swift-Dzire,kaggle_market,5.37
Ford,Endeavour,2016,10,105000,Diesel,Automatic,second,1757500,Ford Endeavour,kaggle_market,17.58
Tata,Harrier,2021,5,49900,Diesel,Automatic,second,1890500,Tata Harrier,kaggle_market,18.9
Volkswagen,Polo,2021,5,38000,Petrol,Automatic,second,1007000,Volkswagen Polo,kaggle_market,10.07
Mahindra,Scorpio,2012,14,120000,Diesel,Automatic,second,294500,Mahindra Scorpio,kaggle_market,2.94
Maruti Suzuki,Celerio,2017,9,75000,Petrol,Manual,first,342000,Maruti Suzuki Celerio,kaggle_market,3.42
Audi,Q3,2013,13,87000,Diesel,Automatic,first,1130500,Audi Q3,kaggle_market,11.3
Hyundai,I20,2021,5,55000,Petrol,Manual,first,593750,Hyundai I20,kaggle_market,5.94
Honda,City,2017,9,67000,Petrol,Manual,first,593750,Honda City,kaggle_market,5.94
Maruti Suzuki,Baleno,2016,10,75000,Diesel,Manual,second,498750,Maruti Suzuki Baleno,kaggle_market,4.99
Renault,Kwid,2018,8,55000,Petrol,Manual,second,308750,Renault Kwid,kaggle_market,3.09
Honda,City Zx,2010,16,95000,Petrol,Manual,second,151999,Honda City Zx,kaggle_market,1.52
Tata,Tiago,2016,10,62000,Petrol,Manual,first,346750,Tata Tiago,kaggle_market,3.47
Mercedes-Benz,C-Class,2011,15,92000,Diesel,Automatic,second,712500,Mercedes-Benz C-Class,kaggle_market,7.12
Hyundai,Tucson,2017,9,47000,Petrol,Automatic,second,1425000,Hyundai Tucson,kaggle_market,14.25
Toyota,Innova,2014,12,245822,Diesel,Manual,second,1078250,Toyota Innova,kaggle_market,10.78
Maruti Suzuki,Alto,2010,16,143000,Petrol,Manual,second,128250,Maruti Suzuki Alto,kaggle_market,1.28
Hyundai,Creta,2015,11,75000,Diesel,Manual,second,627950,Hyundai Creta,kaggle_market,6.28
Hyundai,Santro,2018,8,32000,Petrol,Automatic,second,408500,Hyundai Santro,kaggle_market,4.08
Hyundai,Creta,2017,9,89000,Petrol,Automatic,first,760000,Hyundai Creta,kaggle_market,7.6
Mahindra,Xuv500,2018,8,83000,Diesel,Automatic,first,807500,Mahindra Xuv500,kaggle_market,8.07
Hyundai,I20,2014,12,50680,Diesel,Manual,first,405270,Hyundai I20,kaggle_market,4.05
Jaguar,F-Pace,2018,8,43000,Diesel,Automatic,first,3895000,Jaguar F-Pace,kaggle_market,38.95
Volkswagen,Ventotest,2016,10,78000,Petrol,Automatic,first,501600,Volkswagen Ventotest,kaggle_market,5.02
Ford,Mustang,2017,9,8000,Petrol,Automatic,first,8065500,Ford Mustang,kaggle_market,80.66
Audi,A4,2013,13,44699,Diesel,Automatic,second,787550,Audi A4,kaggle_market,7.88
Hyundai,Aura,2021,5,22000,Petrol,Manual,second,532000,Hyundai Aura,kaggle_market,5.32
Nissan,Micra,2014,12,26300,Petrol,Manual,second,182400,Nissan Micra,kaggle_market,1.82
Maruti Suzuki,Swift,2018,8,45000,Petrol,Automatic,first,555750,Maruti Suzuki Swift,kaggle_market,5.56
Tata,Indigo Cs,2011,15,50000,Petrol,Manual,second,142500,Tata Indigo Cs,kaggle_market,1.42
Honda,Brio,2012,14,29000,Petrol,Manual,second,152000,Honda Brio,kaggle_market,1.52
Maruti Suzuki,Brezza,2021,5,55000,Petrol,Manual,first,788500,Maruti Suzuki Brezza,kaggle_market,7.88
Volkswagen,Ventotest,2013,13,68000,Petrol,Automatic,first,427500,Volkswagen Ventotest,kaggle_market,4.28
Maruti Suzuki,800,2012,14,90000,Diesel,Automatic,second,133000,Maruti Suzuki 800,kaggle_market,1.33
Hyundai,Santro Xing,2008,18,89000,Petrol,Manual,second,175750,Hyundai Santro Xing,kaggle_market,1.76
Volkswagen,Passat,2018,8,116000,Diesel,Automatic,first,1757500,Volkswagen Passat,kaggle_market,17.58
Maruti Suzuki,Baleno,2021,5,22949,Petrol,Automatic,second,633460,Maruti Suzuki Baleno,kaggle_market,6.33
Hyundai,I20,2017,9,63000,Petrol,Manual,first,465500,Hyundai I20,kaggle_market,4.66
Audi,Q7,2014,12,103232,Diesel,Automatic,second,1638750,Audi Q7,kaggle_market,16.39
Maruti Suzuki,Swift,2007,19,165320,Diesel,Manual,second,223250,Maruti Suzuki Swift,kaggle_market,2.23
Ford,Endeavour,2019,7,160000,Diesel,Automatic,second,3040000,Ford Endeavour,kaggle_market,30.4
Maruti Suzuki,Swift,2018,8,60000,Petrol,Manual,second,498750,Maruti Suzuki Swift,kaggle_market,4.99
Volkswagen,Polo,2016,10,83000,Petrol,Automatic,first,641250,Volkswagen Polo,kaggle_market,6.41
Bmw,X1,2013,13,70000,Petrol,Automatic,second,593750,Bmw X1,kaggle_market,5.94
Mercedes-Benz,C-Class,2018,8,116000,Diesel,Automatic,second,2565000,Mercedes-Benz C-Class,kaggle_market,25.65
Mercedes-Benz,Gle Coupe,2020,6,54000,Petrol,Automatic,second,5130000,Mercedes-Benz Gle Coupe,kaggle_market,51.3
Mahindra,Bolero,2012,14,142000,Diesel,Manual,second,541500,Mahindra Bolero,kaggle_market,5.42
Maruti Suzuki,Wagon-R,2004,22,59000,Petrol,Manual,second,161499,Maruti Suzuki Wagon-R,kaggle_market,1.61
Maruti Suzuki,Swift-Dzire,2016,10,92000,Diesel,Automatic,second,569999,Maruti Suzuki Swift-Dzire,kaggle_market,5.7
Hyundai,I10,2010,16,60000,Petrol,Manual,second,104500,Hyundai I10,kaggle_market,1.04
Audi,Q3,2014,12,85000,Diesel,Automatic,first,1567500,Audi Q3,kaggle_market,15.68
Hyundai,Creta,2019,7,50000,Petrol,Automatic,first,1091550,Hyundai Creta,kaggle_market,10.92
Ford,Ecosport,2017,9,65045,Petrol,Manual,first,424650,Ford Ecosport,kaggle_market,4.25
Audi,A4,2013,13,75000,Diesel,Automatic,second,854999,Audi A4,kaggle_market,8.55
Volkswagen,Polo,2019,7,40000,Petrol,Automatic,second,950000,Volkswagen Polo,kaggle_market,9.5
Volkswagen,Polo,2012,14,89000,Diesel,Manual,second,280250,Volkswagen Polo,kaggle_market,2.8
Maruti Suzuki,Sx4,2010,16,84000,Petrol,Manual,second,152000,Maruti Suzuki Sx4,kaggle_market,1.52
Hyundai,Elite I20,2018,8,47000,Petrol,Automatic,second,560500,Hyundai Elite I20,kaggle_market,5.6
Kia,Carnival,2021,5,65000,Diesel,Automatic,first,2826250,Kia Carnival,kaggle_market,28.26
Toyota,Innova Hycross,2023,3,69000,Petrol,Automatic,first,3220500,Toyota Innova Hycross,kaggle_market,32.2
Volkswagen,Polo,2017,9,49083,Petrol,Automatic,first,650750,Volkswagen Polo,kaggle_market,6.51
Tata,Nano,2013,13,75100,Petrol,Manual,second,57000,Tata Nano,kaggle_market,0.57
Skoda,Fabia,2011,15,65000,Petrol,Manual,second,213750,Skoda Fabia,kaggle_market,2.14
Skoda,Superb,2018,8,59000,Diesel,Automatic,first,1805000,Skoda Superb,kaggle_market,18.05
Chevrolet,Sail U-Va,2009,17,65000,Petrol,Manual,second,185250,Chevrolet Sail U-Va,kaggle_market,1.85
Hyundai,Verna,2011,15,195000,Diesel,Manual,second,213750,Hyundai Verna,kaggle_market,2.14
Maruti Suzuki,Wagon-R,2015,11,77000,Petrol,Automatic,second,365750,Maruti Suzuki Wagon-R,kaggle_market,3.66
Hyundai,Eon,2014,12,72000,Petrol,Manual,first,166250,Hyundai Eon,kaggle_market,1.66
Honda,Amaze,2022,4,27000,Petrol,Manual,first,593750,Honda Amaze,kaggle_market,5.94
Maruti Suzuki,Celerio,2019,7,61000,Petrol,Automatic,first,517750,Maruti Suzuki Celerio,kaggle_market,5.18
Audi,A8,2011,15,77665,Diesel,Automatic,first,1140000,Audi A8,kaggle_market,11.4
Mercedes-Benz,C-Class,2017,9,61000,Diesel,Automatic,second,2137500,Mercedes-Benz C-Class,kaggle_market,21.38
Mahindra,Tuv,2016,10,70000,Diesel,Manual,second,361000,Mahindra Tuv,kaggle_market,3.61
Hyundai,Eon,2015,11,60000,Petrol,Manual,second,213750,Hyundai Eon,kaggle_market,2.14
Kia,Seltos,2022,4,25000,Diesel,Manual,second,1330000,Kia Seltos,kaggle_market,13.3
Chevrolet,Beat,2017,9,44500,Petrol,Manual,first,375250,Chevrolet Beat,kaggle_market,3.75
Toyota,Etios Liva,2018,8,60000,Petrol,Manual,first,579500,Toyota Etios Liva,kaggle_market,5.8
Maruti Suzuki,Alto-800,2018,8,101915,Petrol,Manual,second,223250,Maruti Suzuki Alto-800,kaggle_market,2.23
Honda,Amaze,2019,7,46358,Petrol,Automatic,first,551000,Honda Amaze,kaggle_market,5.51
Ford,Endeavour,2017,9,89560,Diesel,Automatic,second,1828750,Ford Endeavour,kaggle_market,18.29
Tata,Tiago,2022,4,2000,Petrol,Automatic,first,584250,Tata Tiago,kaggle_market,5.84
Toyota,Innova,2010,16,125000,Diesel,Manual,first,474999,Toyota Innova,kaggle_market,4.75
Maruti Suzuki,Celerio,2022,4,21062,Petrol,Automatic,first,593750,Maruti Suzuki Celerio,kaggle_market,5.94
Mahindra,Xuv500,2018,8,82000,Diesel,Automatic,second,616550,Mahindra Xuv500,kaggle_market,6.17
Hyundai,Grand I10,2015,11,25000,Petrol,Automatic,first,403750,Hyundai Grand I10,kaggle_market,4.04
Toyota,Corolla Altis,2010,16,45000,Petrol,Manual,second,199500,Toyota Corolla Altis,kaggle_market,2.0
Ford,Ecosport,2015,11,36500,Petrol,Automatic,second,456000,Ford Ecosport,kaggle_market,4.56
Chevrolet,Cruze,2014,12,75000,Diesel,Manual,second,251750,Chevrolet Cruze,kaggle_market,2.52
Ford,Endeavour,2019,7,62000,Diesel,Automatic,first,2659050,Ford Endeavour,kaggle_market,26.59
Maruti Suzuki,Vitara-Brezza,2018,8,69000,Diesel,Automatic,first,802750,Maruti Suzuki Vitara-Brezza,kaggle_market,8.03
Hyundai,Verna,2019,7,78000,Diesel,Automatic,first,973750,Hyundai Verna,kaggle_market,9.74
Maruti Suzuki,Ciaz,2020,6,37000,Petrol,Automatic,first,640300,Maruti Suzuki Ciaz,kaggle_market,6.4
Honda,City,2015,11,90000,Petrol,Automatic,second,470250,Honda City,kaggle_market,4.7
Hyundai,Creta,2017,9,72000,Petrol,Manual,first,850250,Hyundai Creta,kaggle_market,8.5
Tata,Tigor,2019,7,53101,Petrol,Automatic,first,418000,Tata Tigor,kaggle_market,4.18
Toyota,Fortuner,2012,14,230000,Diesel,Automatic,first,1306250,Toyota Fortuner,kaggle_market,13.06
Maruti Suzuki,Swift-Dzire,2017,9,60000,Petrol,Automatic,second,522500,Maruti Suzuki Swift-Dzire,kaggle_market,5.22
Maruti Suzuki,Ciaz,2015,11,67000,Diesel,Manual,second,536750,Maruti Suzuki Ciaz,kaggle_market,5.37
Honda,Brio,2017,9,48000,Petrol,Manual,first,356250,Honda Brio,kaggle_market,3.56
Volkswagen,Ventotest,2016,10,118000,Diesel,Automatic,first,570000,Volkswagen Ventotest,kaggle_market,5.7
Skoda,Slavia,2023,3,18500,Petrol,Automatic,first,1140000,Skoda Slavia,kaggle_market,11.4
Mahindra,Xuv500,2015,11,93000,Diesel,Manual,second,755250,Mahindra Xuv500,kaggle_market,7.55
Mercedes-Benz,M-Class,2015,11,78000,Diesel,Automatic,second,1804050,Mercedes-Benz M-Class,kaggle_market,18.04
Toyota,Fortuner,2018,8,92000,Diesel,Automatic,first,2897500,Toyota Fortuner,kaggle_market,28.98
Bmw,X7,2021,5,65000,Petrol,Automatic,second,8455000,Bmw X7,kaggle_market,84.55
Hyundai,I10,2013,13,80091,Petrol,Manual,first,251750,Hyundai I10,kaggle_market,2.52
Hyundai,Creta,2023,3,21000,Petrol,Automatic,first,1610250,Hyundai Creta,kaggle_market,16.1
Bmw,X5,2016,10,72000,Diesel,Automatic,second,2517500,Bmw X5,kaggle_market,25.18
Maruti Suzuki,Alto,2010,16,96000,Petrol,Automatic,second,109250,Maruti Suzuki Alto,kaggle_market,1.09
Honda,City,2009,17,81500,Petrol,Manual,first,247000,Honda City,kaggle_market,2.47
Hyundai,Creta,2019,7,25000,Diesel,Manual,first,1187500,Hyundai Creta,kaggle_market,11.88
Maruti Suzuki,Swift Dzire,2016,10,60000,Petrol,Automatic,second,551000,Maruti Suzuki Swift Dzire,kaggle_market,5.51
Ford,Figo,2012,14,69000,Diesel,Manual,second,188100,Ford Figo,kaggle_market,1.88
Renault,Kwid,2021,5,4000,Petrol,Manual,first,379999,Renault Kwid,kaggle_market,3.8
Toyota,2.8 Legender 4X2,2019,7,82000,Diesel,Automatic,second,3800000,Toyota 2.8 Legender 4X2,kaggle_market,38.0
Mahindra,Logan,2008,18,77015,Petrol,Manual,second,114000,Mahindra Logan,kaggle_market,1.14
Mg,Hector Plus,2023,3,9000,Petrol,Automatic,first,2232500,Mg Hector Plus,kaggle_market,22.32
Audi,A6,2016,10,51000,Petrol,Automatic,second,2037750,Audi A6,kaggle_market,20.38
Maruti Suzuki,Swift,2014,12,74000,Petrol,Manual,second,394250,Maruti Suzuki Swift,kaggle_market,3.94
Ford,Ecosport,2016,10,76000,Diesel,Manual,second,432250,Ford Ecosport,kaggle_market,4.32
Honda,Crv,2014,12,99000,Petrol,Automatic,second,617500,Honda Crv,kaggle_market,6.18
Honda,Brio,2015,11,52000,Petrol,Manual,first,403750,Honda Brio,kaggle_market,4.04
Maruti Suzuki,Wagon-R,2021,5,41069,Petrol,Manual,first,503500,Maruti Suzuki Wagon-R,kaggle_market,5.04
Bmw,X3,2016,10,48000,Diesel,Automatic,second,1947500,Bmw X3,kaggle_market,19.48
Maruti Suzuki,Sx4,2007,19,89000,Petrol,Manual,second,137750,Maruti Suzuki Sx4,kaggle_market,1.38
Mercedes-Benz,B Class,2014,12,38000,Petrol,Automatic,second,1035500,Mercedes-Benz B Class,kaggle_market,10.36
Tata,Nexon,2021,5,69250,Diesel,Automatic,first,874000,Tata Nexon,kaggle_market,8.74
Toyota,Etios,2014,12,220000,Diesel,Manual,second,456000,Toyota Etios,kaggle_market,4.56
Hyundai,Verna,2014,12,78980,Diesel,Manual,second,522500,Hyundai Verna,kaggle_market,5.22
Toyota,Camry,2014,12,90800,Petrol,Automatic,second,949999,Toyota Camry,kaggle_market,9.5
Hyundai,Eon,2012,14,59715,Petrol,Manual,second,180500,Hyundai Eon,kaggle_market,1.8
Maruti Suzuki,Swift-Dzire,2017,9,130588,Diesel,Manual,second,408500,Maruti Suzuki Swift-Dzire,kaggle_market,4.08
Maruti Suzuki,S-Presso,2022,4,14000,Petrol,Manual,first,446500,Maruti Suzuki S-Presso,kaggle_market,4.46
Honda,City,2014,12,69000,Petrol,Automatic,second,394250,Honda City,kaggle_market,3.94
Bmw,3 Series,2013,13,85000,Diesel,Automatic,second,1111500,Bmw 3 Series,kaggle_market,11.12
Toyota,Camry,2018,8,70000,Petrol,Automatic,first,2080500,Toyota Camry,kaggle_market,20.8
Maruti Suzuki,Wagon-R,2014,12,108000,Petrol,Manual,second,175750,Maruti Suzuki Wagon-R,kaggle_market,1.76
Jeep,Wrangler,2021,5,44000,Petrol,Automatic,first,5605000,Jeep Wrangler,kaggle_market,56.05
Honda,Jazz,2018,8,84000,Petrol,Automatic,first,617500,Honda Jazz,kaggle_market,6.18
Toyota,Vellfire,2023,3,13000,Petrol,Automatic,first,9975000,Toyota Vellfire,kaggle_market,99.75
Bmw,Z4,2020,6,10000,Petrol,Automatic,first,8170000,Bmw Z4,kaggle_market,81.7
Honda,Brv,2018,8,85000,Diesel,Manual,first,494000,Honda Brv,kaggle_market,4.94
Audi,Q3,2015,11,77000,Diesel,Automatic,second,1139050,Audi Q3,kaggle_market,11.39
Honda,Accord,2003,23,120000,Petrol,Automatic,second,175750,Honda Accord,kaggle_market,1.76
Mahindra,Marazzo,2019,7,57500,Diesel,Manual,second,897750,Mahindra Marazzo,kaggle_market,8.98
Hyundai,Accent Hatchback,2005,21,86500,Petrol,Automatic,second,128250,Hyundai Accent Hatchback,kaggle_market,1.28
Mercedes-Benz,S-Class,2015,11,128000,Diesel,Automatic,second,2560250,Mercedes-Benz S-Class,kaggle_market,25.6
Bmw,3 Series,2022,4,17000,Petrol,Automatic,second,3895000,Bmw 3 Series,kaggle_market,38.95
Honda,City,2010,16,29000,Petrol,Automatic,second,332500,Honda City,kaggle_market,3.32
Hyundai,Exter,2023,3,19632,Petrol,Automatic,first,845500,Hyundai Exter,kaggle_market,8.46
Renault,Kiger,2021,5,37700,Petrol,Automatic,second,869250,Renault Kiger,kaggle_market,8.69
Hyundai,Santro Xing,2008,18,81000,Petrol,Manual,second,142500,Hyundai Santro Xing,kaggle_market,1.42
Honda,City,2018,8,65000,Petrol,Manual,first,631750,Honda City,kaggle_market,6.32
Bmw,X1,2017,9,51500,Diesel,Automatic,second,1519050,Bmw X1,kaggle_market,15.19
Maruti Suzuki,Ritz,2012,14,104000,Diesel,Manual,second,285000,Maruti Suzuki Ritz,kaggle_market,2.85
Datsun,Go Plus,2016,10,14000,Petrol,Manual,first,223250,Datsun Go Plus,kaggle_market,2.23
Audi,A6,2016,10,100000,Diesel,Automatic,second,2370250,Audi A6,kaggle_market,23.7
Hyundai,Creta,2016,10,54121,Petrol,Manual,first,569050,Hyundai Creta,kaggle_market,5.69
Volkswagen,Ameo,2016,10,81000,Petrol,Manual,first,498750,Volkswagen Ameo,kaggle_market,4.99
Maruti Suzuki,Wagon-R-1-0,2012,14,78000,Petrol,Manual,second,228000,Maruti Suzuki Wagon-R-1-0,kaggle_market,2.28
Hyundai,Creta,2018,8,30000,Petrol,Manual,first,664050,Hyundai Creta,kaggle_market,6.64
Maruti Suzuki,Celerio,2017,9,58000,Petrol,Automatic,first,422750,Maruti Suzuki Celerio,kaggle_market,4.23
Tata,Nexon,2024,2,140,Petrol,Automatic,first,1121000,Tata Nexon,kaggle_market,11.21
Maruti Suzuki,Wagon-R,2018,8,7514,Petrol,Automatic,first,403750,Maruti Suzuki Wagon-R,kaggle_market,4.04
Maruti Suzuki,Wagon R,2016,10,54694,Petrol,Manual,second,332500,Maruti Suzuki Wagon R,kaggle_market,3.32
Ford,Figo,2013,13,75000,Petrol,Manual,second,209000,Ford Figo,kaggle_market,2.09
Mercedes-Benz,Gla,2014,12,84000,Diesel,Automatic,second,1662500,Mercedes-Benz Gla,kaggle_market,16.62
Hyundai,I10,2010,16,58000,Petrol,Automatic,second,255550,Hyundai I10,kaggle_market,2.56
Maruti Suzuki,Baleno,2016,10,74000,Petrol,Manual,first,446500,Maruti Suzuki Baleno,kaggle_market,4.46
Maruti Suzuki,Alto 800,2018,8,50000,Petrol,Manual,first,261250,Maruti Suzuki Alto 800,kaggle_market,2.61
Maruti Suzuki,Swift,2010,16,123865,Diesel,Manual,second,152000,Maruti Suzuki Swift,kaggle_market,1.52
Mitsubishi,Pajero,2017,9,82514,Diesel,Automatic,first,1353750,Mitsubishi Pajero,kaggle_market,13.54
Renault,Kwid,2018,8,48000,Petrol,Automatic,first,304000,Renault Kwid,kaggle_market,3.04
Toyota,Fortuner,2014,12,144500,Diesel,Automatic,second,1520000,Toyota Fortuner,kaggle_market,15.2
Maruti Suzuki,Sx4,2008,18,107000,Petrol,Manual,second,123500,Maruti Suzuki Sx4,kaggle_market,1.24
Hyundai,Creta,2017,9,25000,Petrol,Automatic,first,1068750,Hyundai Creta,kaggle_market,10.69
Honda,Wrv,2018,8,49000,Petrol,Manual,first,593750,Honda Wrv,kaggle_market,5.94
Hyundai,Alcazar,2022,4,56000,Diesel,Automatic,second,1515250,Hyundai Alcazar,kaggle_market,15.15
Toyota,Innova,2015,11,178000,Diesel,Manual,second,945250,Toyota Innova,kaggle_market,9.45
Mercedes-Benz,E-Class,2012,14,75000,Diesel,Automatic,second,551000,Mercedes-Benz E-Class,kaggle_market,5.51
Hyundai,Grand I10,2018,8,89000,Diesel,Manual,second,474050,Hyundai Grand I10,kaggle_market,4.74
Hyundai,Eon,2012,14,81200,Petrol,Manual,second,166250,Hyundai Eon,kaggle_market,1.66
Maruti Suzuki,Vitara-Brezza,2020,6,34000,Petrol,Manual,second,855000,Maruti Suzuki Vitara-Brezza,kaggle_market,8.55
Honda,City,2014,12,106000,Diesel,Manual,second,389500,Honda City,kaggle_market,3.9
Renault,Duster,2014,12,77000,Diesel,Manual,second,403750,Renault Duster,kaggle_market,4.04
Honda,Crv,2020,6,14000,Petrol,Automatic,second,1800250,Honda Crv,kaggle_market,18.0
Mercedes-Benz,C-Class,2017,9,79000,Diesel,Automatic,second,1947499,Mercedes-Benz C-Class,kaggle_market,19.47
Mercedes-Benz,Gl-Class,2016,10,93000,Diesel,Automatic,second,2802500,Mercedes-Benz Gl-Class,kaggle_market,28.02
Renault,Kwid,2016,10,45000,Petrol,Manual,second,280250,Renault Kwid,kaggle_market,2.8
Skoda,Superb,2012,14,74000,Diesel,Automatic,second,370500,Skoda Superb,kaggle_market,3.7
Hyundai,Santa Fe,2016,10,50000,Diesel,Automatic,first,807500,Hyundai Santa Fe,kaggle_market,8.07
Hyundai,I20,2020,6,25000,Petrol,Automatic,second,569050,Hyundai I20,kaggle_market,5.69
Bmw,X1,2012,14,72000,Petrol,Automatic,second,460750,Bmw X1,kaggle_market,4.61
Renault,Kwid,2015,11,76000,Petrol,Manual,second,247000,Renault Kwid,kaggle_market,2.47
Maruti Suzuki,Ignis,2017,9,46000,Petrol,Automatic,first,494000,Maruti Suzuki Ignis,kaggle_market,4.94
Volkswagen,Ventotest,2011,15,110000,Diesel,Manual,second,313500,Volkswagen Ventotest,kaggle_market,3.14
Toyota,Etios Liva,2016,10,215840,Diesel,Manual,second,498750,Toyota Etios Liva,kaggle_market,4.99
Mercedes-Benz,S-Class,2017,9,72045,Diesel,Automatic,first,2754050,Mercedes-Benz S-Class,kaggle_market,27.54
Maruti Suzuki,Versa,2004,22,140000,Petrol,Manual,second,175750,Maruti Suzuki Versa,kaggle_market,1.76
Mercedes-Benz,C-Class,2014,12,58000,Petrol,Automatic,first,1187500,Mercedes-Benz C-Class,kaggle_market,11.88
Mahindra,Xuv500,2019,7,59000,Diesel,Automatic,second,1092500,Mahindra Xuv500,kaggle_market,10.92
Mercedes-Benz,C-Class,2010,16,77000,Petrol,Automatic,second,441750,Mercedes-Benz C-Class,kaggle_market,4.42
Toyota,Innova Crysta,2021,5,90000,Diesel,Manual,first,1893350,Toyota Innova Crysta,kaggle_market,18.93
Ford,Fiesta,2013,13,92000,Diesel,Manual,second,427500,Ford Fiesta,kaggle_market,4.28
Hyundai,I10,2011,15,38000,Petrol,Manual,first,175750,Hyundai I10,kaggle_market,1.76
Maruti Suzuki,Ertiga,2020,6,36232,Petrol,Automatic,first,878750,Maruti Suzuki Ertiga,kaggle_market,8.79
Skoda,Octavia,2016,10,116850,Diesel,Automatic,second,916750,Skoda Octavia,kaggle_market,9.17
Maruti Suzuki,Baleno,2018,8,45000,Petrol,Automatic,second,565250,Maruti Suzuki Baleno,kaggle_market,5.65
Maruti Suzuki,Swift-Dzire,2012,14,84000,Petrol,Manual,second,256500,Maruti Suzuki Swift-Dzire,kaggle_market,2.56
Bmw,5 Series,2021,5,25000,Diesel,Automatic,second,4275000,Bmw 5 Series,kaggle_market,42.75
Hyundai,Verna,2017,9,49500,Petrol,Manual,first,617500,Hyundai Verna,kaggle_market,6.18
Mahindra,Xuv500,2016,10,88232,Diesel,Automatic,second,759050,Mahindra Xuv500,kaggle_market,7.59
Tata,Tata-Punch,2022,4,14000,Petrol,Manual,first,726750,Tata Tata-Punch,kaggle_market,7.27
Maruti Suzuki,Alto-K10,2019,7,38000,Petrol,Automatic,second,399000,Maruti Suzuki Alto-K10,kaggle_market,3.99
Mg,Hector,2020,6,50365,Petrol,Automatic,second,1111405,Mg Hector,kaggle_market,11.11
Maruti Suzuki,Ciaz,2019,7,85000,Petrol,Manual,first,745750,Maruti Suzuki Ciaz,kaggle_market,7.46
Hyundai,Creta,2021,5,20000,Petrol,Manual,second,997500,Hyundai Creta,kaggle_market,9.98
Maruti Suzuki,Celerio,2014,12,130000,Petrol,Manual,second,261250,Maruti Suzuki Celerio,kaggle_market,2.61
Toyota,Innova Crysta,2017,9,89000,Diesel,Automatic,second,1686250,Toyota Innova Crysta,kaggle_market,16.86
Renault,Kwid,2016,10,78000,Petrol,Manual,second,185250,Renault Kwid,kaggle_market,1.85
Hyundai,I10,2009,17,63000,Petrol,Automatic,second,232750,Hyundai I10,kaggle_market,2.33
Volkswagen,Polo,2015,11,94000,Diesel,Manual,second,446500,Volkswagen Polo,kaggle_market,4.46
Maruti Suzuki,Zen-Estilo,2010,16,74000,Petrol,Manual,second,180500,Maruti Suzuki Zen-Estilo,kaggle_market,1.8
Maruti Suzuki,Ertiga,2017,9,105000,Diesel,Manual,second,722000,Maruti Suzuki Ertiga,kaggle_market,7.22
Hyundai,I10,2011,15,52000,Petrol,Automatic,first,147250,Hyundai I10,kaggle_market,1.47
Nissan,Terrano,2018,8,50000,Diesel,Automatic,first,897750,Nissan Terrano,kaggle_market,8.98
Bmw,5 Series,2018,8,36000,Petrol,Automatic,second,3325000,Bmw 5 Series,kaggle_market,33.25
Hyundai,I20 N Line,2021,5,12356,Petrol,Automatic,first,1116250,Hyundai I20 N Line,kaggle_market,11.16
Maruti Suzuki,Wagon-R,2013,13,94000,Petrol,Manual,second,213750,Maruti Suzuki Wagon-R,kaggle_market,2.14
Toyota,Fortuner,2021,5,55000,Diesel,Automatic,first,3800000,Toyota Fortuner,kaggle_market,38.0
Maruti Suzuki,Xl6,2022,4,25200,Petrol,Automatic,first,1162800,Maruti Suzuki Xl6,kaggle_market,11.63
Ford,Endeavour,2017,9,135000,Diesel,Automatic,first,1605500,Ford Endeavour,kaggle_market,16.06
Volkswagen,Ventotest,2011,15,48231,Petrol,Automatic,second,237500,Volkswagen Ventotest,kaggle_market,2.38
Maruti Suzuki,Wagon-R,2018,8,7503,Petrol,Automatic,first,403749,Maruti Suzuki Wagon-R,kaggle_market,4.04
Hyundai,Elite I20,2015,11,73000,Petrol,Manual,second,451250,Hyundai Elite I20,kaggle_market,4.51
Maruti Suzuki,800,2000,26,90000,Petrol,Manual,second,88350,Maruti Suzuki 800,kaggle_market,0.88
Mahindra,Bolero,2016,10,37180,Diesel,Manual,second,527777,Mahindra Bolero,kaggle_market,5.28
Mercedes-Benz,B Class,2014,12,143000,Diesel,Automatic,second,1045000,Mercedes-Benz B Class,kaggle_market,10.45
Hyundai,Alcazar,2019,7,35000,Diesel,Automatic,second,1662500,Hyundai Alcazar,kaggle_market,16.62
Honda,Crv,2017,9,113332,Petrol,Automatic,second,1377500,Honda Crv,kaggle_market,13.78
Skoda,Rapid,2012,14,69000,Diesel,Manual,second,266000,Skoda Rapid,kaggle_market,2.66
Maruti Suzuki,Alto-800,2022,4,34000,Petrol,Manual,first,380000,Maruti Suzuki Alto-800,kaggle_market,3.8
Jaguar,Xj,2017,9,40000,Petrol,Automatic,second,2849999,Jaguar Xj,kaggle_market,28.5
Toyota,Fortuner,2019,7,87695,Diesel,Automatic,first,3657500,Toyota Fortuner,kaggle_market,36.58
Ford,Figo,2016,10,110000,Diesel,Manual,second,274550,Ford Figo,kaggle_market,2.75
Tata,Indigo Cs,2006,20,75000,Diesel,Manual,first,71250,Tata Indigo Cs,kaggle_market,0.71
Toyota,2.8 Legender 4X2,2022,4,60000,Diesel,Automatic,first,3785750,Toyota 2.8 Legender 4X2,kaggle_market,37.86
Honda,Jazz,2018,8,25200,Petrol,Automatic,second,565250,Honda Jazz,kaggle_market,5.65
Hyundai,Creta,2021,5,66000,Petrol,Automatic,first,1315750,Hyundai Creta,kaggle_market,13.16
Nissan,Micra,2018,8,78000,Diesel,Manual,second,427500,Nissan Micra,kaggle_market,4.28
Volkswagen,Polo,2010,16,59000,Petrol,Manual,first,337250,Volkswagen Polo,kaggle_market,3.37
Honda,City,2009,17,102000,Petrol,Automatic,second,280250,Honda City,kaggle_market,2.8
Toyota,Innova,2015,11,125000,Diesel,Manual,second,997500,Toyota Innova,kaggle_market,9.98
Hyundai,Creta,2019,7,41000,Petrol,Automatic,first,831250,Hyundai Creta,kaggle_market,8.31
Tata,Harrier,2021,5,90000,Diesel,Automatic,second,1638750,Tata Harrier,kaggle_market,16.39
Audi,A4,2017,9,98000,Diesel,Automatic,first,1615000,Audi A4,kaggle_market,16.15
Hyundai,I10,2014,12,50000,Petrol,Manual,first,256500,Hyundai I10,kaggle_market,2.56
Maruti Suzuki,Grand Vitara,2023,3,200040,Petrol,Automatic,first,1425000,Maruti Suzuki Grand Vitara,kaggle_market,14.25
Nissan,Sunny,2013,13,120000,Diesel,Manual,second,304000,Nissan Sunny,kaggle_market,3.04
Maruti Suzuki,Alto,2010,16,83000,Petrol,Manual,second,140600,Maruti Suzuki Alto,kaggle_market,1.41
Ford,Figo,2012,14,107000,Diesel,Manual,second,123500,Ford Figo,kaggle_market,1.24
Hyundai,Grand I10 Nios,2020,6,47000,Petrol,Automatic,second,541500,Hyundai Grand I10 Nios,kaggle_market,5.42
Honda,Crv,2007,19,105000,Petrol,Automatic,second,289750,Honda Crv,kaggle_market,2.9
Toyota,Innova,2010,16,220000,Diesel,Manual,second,902500,Toyota Innova,kaggle_market,9.02
Mahindra,Xuv 300,2021,5,45000,Diesel,Automatic,first,855000,Mahindra Xuv 300,kaggle_market,8.55
Maruti Suzuki,Swift Dzire,2015,11,113000,Diesel,Manual,second,427500,Maruti Suzuki Swift Dzire,kaggle_market,4.28
Kia,Seltos,2022,4,70000,Diesel,Manual,first,1329999,Kia Seltos,kaggle_market,13.3
Maruti Suzuki,Wagon R,2012,14,89000,Petrol,Manual,second,232750,Maruti Suzuki Wagon R,kaggle_market,2.33
Renault,Triber,2019,7,38000,Petrol,Manual,first,498750,Renault Triber,kaggle_market,4.99
Mahindra,Bolero,2010,16,200000,Diesel,Automatic,second,171000,Mahindra Bolero,kaggle_market,1.71
Maruti Suzuki,Baleno,2016,10,105121,Petrol,Manual,first,536750,Maruti Suzuki Baleno,kaggle_market,5.37
Skoda,Laura,2009,17,100000,Diesel,Manual,second,284050,Skoda Laura,kaggle_market,2.84
Maruti Suzuki,Wagon-R,2015,11,48000,Petrol,Manual,first,333450,Maruti Suzuki Wagon-R,kaggle_market,3.33
Hyundai,Verna,2017,9,87000,Diesel,Automatic,second,565250,Hyundai Verna,kaggle_market,5.65
Toyota,Innova Crysta,2021,5,134000,Diesel,Automatic,first,1928500,Toyota Innova Crysta,kaggle_market,19.28
Volkswagen,Polo,2019,7,56474,Petrol,Manual,second,470250,Volkswagen Polo,kaggle_market,4.7
Honda,Jazz,2016,10,90000,Petrol,Automatic,second,379050,Honda Jazz,kaggle_market,3.79
Jeep,Compass,2018,8,36000,Petrol,Automatic,second,926250,Jeep Compass,kaggle_market,9.26
Tata,Nano Genx,2016,10,6000,Petrol,Automatic,first,247950,Tata Nano Genx,kaggle_market,2.48
Ford,Aspire,2019,7,15000,Petrol,Manual,second,460750,Ford Aspire,kaggle_market,4.61
Maruti Suzuki,Ciaz,2016,10,48000,Petrol,Manual,second,465500,Maruti Suzuki Ciaz,kaggle_market,4.66
Toyota,Innova Crysta,2019,7,70000,Diesel,Manual,first,1741350,Toyota Innova Crysta,kaggle_market,17.41
Bmw,3 Series,2018,8,75000,Petrol,Automatic,second,3325000,Bmw 3 Series,kaggle_market,33.25
Toyota,Fortuner,2022,4,14300,Diesel,Automatic,first,4227500,Toyota Fortuner,kaggle_market,42.28
Renault,Kwid,2018,8,36000,Petrol,Automatic,second,356250,Renault Kwid,kaggle_market,3.56
Maruti Suzuki,Wagon-R,2011,15,99000,Petrol,Manual,second,118750,Maruti Suzuki Wagon-R,kaggle_market,1.19
Maruti Suzuki,Alto-800,2019,7,52000,Petrol,Automatic,second,266000,Maruti Suzuki Alto-800,kaggle_market,2.66
Mercedes-Benz,E-Class,2022,4,38000,Diesel,Automatic,second,5985000,Mercedes-Benz E-Class,kaggle_market,59.85
Toyota,Fortuner,2020,6,56000,Diesel,Automatic,second,3301250,Toyota Fortuner,kaggle_market,33.01
Hyundai,Elite I20,2020,6,56249,Petrol,Manual,second,537700,Hyundai Elite I20,kaggle_market,5.38
Tata,Safari,2021,5,135241,Diesel,Automatic,first,1472500,Tata Safari,kaggle_market,14.72
Honda,City Zx,2017,9,80000,Petrol,Automatic,first,854050,Honda City Zx,kaggle_market,8.54
Volkswagen,Ameo,2018,8,48000,Petrol,Manual,first,426550,Volkswagen Ameo,kaggle_market,4.27
Maruti Suzuki,Celerio,2023,3,12000,Petrol,Automatic,second,665000,Maruti Suzuki Celerio,kaggle_market,6.65
Honda,Brio,2013,13,69000,Petrol,Manual,first,313500,Honda Brio,kaggle_market,3.14
Honda,Crv,2013,13,95000,Petrol,Automatic,second,593750,Honda Crv,kaggle_market,5.94
Mahindra,Thar,2021,5,2500,Diesel,Automatic,first,1520000,Mahindra Thar,kaggle_market,15.2
Skoda,Rapid,2018,8,64000,Petrol,Automatic,first,741000,Skoda Rapid,kaggle_market,7.41
Hyundai,Xcent,2015,11,72000,Petrol,Manual,second,284050,Hyundai Xcent,kaggle_market,2.84
Nissan,Terrano,2013,13,51000,Petrol,Manual,second,321100,Nissan Terrano,kaggle_market,3.21
Mg,Hector Plus,2022,4,14343,Petrol,Automatic,first,1700500,Mg Hector Plus,kaggle_market,17.0
Audi,A6,2015,11,103000,Diesel,Automatic,second,1401250,Audi A6,kaggle_market,14.01
Hyundai,Verna,2013,13,65000,Petrol,Manual,first,346750,Hyundai Verna,kaggle_market,3.47
Kia,Sonet,2021,5,52000,Diesel,Automatic,first,854050,Kia Sonet,kaggle_market,8.54
Ford,Figo,2014,12,75000,Diesel,Manual,second,304000,Ford Figo,kaggle_market,3.04
Bmw,X5,2015,11,40000,Diesel,Automatic,second,5035000,Bmw X5,kaggle_market,50.35
Renault,Kwid,2017,9,74800,Petrol,Automatic,second,318250,Renault Kwid,kaggle_market,3.18
Maruti Suzuki,Swift,2011,15,113000,Diesel,Manual,second,190000,Maruti Suzuki Swift,kaggle_market,1.9
Mercedes-Benz,Gla Class,2016,10,67500,Petrol,Automatic,second,1615000,Mercedes-Benz Gla Class,kaggle_market,16.15
Toyota,Fortuner,2020,6,45000,Diesel,Automatic,first,2992500,Toyota Fortuner,kaggle_market,29.92
Toyota,Innova Crysta,2020,6,37000,Diesel,Automatic,first,1700500,Toyota Innova Crysta,kaggle_market,17.0
Maruti Suzuki,Baleno,2017,9,81902,Petrol,Automatic,second,534850,Maruti Suzuki Baleno,kaggle_market,5.35
Skoda,Superb,2018,8,78000,Diesel,Automatic,second,1568450,Skoda Superb,kaggle_market,15.68
Hyundai,I20,2017,9,59097,Petrol,Manual,first,453150,Hyundai I20,kaggle_market,4.53
Toyota Land,Cruiser,2008,18,186740,Diesel,Automatic,second,5700000,Toyota Land Cruiser,kaggle_market,57.0
Tata,Tiago,2019,7,66760,Petrol,Automatic,first,546250,Tata Tiago,kaggle_market,5.46
Renault,Duster,2019,7,70000,Diesel,Automatic,second,852150,Renault Duster,kaggle_market,8.52
Volkswagen,Passat,2019,7,127000,Diesel,Automatic,second,1686250,Volkswagen Passat,kaggle_market,16.86
Mercedes-Benz,S-Class,2018,8,29000,Petrol,Automatic,first,7505000,Mercedes-Benz S-Class,kaggle_market,75.05
Volkswagen,Polo,2020,6,47000,Petrol,Automatic,second,1021250,Volkswagen Polo,kaggle_market,10.21
Skoda,Kushaq,2022,4,24000,Petrol,Automatic,first,1425000,Skoda Kushaq,kaggle_market,14.25
Hyundai,Creta,2017,9,54000,Petrol,Manual,second,569050,Hyundai Creta,kaggle_market,5.69
Maruti Suzuki,Ritz,2009,17,96000,Petrol,Manual,second,261250,Maruti Suzuki Ritz,kaggle_market,2.61
Honda,City,2016,10,44300,Petrol,Automatic,first,655500,Honda City,kaggle_market,6.56
Toyota,Camry,2014,12,142000,Petrol,Automatic,second,1496250,Toyota Camry,kaggle_market,14.96
Volkswagen,Ameo,2019,7,61000,Diesel,Automatic,first,664050,Volkswagen Ameo,kaggle_market,6.64
Hyundai,Tucson,2017,9,102000,Diesel,Automatic,first,1021250,Hyundai Tucson,kaggle_market,10.21
Volkswagen,T-Roc,2020,6,44000,Petrol,Automatic,second,1092499,Volkswagen T-Roc,kaggle_market,10.92
Volkswagen,Polo,2015,11,57000,Diesel,Manual,first,494000,Volkswagen Polo,kaggle_market,4.94
Ford,Ecosport,2016,10,33000,Petrol,Automatic,first,474050,Ford Ecosport,kaggle_market,4.74
Volkswagen,Virtus,2022,4,46969,Petrol,Automatic,first,1230250,Volkswagen Virtus,kaggle_market,12.3
Maruti Suzuki,Ritz,2012,14,88000,Diesel,Manual,second,351500,Maruti Suzuki Ritz,kaggle_market,3.52
Honda,Crv,2017,9,79000,Petrol,Automatic,first,1092500,Honda Crv,kaggle_market,10.92
Honda,City,2017,9,64000,Petrol,Automatic,second,636500,Honda City,kaggle_market,6.36
Mahindra,Scorpio Classic,2019,7,79000,Diesel,Manual,second,931000,Mahindra Scorpio Classic,kaggle_market,9.31
Tata,Tiago,2018,8,103000,Diesel,Manual,second,437000,Tata Tiago,kaggle_market,4.37
Kia,Carnival,2020,6,30000,Diesel,Automatic,first,2992500,Kia Carnival,kaggle_market,29.92
Mercedes-Benz,S-Class,2008,18,43000,Petrol,Automatic,second,641250,Mercedes-Benz S-Class,kaggle_market,6.41
Maruti Suzuki,Swift,2007,19,98000,Diesel,Manual,second,156750,Maruti Suzuki Swift,kaggle_market,1.57
Bmw,3 Series Gran Limousine,2017,9,54500,Petrol,Automatic,second,2042500,Bmw 3 Series Gran Limousine,kaggle_market,20.42
Volkswagen,Polo,2019,7,48000,Petrol,Automatic,second,579500,Volkswagen Polo,kaggle_market,5.8
Mahindra,Xuv500,2019,7,68000,Diesel,Manual,first,973750,Mahindra Xuv500,kaggle_market,9.74
Honda,Jazz,2016,10,47200,Petrol,Automatic,second,570000,Honda Jazz,kaggle_market,5.7
Renault,Kwid,2017,9,45000,Petrol,Manual,second,190000,Renault Kwid,kaggle_market,1.9
Kia,Sonet,2020,6,54309,Petrol,Automatic,first,922450,Kia Sonet,kaggle_market,9.22
Maruti Suzuki,Ertiga,2017,9,83300,Diesel,Manual,second,646000,Maruti Suzuki Ertiga,kaggle_market,6.46
Toyota,Innova Crysta,2019,7,55000,Diesel,Automatic,second,1353750,Toyota Innova Crysta,kaggle_market,13.54
Maruti Suzuki,Vitara-Brezza,2016,10,96000,Diesel,Manual,second,660250,Maruti Suzuki Vitara-Brezza,kaggle_market,6.6
Chevrolet,Beat,2010,16,42000,Petrol,Manual,second,104500,Chevrolet Beat,kaggle_market,1.04
Volkswagen,Vento,2018,8,156000,Diesel,Automatic,second,693500,Volkswagen Vento,kaggle_market,6.94
Bmw,5 Series,2014,12,60000,Diesel,Automatic,second,1567500,Bmw 5 Series,kaggle_market,15.68
Toyota,Innova Crysta,2021,5,55000,Diesel,Automatic,second,2778750,Toyota Innova Crysta,kaggle_market,27.79
Hyundai,Santro Xing,2007,19,119000,Petrol,Manual,second,94050,Hyundai Santro Xing,kaggle_market,0.94
Tata,Hexa,2017,9,54000,Diesel,Manual,second,665000,Tata Hexa,kaggle_market,6.65
Mahindra,Bolero,2018,8,102100,Diesel,Manual,first,674500,Mahindra Bolero,kaggle_market,6.74
Toyota,Innova,2011,15,175000,Diesel,Manual,second,427500,Toyota Innova,kaggle_market,4.28
Mercedes-Benz,M-Class,2013,13,123000,Diesel,Automatic,second,1567500,Mercedes-Benz M-Class,kaggle_market,15.68
Hyundai,Creta Facelift,2018,8,41000,Diesel,Automatic,first,814150,Hyundai Creta Facelift,kaggle_market,8.14
Datsun,Redigo,2018,8,63000,Petrol,Manual,first,213750,Datsun Redigo,kaggle_market,2.14
Bmw,5 Series,2009,17,70000,Diesel,Automatic,second,551000,Bmw 5 Series,kaggle_market,5.51
Honda,Accord,2003,23,140000,Petrol,Automatic,second,308750,Honda Accord,kaggle_market,3.09
Hyundai,Creta,2017,9,52000,Petrol,Automatic,second,831250,Hyundai Creta,kaggle_market,8.31
Hyundai,Venue,2019,7,36639,Petrol,Automatic,second,802750,Hyundai Venue,kaggle_market,8.03
Ford,Ecosport,2018,8,90231,Petrol,Automatic,second,617500,Ford Ecosport,kaggle_market,6.18
Volkswagen,Ventotest,2013,13,87615,Diesel,Manual,second,403750,Volkswagen Ventotest,kaggle_market,4.04
Nissan,X-Trail,2011,15,133000,Diesel,Automatic,second,356250,Nissan X-Trail,kaggle_market,3.56
Hyundai,Creta,2020,6,80000,Diesel,Automatic,first,1472500,Hyundai Creta,kaggle_market,14.72
Hyundai,Elantra,2018,8,52000,Petrol,Automatic,first,1211250,Hyundai Elantra,kaggle_market,12.11
Maruti Suzuki,Swift,2011,15,70000,Diesel,Manual,second,275500,Maruti Suzuki Swift,kaggle_market,2.76
Maruti Suzuki,Maruti-Suzuki-Dzire,2017,9,79062,Petrol,Automatic,second,522500,Maruti Suzuki Maruti-Suzuki-Dzire,kaggle_market,5.22
Hyundai,Grand I10,2016,10,47167,Petrol,Manual,first,446500,Hyundai Grand I10,kaggle_market,4.46
Tata,Tiago Nrg,2022,4,36000,Petrol,Automatic,first,560500,Tata Tiago Nrg,kaggle_market,5.6
Mercedes-Benz,C-Class,2014,12,78000,Diesel,Automatic,first,911999,Mercedes-Benz C-Class,kaggle_market,9.12
Audi,A6,2022,4,8000,Petrol,Automatic,first,5985000,Audi A6,kaggle_market,59.85
Kia,Seltos,2021,5,41000,Petrol,Automatic,first,1353750,Kia Seltos,kaggle_market,13.54
Toyota,Fortuner,2013,13,110000,Diesel,Automatic,second,1035500,Toyota Fortuner,kaggle_market,10.36
Toyota,Innova Crysta,2017,9,183000,Diesel,Automatic,second,1757500,Toyota Innova Crysta,kaggle_market,17.58
Maruti Suzuki,Wagon-R,2019,7,72000,Petrol,Manual,first,470250,Maruti Suzuki Wagon-R,kaggle_market,4.7
Skoda,Rapid,2017,9,123000,Diesel,Automatic,first,617500,Skoda Rapid,kaggle_market,6.18
Tata,Tigor,2017,9,79000,Petrol,Manual,first,437000,Tata Tigor,kaggle_market,4.37
Toyota,Innova,2015,11,123580,Diesel,Manual,second,807500,Toyota Innova,kaggle_market,8.07
Ford,Ecosport,2018,8,79000,Petrol,Automatic,first,726750,Ford Ecosport,kaggle_market,7.27
Ford,Endeavour,2018,8,120000,Diesel,Automatic,second,2375000,Ford Endeavour,kaggle_market,23.75
Jeep,Compass,2019,7,97500,Petrol,Automatic,first,1387000,Jeep Compass,kaggle_market,13.87
Citroen,C5 Aircross,2021,5,54384,Diesel,Automatic,first,1947500,Citroen C5 Aircross,kaggle_market,19.48
Maruti Suzuki,Baleno,2021,5,75000,Petrol,Manual,first,684000,Maruti Suzuki Baleno,kaggle_market,6.84
Honda,City,2018,8,80000,Diesel,Manual,second,783750,Honda City,kaggle_market,7.84
Honda,Cr-V,2016,10,100000,Petrol,Automatic,first,902500,Honda Cr-V,kaggle_market,9.02
Mercedes-Benz,E-Class,2008,18,140000,Petrol,Automatic,second,460750,Mercedes-Benz E-Class,kaggle_market,4.61
Tata,Nexon,2022,4,15147,Diesel,Manual,first,1030750,Tata Nexon,kaggle_market,10.31
Hyundai,I10,2015,11,54000,Petrol,Manual,second,238450,Hyundai I10,kaggle_market,2.38
Maruti Suzuki,Wagon-R,2018,8,58241,Petrol,Manual,first,427500,Maruti Suzuki Wagon-R,kaggle_market,4.28
Volkswagen,Polo,2017,9,150000,Petrol,Automatic,second,536750,Volkswagen Polo,kaggle_market,5.37
Maruti Suzuki,Baleno,2017,9,49709,Petrol,Automatic,second,579501,Maruti Suzuki Baleno,kaggle_market,5.8
Skoda,Kushaq,2023,3,15000,Petrol,Automatic,first,1505750,Skoda Kushaq,kaggle_market,15.06
Jeep,Compass,2020,6,20000,Petrol,Manual,first,1258750,Jeep Compass,kaggle_market,12.59
Mercedes-Benz,C-Class,2019,7,28000,Petrol,Automatic,second,3040000,Mercedes-Benz C-Class,kaggle_market,30.4
Renault,Kwid,2018,8,52255,Petrol,Automatic,second,227050,Renault Kwid,kaggle_market,2.27
Toyota,Camry,2016,10,104000,Petrol,Automatic,second,1306250,Toyota Camry,kaggle_market,13.06
Honda,City,2017,9,27000,Petrol,Automatic,first,760000,Honda City,kaggle_market,7.6
Maruti Suzuki,Ignis,2024,2,1800,Petrol,Manual,first,579500,Maruti Suzuki Ignis,kaggle_market,5.8
Honda,Amaze,2013,13,96000,Diesel,Automatic,second,256500,Honda Amaze,kaggle_market,2.56
Mahindra,Thar,2016,10,82500,Diesel,Manual,second,551000,Mahindra Thar,kaggle_market,5.51
Hyundai,Grand I10,2015,11,65000,Petrol,Manual,first,331550,Hyundai Grand I10,kaggle_market,3.32
Renault,Kwid,2022,4,17500,Petrol,Automatic,first,346750,Renault Kwid,kaggle_market,3.47
Skoda,Rapid,2017,9,48000,Petrol,Automatic,first,660250,Skoda Rapid,kaggle_market,6.6
Hyundai,I20,2010,16,87000,Petrol,Manual,second,237500,Hyundai I20,kaggle_market,2.38
Maruti Suzuki,Ciaz,2018,8,36000,Petrol,Manual,second,660250,Maruti Suzuki Ciaz,kaggle_market,6.6
Maruti Suzuki,Swift,2021,5,41000,Petrol,Automatic,second,532000,Maruti Suzuki Swift,kaggle_market,5.32
Toyota,Ventury,2008,18,23000,Petrol,Automatic,first,1852500,Toyota Ventury,kaggle_market,18.52
Mercedes-Benz,S-Class,2008,18,84000,Diesel,Automatic,second,755250,Mercedes-Benz S-Class,kaggle_market,7.55
Toyota,Innova Crysta,2017,9,225000,Diesel,Automatic,second,1135250,Toyota Innova Crysta,kaggle_market,11.35
Audi,Q3,2018,8,45000,Diesel,Automatic,second,2470000,Audi Q3,kaggle_market,24.7
Hyundai,Elite I20,2019,7,21710,Petrol,Manual,first,759999,Hyundai Elite I20,kaggle_market,7.6
Maruti Suzuki,Swift,2018,8,80000,Petrol,Automatic,second,565250,Maruti Suzuki Swift,kaggle_market,5.65
Toyota,Fortuner,2015,11,105000,Diesel,Automatic,first,1743250,Toyota Fortuner,kaggle_market,17.43
Honda,Amaze,2018,8,75000,Diesel,Automatic,second,807500,Honda Amaze,kaggle_market,8.07
Honda,Brv,2019,7,77285,Petrol,Automatic,second,790400,Honda Brv,kaggle_market,7.9
Hyundai,Verna,2015,11,122000,Petrol,Manual,second,498750,Hyundai Verna,kaggle_market,4.99
Honda,Amaze,2019,7,19000,Petrol,Automatic,second,688750,Honda Amaze,kaggle_market,6.89
Maruti Suzuki,Swift-Dzire,2013,13,140000,Diesel,Manual,second,437000,Maruti Suzuki Swift-Dzire,kaggle_market,4.37
Volkswagen,Ameo,2019,7,92000,Diesel,Automatic,second,593750,Volkswagen Ameo,kaggle_market,5.94
Fiat,Grande Punto,2015,11,66000,Petrol,Manual,second,251750,Fiat Grande Punto,kaggle_market,2.52
Mercedes-Benz,C-Class,2012,14,75001,Diesel,Automatic,second,802751,Mercedes-Benz C-Class,kaggle_market,8.03
Honda,City,2021,5,7500,Petrol,Manual,second,935750,Honda City,kaggle_market,9.36
Maruti Suzuki,Swift-Dzire,2017,9,128876,Diesel,Automatic,second,688750,Maruti Suzuki Swift-Dzire,kaggle_market,6.89
Audi,A4,2015,11,72000,Diesel,Automatic,first,1415500,Audi A4,kaggle_market,14.16
Mahindra,Scorpio,2013,13,96000,Diesel,Manual,second,460750,Mahindra Scorpio,kaggle_market,4.61
Ford,Ecosport,2015,11,57000,Petrol,Automatic,second,498750,Ford Ecosport,kaggle_market,4.99
Tata,Tiago,2016,10,84648,Petrol,Manual,first,285000,Tata Tiago,kaggle_market,2.85
Skoda,Rapid,2015,11,140000,Diesel,Manual,second,379050,Skoda Rapid,kaggle_market,3.79
Maruti Suzuki,Celerio,2016,10,13508,Petrol,Automatic,second,318250,Maruti Suzuki Celerio,kaggle_market,3.18
Toyota,Etios,2012,14,92000,Diesel,Manual,second,237500,Toyota Etios,kaggle_market,2.38
Toyota,Corolla Altis,2014,12,100000,Diesel,Manual,second,807500,Toyota Corolla Altis,kaggle_market,8.07
Honda,City,2017,9,74000,Diesel,Manual,second,593750,Honda City,kaggle_market,5.94
Toyota,Corolla Altis,2015,11,57000,Petrol,Manual,first,712500,Toyota Corolla Altis,kaggle_market,7.12
Maruti Suzuki,Xl6,2020,6,44000,Petrol,Automatic,first,973750,Maruti Suzuki Xl6,kaggle_market,9.74
Volvo,Xc60,2023,3,22000,Petrol,Automatic,first,6626250,Volvo Xc60,kaggle_market,66.26
Maruti Suzuki,Wagon-R,2011,15,82000,Petrol,Manual,first,213750,Maruti Suzuki Wagon-R,kaggle_market,2.14
Hyundai,Xcent,2020,6,43123,Petrol,Automatic,first,532000,Hyundai Xcent,kaggle_market,5.32
Honda,Jazz,2010,16,85000,Petrol,Manual,second,118750,Honda Jazz,kaggle_market,1.19
Audi,A3,2015,11,88000,Diesel,Automatic,first,1377500,Audi A3,kaggle_market,13.78
Honda,City,2017,9,42000,Petrol,Automatic,second,712500,Honda City,kaggle_market,7.12
Renault,Kiger,2021,5,63000,Petrol,Manual,first,641250,Renault Kiger,kaggle_market,6.41
Audi,A3,2016,10,75000,Diesel,Automatic,second,926250,Audi A3,kaggle_market,9.26
Hyundai,Verna,2012,14,131000,Diesel,Automatic,first,332500,Hyundai Verna,kaggle_market,3.32
Mercedes-Benz,S-Class,2013,13,22000,Petrol,Automatic,second,1709050,Mercedes-Benz S-Class,kaggle_market,17.09
Skoda,Octavia,2016,10,89000,Diesel,Automatic,second,950000,Skoda Octavia,kaggle_market,9.5
Mahindra,Scorpio,2013,13,135000,Diesel,Automatic,second,403750,Mahindra Scorpio,kaggle_market,4.04
Bmw,3 Series Gt,2019,7,66000,Diesel,Automatic,first,3130250,Bmw 3 Series Gt,kaggle_market,31.3
Maruti Suzuki,Brezza,2020,6,32000,Petrol,Automatic,second,907250,Maruti Suzuki Brezza,kaggle_market,9.07
Maruti Suzuki,Maruti-Suzuki-Dzire,2017,9,62000,Petrol,Automatic,first,498750,Maruti Suzuki Maruti-Suzuki-Dzire,kaggle_market,4.99
Maruti Suzuki,Alto-800,2016,10,62110,Petrol,Manual,second,266000,Maruti Suzuki Alto-800,kaggle_market,2.66
Audi,Q3,2013,13,102000,Diesel,Automatic,second,992750,Audi Q3,kaggle_market,9.93
Ford,Endeavour,2020,6,89000,Diesel,Automatic,first,3030500,Ford Endeavour,kaggle_market,30.3
Toyota,Innova,2015,11,89000,Diesel,Manual,second,1425000,Toyota Innova,kaggle_market,14.25
Volkswagen,Ventotest,2019,7,58082,Petrol,Automatic,first,683050,Volkswagen Ventotest,kaggle_market,6.83
Maruti Suzuki,Swift-Dzire,2013,13,223000,Diesel,Manual,second,375250,Maruti Suzuki Swift-Dzire,kaggle_market,3.75
Tata,Tiago,2017,9,120000,Diesel,Manual,second,394250,Tata Tiago,kaggle_market,3.94
Maruti Suzuki,Swift,2019,7,48000,Petrol,Automatic,second,522500,Maruti Suzuki Swift,kaggle_market,5.22
Toyota,Camry,2021,5,50000,Petrol,Automatic,second,3134050,Toyota Camry,kaggle_market,31.34
Hyundai,Creta,2018,8,87000,Diesel,Manual,second,1021250,Hyundai Creta,kaggle_market,10.21
Hyundai,Eon,2013,13,70922,Petrol,Manual,second,166250,Hyundai Eon,kaggle_market,1.66
Audi,Q3,2014,12,79000,Diesel,Automatic,second,759050,Audi Q3,kaggle_market,7.59
Mahindra,Thar,2023,3,12000,Petrol,Manual,second,1306250,Mahindra Thar,kaggle_market,13.06
Maruti Suzuki,Wagon-R,2019,7,70000,Petrol,Manual,first,470250,Maruti Suzuki Wagon-R,kaggle_market,4.7
Maruti Suzuki,Baleno,2016,10,55000,Petrol,Automatic,first,498750,Maruti Suzuki Baleno,kaggle_market,4.99
Audi,A4,2015,11,75000,Diesel,Automatic,second,902500,Audi A4,kaggle_market,9.02
Maruti Suzuki,Sx4,2011,15,200900,Petrol,Manual,first,175750,Maruti Suzuki Sx4,kaggle_market,1.76
Tata,Tata-Punch,2021,5,42000,Petrol,Automatic,first,712500,Tata Tata-Punch,kaggle_market,7.12
Maruti Suzuki,Swift-Dzire,2018,8,54121,Petrol,Manual,first,474050,Maruti Suzuki Swift-Dzire,kaggle_market,4.74
Honda,City,2010,16,59000,Petrol,Automatic,second,261250,Honda City,kaggle_market,2.61
Mercedes-Benz,C-Class,2014,12,110000,Diesel,Automatic,first,945250,Mercedes-Benz C-Class,kaggle_market,9.45
Chevrolet,Optra,2010,16,120500,Diesel,Manual,second,235600,Chevrolet Optra,kaggle_market,2.36
Volkswagen,Ameo,2017,9,150000,Diesel,Automatic,first,527250,Volkswagen Ameo,kaggle_market,5.27
Honda,City,2014,12,80123,Petrol,Automatic,first,555750,Honda City,kaggle_market,5.56
Skoda,Octavia,2020,6,30000,Petrol,Automatic,second,3705000,Skoda Octavia,kaggle_market,37.05
Maruti Suzuki,Swift,2018,8,38000,Petrol,Automatic,second,522500,Maruti Suzuki Swift,kaggle_market,5.22
Tata,Hexa,2017,9,22000,Diesel,Manual,second,1401250,Tata Hexa,kaggle_market,14.01
Audi,A6,2014,12,71000,Diesel,Automatic,second,1121000,Audi A6,kaggle_market,11.21
Toyota,Innova Crysta,2020,6,50000,Diesel,Manual,second,1757500,Toyota Innova Crysta,kaggle_market,17.58
Maruti Suzuki,Wagon-R,2019,7,62000,Petrol,Manual,first,460750,Maruti Suzuki Wagon-R,kaggle_market,4.61
Skoda,Yeti,2012,14,45500,Diesel,Manual,second,422750,Skoda Yeti,kaggle_market,4.23
Hyundai,I10,2009,17,95000,Petrol,Automatic,second,190000,Hyundai I10,kaggle_market,1.9
Toyota,Yaris,2018,8,125000,Petrol,Automatic,second,854999,Toyota Yaris,kaggle_market,8.55
Mercedes-Benz,E-Class,2018,8,60000,Diesel,Automatic,second,3562500,Mercedes-Benz E-Class,kaggle_market,35.62
Tata,Tiago,2019,7,32000,Petrol,Automatic,first,560501,Tata Tiago,kaggle_market,5.61
Jeep,Compass,2019,7,48000,Diesel,Manual,second,1140000,Jeep Compass,kaggle_market,11.4
Hyundai,I20,2023,3,26000,Petrol,Manual,first,807500,Hyundai I20,kaggle_market,8.07
Honda,Accord,2006,20,110000,Petrol,Automatic,second,190000,Honda Accord,kaggle_market,1.9
Toyota,Innova Crysta,2016,10,175000,Diesel,Automatic,first,1325250,Toyota Innova Crysta,kaggle_market,13.25
Maruti Suzuki,Eeco,2014,12,140000,Petrol,Manual,second,331550,Maruti Suzuki Eeco,kaggle_market,3.32
Tata,Indigo Cs,2010,16,58000,Petrol,Manual,second,188100,Tata Indigo Cs,kaggle_market,1.88
Maruti Suzuki,Swift-Dzire-Tour,2017,9,210000,Diesel,Manual,second,332500,Maruti Suzuki Swift-Dzire-Tour,kaggle_market,3.32
Toyota,Innova Crysta,2021,5,62080,Diesel,Manual,second,2612500,Toyota Innova Crysta,kaggle_market,26.12
Toyota,Fortuner,2021,5,30000,Diesel,Automatic,first,4132500,Toyota Fortuner,kaggle_market,41.32
Bmw,X4,2020,6,49000,Diesel,Automatic,first,3751550,Bmw X4,kaggle_market,37.52
Maruti Suzuki,Vitara-Brezza,2018,8,72000,Diesel,Automatic,first,755250,Maruti Suzuki Vitara-Brezza,kaggle_market,7.55
Hyundai,Venue,2023,3,4500,Petrol,Manual,first,926250,Hyundai Venue,kaggle_market,9.26
Maruti Suzuki,Wagon-R,2014,12,50000,Petrol,Manual,first,223250,Maruti Suzuki Wagon-R,kaggle_market,2.23
Mercedes-Benz,E-Class,2014,12,80000,Diesel,Automatic,second,926250,Mercedes-Benz E-Class,kaggle_market,9.26
Maruti Suzuki,Swift-Dzire,2017,9,115000,Diesel,Automatic,second,522500,Maruti Suzuki Swift-Dzire,kaggle_market,5.22
Maruti Suzuki,Celerio,2016,10,46263,Petrol,Automatic,second,357199,Maruti Suzuki Celerio,kaggle_market,3.57
Hyundai,Fluidic Verna,2011,15,82467,Petrol,Automatic,second,266950,Hyundai Fluidic Verna,kaggle_market,2.67
Honda,City,2018,8,28000,Petrol,Automatic,second,869250,Honda City,kaggle_market,8.69
Volkswagen,Ventotest,2018,8,96200,Diesel,Manual,second,655500,Volkswagen Ventotest,kaggle_market,6.56
Mahindra,Bolero,2014,12,150000,Diesel,Manual,second,427500,Mahindra Bolero,kaggle_market,4.28
Hyundai,Grand I10,2014,12,69000,Petrol,Automatic,first,399950,Hyundai Grand I10,kaggle_market,4.0
Mahindra,Xuv 300,2020,6,40000,Petrol,Manual,first,760000,Mahindra Xuv 300,kaggle_market,7.6
Hyundai,I20,2018,8,38225,Petrol,Manual,second,593750,Hyundai I20,kaggle_market,5.94
Hyundai,Creta,2016,10,56000,Petrol,Automatic,second,688750,Hyundai Creta,kaggle_market,6.89
Jeep,Compass,2018,8,14800,Petrol,Automatic,first,1235000,Jeep Compass,kaggle_market,12.35
Mahindra,Xylo,2018,8,137000,Diesel,Automatic,first,665000,Mahindra Xylo,kaggle_market,6.65
Hyundai,Creta,2022,4,23000,Petrol,Manual,first,1068750,Hyundai Creta,kaggle_market,10.69
Tata,Indica Ev2,2016,10,60000,Diesel,Manual,second,156750,Tata Indica Ev2,kaggle_market,1.57
Mahindra,Thar,2024,2,2600,Petrol,Automatic,first,1567500,Mahindra Thar,kaggle_market,15.68
Hyundai,Elantra,2014,12,63000,Diesel,Manual,second,451250,Hyundai Elantra,kaggle_market,4.51
Honda,Brio,2014,12,65000,Petrol,Manual,second,308750,Honda Brio,kaggle_market,3.09
Mahindra,Xuv500,2018,8,78000,Diesel,Automatic,second,1045000,Mahindra Xuv500,kaggle_market,10.45
Hyundai,Santro Xing,2007,19,92000,Petrol,Manual,second,104500,Hyundai Santro Xing,kaggle_market,1.04
Mercedes-Benz,Glc,2018,8,25000,Petrol,Automatic,second,3277500,Mercedes-Benz Glc,kaggle_market,32.78
Hyundai,Elantra,2013,13,68299,Diesel,Manual,second,498750,Hyundai Elantra,kaggle_market,4.99
Maruti Suzuki,Wagon-R,2016,10,60000,Petrol,Automatic,first,418000,Maruti Suzuki Wagon-R,kaggle_market,4.18
Maruti Suzuki,Maruti-Suzuki-Dzire,2016,10,44700,Petrol,Manual,first,494950,Maruti Suzuki Maruti-Suzuki-Dzire,kaggle_market,4.95
Hyundai,I10,2015,11,32162,Petrol,Manual,second,330600,Hyundai I10,kaggle_market,3.31
Hyundai,I10,2010,16,72000,Petrol,Manual,second,156750,Hyundai I10,kaggle_market,1.57
Mahindra,Xuv500,2017,9,49000,Diesel,Automatic,second,1163750,Mahindra Xuv500,kaggle_market,11.64
Honda,City,2011,15,81000,Petrol,Manual,first,308750,Honda City,kaggle_market,3.09
Hyundai,Verna,2017,9,90000,Diesel,Automatic,second,712499,Hyundai Verna,kaggle_market,7.12
Ford,Endeavour,2021,5,92000,Diesel,Automatic,first,2945000,Ford Endeavour,kaggle_market,29.45
Toyota,Innova,2013,13,125870,Diesel,Manual,second,722000,Toyota Innova,kaggle_market,7.22
Skoda,Octavia,2017,9,68000,Petrol,Automatic,second,802750,Skoda Octavia,kaggle_market,8.03
Honda,Brio,2013,13,48500,Petrol,Manual,first,212800,Honda Brio,kaggle_market,2.13
Maruti Suzuki,Wagon-R,2013,13,45000,Petrol,Manual,second,218500,Maruti Suzuki Wagon-R,kaggle_market,2.18
Maruti Suzuki,Wagon-R-1-0,2010,16,75000,Petrol,Automatic,second,78850,Maruti Suzuki Wagon-R-1-0,kaggle_market,0.79
Honda,Civic,2007,19,94000,Petrol,Automatic,second,190000,Honda Civic,kaggle_market,1.9
Maruti Suzuki,Ciaz,2012,14,124000,Petrol,Manual,first,617500,Maruti Suzuki Ciaz,kaggle_market,6.18
Toyota,Innova Crysta,2016,10,152852,Diesel,Manual,second,1035500,Toyota Innova Crysta,kaggle_market,10.36
Tata,Nano,2012,14,50000,Petrol,Manual,second,85500,Tata Nano,kaggle_market,0.86
Volkswagen,Polo,2019,7,50000,Petrol,Automatic,second,1235000,Volkswagen Polo,kaggle_market,12.35
Kia,Sonet,2021,5,27000,Petrol,Automatic,second,855000,Kia Sonet,kaggle_market,8.55
Mg,Astor,2022,4,28000,Petrol,Automatic,first,950000,Mg Astor,kaggle_market,9.5
Hyundai,Venue,2021,5,32000,Petrol,Automatic,first,831250,Hyundai Venue,kaggle_market,8.31
Skoda,Rapid,2018,8,140000,Diesel,Manual,second,722000,Skoda Rapid,kaggle_market,7.22
Hyundai,Creta,2016,10,82000,Petrol,Automatic,second,831250,Hyundai Creta,kaggle_market,8.31
Maruti Suzuki,Alto-K10,2016,10,48700,Petrol,Automatic,second,274550,Maruti Suzuki Alto-K10,kaggle_market,2.75
Maruti Suzuki,Wagon-R,2007,19,87000,Petrol,Manual,second,180500,Maruti Suzuki Wagon-R,kaggle_market,1.8
Toyota,Fortuner,2019,7,40000,Diesel,Automatic,first,3695500,Toyota Fortuner,kaggle_market,36.96
Hyundai,Fluidic Verna,2015,11,31000,Petrol,Manual,first,589000,Hyundai Fluidic Verna,kaggle_market,5.89
Tata,Nexon,2019,7,129500,Diesel,Automatic,first,593750,Tata Nexon,kaggle_market,5.94
Hyundai,Xcent Prime,2020,6,193000,Petrol,Manual,first,475000,Hyundai Xcent Prime,kaggle_market,4.75
Maruti Suzuki,Alto-800,2016,10,11000,Petrol,Manual,second,218500,Maruti Suzuki Alto-800,kaggle_market,2.18
Maruti Suzuki,Swift-Dzire,2014,12,114000,Diesel,Manual,first,513000,Maruti Suzuki Swift-Dzire,kaggle_market,5.13
Bmw,5 Series,2020,6,35000,Diesel,Automatic,second,4170500,Bmw 5 Series,kaggle_market,41.7
Toyota,Innova Crysta,2016,10,140000,Diesel,Automatic,second,1847750,Toyota Innova Crysta,kaggle_market,18.48
Tata,Safari,2012,14,85000,Diesel,Manual,second,166250,Tata Safari,kaggle_market,1.66
Maruti Suzuki,Wagon-R,2004,22,89000,Petrol,Manual,second,137750,Maruti Suzuki Wagon-R,kaggle_market,1.38
Maruti Suzuki,Maruti-Suzuki-Dzire,2009,17,78000,Diesel,Manual,second,223250,Maruti Suzuki Maruti-Suzuki-Dzire,kaggle_market,2.23
Maruti Suzuki,Alto-K10,2011,15,111492,Petrol,Manual,second,142500,Maruti Suzuki Alto-K10,kaggle_market,1.42
Tata,Zest,2016,10,72000,Diesel,Manual,second,235600,Tata Zest,kaggle_market,2.36
Tata,Indica V2,2010,16,150000,Diesel,Manual,second,62700,Tata Indica V2,kaggle_market,0.63
Maruti Suzuki,Swift-Dzire,2017,9,88000,Diesel,Manual,second,465500,Maruti Suzuki Swift-Dzire,kaggle_market,4.66
Hyundai,Grand I10 Nios,2020,6,7000,Petrol,Automatic,first,593750,Hyundai Grand I10 Nios,kaggle_market,5.94
Toyota,Fortuner,2018,8,75000,Diesel,Automatic,first,2327500,Toyota Fortuner,kaggle_market,23.28
Maruti Suzuki,Swift,2021,5,60000,Petrol,Manual,second,660250,Maruti Suzuki Swift,kaggle_market,6.6
Renault,Kwid,2023,3,13600,Petrol,Automatic,second,523450,Renault Kwid,kaggle_market,5.23
Toyota,Urban Cruiser,2022,4,49900,Petrol,Automatic,first,945250,Toyota Urban Cruiser,kaggle_market,9.45
Mercedes-Benz,E-Class,2011,15,58000,Diesel,Automatic,second,855000,Mercedes-Benz E-Class,kaggle_market,8.55
Maruti Suzuki,Swift-Dzire,2022,4,27000,Petrol,Manual,first,707750,Maruti Suzuki Swift-Dzire,kaggle_market,7.08
Maruti Suzuki,Celerio,2017,9,40500,Petrol,Manual,second,343900,Maruti Suzuki Celerio,kaggle_market,3.44
Hyundai,I20,2015,11,61000,Petrol,Manual,second,375250,Hyundai I20,kaggle_market,3.75
Tata,Altroz,2023,3,8530,Petrol,Automatic,first,854050,Tata Altroz,kaggle_market,8.54
Audi,Q3,2014,12,58600,Diesel,Automatic,first,1401250,Audi Q3,kaggle_market,14.01
Toyota,Fortuner,2017,9,122000,Diesel,Automatic,second,2375000,Toyota Fortuner,kaggle_market,23.75
Maruti Suzuki,Vitara-Brezza,2019,7,78000,Diesel,Manual,first,618450,Maruti Suzuki Vitara-Brezza,kaggle_market,6.18
Mercedes-Benz,A Class,2016,10,78000,Diesel,Automatic,first,1140000,Mercedes-Benz A Class,kaggle_market,11.4
Honda,Jazz,2017,9,40000,Petrol,Manual,first,546250,Honda Jazz,kaggle_market,5.46
Honda,Accord,2013,13,110000,Petrol,Automatic,second,466450,Honda Accord,kaggle_market,4.66
Honda,City,2021,5,30500,Petrol,Manual,first,945250,Honda City,kaggle_market,9.45
Maruti Suzuki,Vitara-Brezza,2017,9,81000,Diesel,Manual,first,664050,Maruti Suzuki Vitara-Brezza,kaggle_market,6.64
Mg,Hector,2023,3,25000,Petrol,Automatic,first,1662500,Mg Hector,kaggle_market,16.62
Maruti Suzuki,Celerio-X,2019,7,37500,Petrol,Automatic,second,451250,Maruti Suzuki Celerio-X,kaggle_market,4.51
Toyota,Innova Crysta,2016,10,99000,Diesel,Automatic,second,1691000,Toyota Innova Crysta,kaggle_market,16.91
Maruti Suzuki,Maruti-Suzuki-Dzire,2020,6,17000,Petrol,Manual,first,646000,Maruti Suzuki Maruti-Suzuki-Dzire,kaggle_market,6.46
Mahindra,Scorpio,2014,12,100000,Diesel,Automatic,second,427500,Mahindra Scorpio,kaggle_market,4.28
Hyundai,Creta,2017,9,42000,Petrol,Automatic,second,850250,Hyundai Creta,kaggle_market,8.5
Toyota,Fortuner,2013,13,92000,Diesel,Automatic,second,935750,Toyota Fortuner,kaggle_market,9.36
Hyundai,I20,2012,14,85000,Petrol,Manual,second,303999,Hyundai I20,kaggle_market,3.04
Tata,Nexon,2022,4,40000,Petrol,Manual,second,855000,Tata Nexon,kaggle_market,8.55
Maruti Suzuki,Baleno,2022,4,23000,Petrol,Manual,first,836000,Maruti Suzuki Baleno,kaggle_market,8.36
Mahindra,Thar,2022,4,39484,Diesel,Automatic,second,1472500,Mahindra Thar,kaggle_market,14.72
Maruti Suzuki,Ciaz,2022,4,24000,Petrol,Automatic,first,808450,Maruti Suzuki Ciaz,kaggle_market,8.08
Tata,Tiago,2017,9,105444,Petrol,Automatic,second,361000,Tata Tiago,kaggle_market,3.61
Honda,City,2019,7,68000,Petrol,Automatic,first,903450,Honda City,kaggle_market,9.03
Hyundai,Creta,2021,5,38000,Petrol,Automatic,second,1211250,Hyundai Creta,kaggle_market,12.11
Maruti Suzuki,Swift,2022,4,65000,Petrol,Automatic,first,712500,Maruti Suzuki Swift,kaggle_market,7.12
Hyundai,New I20,2011,15,117000,Diesel,Manual,second,238450,Hyundai New I20,kaggle_market,2.38
Mercedes-Benz,Glc,2020,6,98000,Diesel,Automatic,second,3610000,Mercedes-Benz Glc,kaggle_market,36.1
Toyota,Qualis,2001,25,136000,Diesel,Manual,second,199500,Toyota Qualis,kaggle_market,2.0
Mahindra,Xuv 300,2021,5,45000,Petrol,Manual,second,660250,Mahindra Xuv 300,kaggle_market,6.6
Maruti Suzuki,Swift,2015,11,86000,Diesel,Manual,second,389500,Maruti Suzuki Swift,kaggle_market,3.9
Mahindra,Xuv500,2020,6,62000,Diesel,Automatic,first,1282500,Mahindra Xuv500,kaggle_market,12.82
Hyundai,I20 Active,2015,11,52000,Diesel,Manual,first,370500,Hyundai I20 Active,kaggle_market,3.7
Maruti Suzuki,Wagon-R,2009,17,76000,Petrol,Manual,second,185250,Maruti Suzuki Wagon-R,kaggle_market,1.85
Kia,Sonet,2020,6,37000,Petrol,Automatic,second,869250,Kia Sonet,kaggle_market,8.69
Maruti Suzuki,Baleno,2016,10,63300,Petrol,Automatic,second,536750,Maruti Suzuki Baleno,kaggle_market,5.37
Honda,Amaze,2015,11,115000,Diesel,Manual,second,394250,Honda Amaze,kaggle_market,3.94
Mercedes-Benz,C-Class,2012,14,75000,Diesel,Automatic,second,802750,Mercedes-Benz C-Class,kaggle_market,8.03
Maruti Suzuki,Alto,2007,19,112085,Petrol,Manual,second,118750,Maruti Suzuki Alto,kaggle_market,1.19
Mahindra,Xuv500,2018,8,89000,Diesel,Automatic,first,593750,Mahindra Xuv500,kaggle_market,5.94
Hyundai,Grand I10,2019,7,27000,Petrol,Manual,second,465500,Hyundai Grand I10,kaggle_market,4.66
Mahindra,Ssangyong-Rexton,2014,12,64000,Diesel,Automatic,second,641250,Mahindra Ssangyong-Rexton,kaggle_market,6.41
Maruti Suzuki,Swift,2021,5,10000,Petrol,Automatic,first,688750,Maruti Suzuki Swift,kaggle_market,6.89
Mercedes-Benz,C-Class,2017,9,86000,Petrol,Automatic,first,2080500,Mercedes-Benz C-Class,kaggle_market,20.8
Hyundai,Santro Xing,2008,18,55000,Petrol,Manual,second,166250,Hyundai Santro Xing,kaggle_market,1.66
Hyundai,Creta,2016,10,151000,Diesel,Manual,second,788500,Hyundai Creta,kaggle_market,7.88
Maruti Suzuki,Swift,2012,14,130000,Diesel,Manual,second,318250,Maruti Suzuki Swift,kaggle_market,3.18
Hyundai,Verna,2013,13,77794,Petrol,Automatic,second,418000,Hyundai Verna,kaggle_market,4.18
Bmw,X5,2016,10,70000,Diesel,Automatic,second,2373100,Bmw X5,kaggle_market,23.73
Bmw,3 Series Gt,2014,12,67772,Diesel,Automatic,first,2185000,Bmw 3 Series Gt,kaggle_market,21.85
Bmw,X6,2016,10,25000,Diesel,Automatic,second,5700000,Bmw X6,kaggle_market,57.0
Datsun,Redigo,2018,8,65682,Petrol,Manual,second,257450,Datsun Redigo,kaggle_market,2.57
Hyundai,Fluidic Verna,2014,12,80000,Petrol,Manual,second,380000,Hyundai Fluidic Verna,kaggle_market,3.8
Mercedes-Benz,S-Class,2014,12,65666,Diesel,Automatic,second,2826250,Mercedes-Benz S-Class,kaggle_market,28.26
Volvo,V40 Cross Country,2017,9,59000,Diesel,Automatic,second,1610250,Volvo V40 Cross Country,kaggle_market,16.1
Hyundai,Eon,2016,10,90000,Petrol,Manual,second,266000,Hyundai Eon,kaggle_market,2.66
Bmw,3 Series,2012,14,50000,Diesel,Automatic,second,665000,Bmw 3 Series,kaggle_market,6.65
Mahindra,Scorpio N,2022,4,21000,Petrol,Automatic,first,1900000,Mahindra Scorpio N,kaggle_market,19.0
Honda,Jazz,2016,10,71000,Petrol,Manual,first,361000,Honda Jazz,kaggle_market,3.61
Mahindra,Marazzo,2019,7,115000,Diesel,Manual,second,427500,Mahindra Marazzo,kaggle_market,4.28
Maruti Suzuki,Swift,2014,12,64000,Diesel,Manual,second,331550,Maruti Suzuki Swift,kaggle_market,3.32
Volkswagen,Polo,2017,9,88000,Diesel,Manual,second,522500,Volkswagen Polo,kaggle_market,5.22
Bmw,Z4,2021,5,32000,Petrol,Automatic,second,7590500,Bmw Z4,kaggle_market,75.9
Renault,Kwid,2022,4,4000,Petrol,Automatic,first,474050,Renault Kwid,kaggle_market,4.74
Kia,Seltos,2022,4,25000,Petrol,Automatic,first,1306250,Kia Seltos,kaggle_market,13.06
Jeep,Compass,2018,8,47000,Diesel,Manual,second,997500,Jeep Compass,kaggle_market,9.98
Datsun,Redigo,2017,9,25000,Petrol,Manual,second,223250,Datsun Redigo,kaggle_market,2.23
Audi,Q3,2016,10,51001,Diesel,Automatic,second,1567500,Audi Q3,kaggle_market,15.68
Maruti Suzuki,Swift,2019,7,27000,Petrol,Automatic,first,608000,Maruti Suzuki Swift,kaggle_market,6.08
Ford,Endeavour,2011,15,112000,Diesel,Manual,second,465500,Ford Endeavour,kaggle_market,4.66
Bmw,X1,2017,9,45000,Diesel,Automatic,second,1277750,Bmw X1,kaggle_market,12.78
Maruti Suzuki,New-Gen Swift,2011,15,60000,Diesel,Automatic,second,152000,Maruti Suzuki New-Gen Swift,kaggle_market,1.52
Ritz,Base,2014,12,27000,Petrol,Manual,first,335000,Ritz Base,cardekho_sales,3.35
Sx4,Base,2013,13,43000,Diesel,Manual,first,475000,Sx4 Base,cardekho_sales,4.75
Ciaz,Base,2017,9,6900,Petrol,Manual,first,725000,Ciaz Base,cardekho_sales,7.25
Wagon,R,2011,15,5200,Petrol,Manual,first,285000,Wagon R,cardekho_sales,2.85
Swift,Base,2014,12,42450,Diesel,Manual,first,460000,Swift Base,cardekho_sales,4.6
Vitara,Brezza,2018,8,2071,Diesel,Manual,first,925000,Vitara Brezza,cardekho_sales,9.25
Ciaz,Base,2015,11,18796,Petrol,Manual,first,675000,Ciaz Base,cardekho_sales,6.75
S,Cross,2015,11,33429,Diesel,Manual,first,650000,S Cross,cardekho_sales,6.5
Ciaz,Base,2016,10,20273,Diesel,Manual,first,875000,Ciaz Base,cardekho_sales,8.75
Ciaz,Base,2015,11,42367,Diesel,Manual,first,745000,Ciaz Base,cardekho_sales,7.45
Alto,800,2017,9,2135,Petrol,Manual,first,285000,Alto 800,cardekho_sales,2.85
Ciaz,Base,2015,11,51000,Diesel,Manual,first,685000,Ciaz Base,cardekho_sales,6.85
Ciaz,Base,2015,11,15000,Petrol,Automatic,first,750000,Ciaz Base,cardekho_sales,7.5
Ertiga,Base,2015,11,26000,Petrol,Manual,first,610000,Ertiga Base,cardekho_sales,6.1
Dzire,Base,2009,17,77427,Petrol,Manual,first,225000,Dzire Base,cardekho_sales,2.25
Ertiga,Base,2016,10,43000,Diesel,Manual,first,775000,Ertiga Base,cardekho_sales,7.75
Ertiga,Base,2015,11,41678,Diesel,Manual,first,725000,Ertiga Base,cardekho_sales,7.25
Wagon,R,2015,11,35500,CNG,Manual,first,325000,Wagon R,cardekho_sales,3.25
Sx4,Base,2010,16,41442,Petrol,Manual,first,265000,Sx4 Base,cardekho_sales,2.65
Alto,K10,2016,10,25000,Petrol,Manual,first,285000,Alto K10,cardekho_sales,2.85
Ignis,Base,2017,9,2400,Petrol,Manual,first,490000,Ignis Base,cardekho_sales,4.9
Sx4,Base,2011,15,50000,Petrol,Automatic,first,440000,Sx4 Base,cardekho_sales,4.4
Alto,K10,2014,12,45280,Petrol,Manual,first,250000,Alto K10,cardekho_sales,2.5
Wagon,R,2013,13,56879,Petrol,Manual,first,290000,Wagon R,cardekho_sales,2.9
Swift,Base,2011,15,20000,Petrol,Manual,first,300000,Swift Base,cardekho_sales,3.0
Swift,Base,2013,13,55138,Petrol,Manual,first,415000,Swift Base,cardekho_sales,4.15
Swift,Base,2017,9,16200,Petrol,Manual,first,600000,Swift Base,cardekho_sales,6.0
Alto,K10,2010,16,44542,Petrol,Manual,first,195000,Alto K10,cardekho_sales,1.95
Ciaz,Base,2015,11,45000,Diesel,Manual,first,745000,Ciaz Base,cardekho_sales,7.45
Ritz,Base,2012,14,51439,Diesel,Manual,first,310000,Ritz Base,cardekho_sales,3.1
Ritz,Base,2011,15,54200,Petrol,Manual,first,235000,Ritz Base,cardekho_sales,2.35
Swift,Base,2014,12,39000,Diesel,Manual,first,495000,Swift Base,cardekho_sales,4.95
Ertiga,Base,2014,12,45000,Diesel,Manual,first,600000,Ertiga Base,cardekho_sales,6.0
Dzire,Base,2014,12,45000,Diesel,Manual,first,550000,Dzire Base,cardekho_sales,5.5
Sx4,Base,2011,15,49998,CNG,Manual,first,295000,Sx4 Base,cardekho_sales,2.95
Dzire,Base,2015,11,48767,Petrol,Manual,first,465000,Dzire Base,cardekho_sales,4.65
Alto,K10,2016,10,10079,Petrol,Manual,first,300000,Alto K10,cardekho_sales,3.0
Sx4,Base,2003,23,62000,Petrol,Manual,first,225000,Sx4 Base,cardekho_sales,2.25
Baleno,Base,2016,10,24524,Petrol,Automatic,first,585000,Baleno Base,cardekho_sales,5.85
Alto,K10,2014,12,46706,Petrol,Manual,first,255000,Alto K10,cardekho_sales,2.55
Sx4,Base,2008,18,58000,Petrol,Manual,first,195000,Sx4 Base,cardekho_sales,1.95
Dzire,Base,2014,12,45780,Diesel,Manual,first,550000,Dzire Base,cardekho_sales,5.5
Omni,Base,2012,14,50000,Petrol,Manual,first,125000,Omni Base,cardekho_sales,1.25
Ciaz,Base,2014,12,15000,Petrol,Automatic,first,750000,Ciaz Base,cardekho_sales,7.5
Ritz,Base,2013,13,64532,Petrol,Manual,first,265000,Ritz Base,cardekho_sales,2.65
Wagon,R,2006,20,65000,Petrol,Manual,first,105000,Wagon R,cardekho_sales,1.05
Ertiga,Base,2015,11,25870,Petrol,Manual,first,580000,Ertiga Base,cardekho_sales,5.8
Ciaz,Base,2017,9,37000,Petrol,Automatic,first,775000,Ciaz Base,cardekho_sales,7.75
Fortuner,Base,2012,14,104707,Diesel,Automatic,first,1490000,Fortuner Base,cardekho_sales,14.9
Fortuner,Base,2015,11,40000,Diesel,Automatic,first,2300000,Fortuner Base,cardekho_sales,23.0
Innova,Base,2017,9,15000,Diesel,Automatic,first,1800000,Innova Base,cardekho_sales,18.0
Fortuner,Base,2013,13,135000,Diesel,Automatic,first,1600000,Fortuner Base,cardekho_sales,16.0
Innova,Base,2005,21,90000,Petrol,Manual,first,275000,Innova Base,cardekho_sales,2.75
Corolla,Altis,2009,17,70000,Petrol,Automatic,first,360000,Corolla Altis,cardekho_sales,3.6
Etios,Cross,2015,11,40534,Petrol,Manual,first,450000,Etios Cross,cardekho_sales,4.5
Corolla,Altis,2010,16,50000,Petrol,Manual,first,475000,Corolla Altis,cardekho_sales,4.75
Etios,G,2014,12,39485,Petrol,Manual,second,410000,Etios G,cardekho_sales,4.1
Fortuner,Base,2014,12,41000,Diesel,Automatic,first,1999000,Fortuner Base,cardekho_sales,19.99
Corolla,Altis,2013,13,40001,Petrol,Manual,first,695000,Corolla Altis,cardekho_sales,6.95
Etios,Cross,2015,11,40588,Petrol,Manual,first,450000,Etios Cross,cardekho_sales,4.5
Fortuner,Base,2014,12,78000,Diesel,Automatic,first,1875000,Fortuner Base,cardekho_sales,18.75
Fortuner,Base,2015,11,47000,Diesel,Automatic,first,2350000,Fortuner Base,cardekho_sales,23.5
Fortuner,Base,2017,9,6000,Diesel,Automatic,first,3300000,Fortuner Base,cardekho_sales,33.0
Etios,Liva,2014,12,45000,Diesel,Manual,first,475000,Etios Liva,cardekho_sales,4.75
Innova,Base,2017,9,11000,Petrol,Automatic,first,1975000,Innova Base,cardekho_sales,19.75
Fortuner,Base,2010,16,59000,Diesel,Manual,first,925000,Fortuner Base,cardekho_sales,9.25
Corolla,Altis,2011,15,88000,Petrol,Manual,first,435000,Corolla Altis,cardekho_sales,4.35
Corolla,Altis,2016,10,12000,Petrol,Manual,first,1425000,Corolla Altis,cardekho_sales,14.25
Etios,Liva,2014,12,71000,Diesel,Manual,first,395000,Etios Liva,cardekho_sales,3.95
Corolla,Altis,2011,15,45000,Diesel,Manual,first,450000,Corolla Altis,cardekho_sales,4.5
Corolla,Altis,2013,13,56001,Petrol,Manual,first,745000,Corolla Altis,cardekho_sales,7.45
Etios,Liva,2011,15,43000,Petrol,Manual,first,265000,Etios Liva,cardekho_sales,2.65
Etios,Cross,2014,12,83000,Diesel,Manual,first,490000,Etios Cross,cardekho_sales,4.9
Etios,G,2015,11,36000,Petrol,Manual,first,395000,Etios G,cardekho_sales,3.95
Corolla,Altis,2013,13,72000,Petrol,Manual,first,550000,Corolla Altis,cardekho_sales,5.5
Corolla,Base,2004,22,135154,Petrol,Automatic,first,150000,Corolla Base,cardekho_sales,1.5
Corolla,Altis,2010,16,80000,Petrol,Automatic,first,525000,Corolla Altis,cardekho_sales,5.25
Fortuner,Base,2012,14,89000,Diesel,Automatic,first,1450000,Fortuner Base,cardekho_sales,14.5
Corolla,Altis,2016,10,23000,Diesel,Manual,first,1473000,Corolla Altis,cardekho_sales,14.73
Etios,Gd,2015,11,40000,Diesel,Manual,first,475000,Etios Gd,cardekho_sales,4.75
Innova,Base,2017,9,15000,Diesel,Automatic,first,2300000,Innova Base,cardekho_sales,23.0
Innova,Base,2015,11,38000,Diesel,Manual,first,1250000,Innova Base,cardekho_sales,12.5
Innova,Base,2005,21,197176,Diesel,Manual,first,349000,Innova Base,cardekho_sales,3.49
Camry,Base,2006,20,142000,Petrol,Automatic,fourth+,250000,Camry Base,cardekho_sales,2.5
Land,Cruiser,2010,16,78000,Diesel,Manual,first,3500000,Land Cruiser,cardekho_sales,35.0
Corolla,Altis,2012,14,56000,Petrol,Manual,first,590000,Corolla Altis,cardekho_sales,5.9
Etios,Liva,2013,13,47000,Petrol,Manual,first,345000,Etios Liva,cardekho_sales,3.45
Etios,G,2014,12,40000,Petrol,Manual,first,475000,Etios G,cardekho_sales,4.75
Corolla,Altis,2009,17,62000,Petrol,Manual,first,380000,Corolla Altis,cardekho_sales,3.8
Innova,Base,2014,12,58242,Diesel,Manual,first,1125000,Innova Base,cardekho_sales,11.25
Innova,Base,2005,21,75000,Petrol,Manual,first,351000,Innova Base,cardekho_sales,3.51
Corolla,Altis,2008,18,89000,Petrol,Automatic,first,400000,Corolla Altis,cardekho_sales,4.0
Corolla,Altis,2012,14,72000,Petrol,Manual,first,585000,Corolla Altis,cardekho_sales,5.85
Innova,Base,2016,10,29000,Diesel,Automatic,first,2075000,Innova Base,cardekho_sales,20.75
Corolla,Altis,2017,9,8700,Petrol,Manual,first,1700000,Corolla Altis,cardekho_sales,17.0
Corolla,Altis,2013,13,45000,Petrol,Manual,first,705000,Corolla Altis,cardekho_sales,7.05
Fortuner,Base,2010,16,50024,Diesel,Manual,first,965000,Fortuner Base,cardekho_sales,9.65
Royal,Enfield Thunder 500,2016,10,3000,Petrol,Manual,first,175000,Royal Enfield Thunder 500,cardekho_sales,1.75
Um,Renegade Mojave,2017,9,1400,Petrol,Manual,first,170000,Um Renegade Mojave,cardekho_sales,1.7
Ktm,Rc200,2017,9,4000,Petrol,Manual,first,165000,Ktm Rc200,cardekho_sales,1.65
Bajaj,Dominar 400,2017,9,1200,Petrol,Manual,first,145000,Bajaj Dominar 400,cardekho_sales,1.45
Royal,Enfield Classic 350,2017,9,4100,Petrol,Manual,first,135000,Royal Enfield Classic 350,cardekho_sales,1.35
Ktm,Rc390,2015,11,21700,Petrol,Manual,first,135000,Ktm Rc390,cardekho_sales,1.35
Hyosung,Gt250R,2014,12,16500,Petrol,Manual,second,135000,Hyosung Gt250R,cardekho_sales,1.35
Royal,Enfield Thunder 350,2013,13,15000,Petrol,Manual,first,125000,Royal Enfield Thunder 350,cardekho_sales,1.25
Royal,Enfield Thunder 350,2016,10,18000,Petrol,Manual,first,120000,Royal Enfield Thunder 350,cardekho_sales,1.2
Royal,Enfield Classic 350,2017,9,11000,Petrol,Manual,first,120000,Royal Enfield Classic 350,cardekho_sales,1.2
Ktm,Rc200,2016,10,6000,Petrol,Manual,first,120000,Ktm Rc200,cardekho_sales,1.2
Royal,Enfield Thunder 350,2016,10,8700,Petrol,Manual,first,115000,Royal Enfield Thunder 350,cardekho_sales,1.15
Ktm,390 Duke,2014,12,7000,Petrol,Manual,first,115000,Ktm 390 Duke,cardekho_sales,1.15
Mahindra,Mojo Xt300,2016,10,35000,Petrol,Manual,first,115000,Mahindra Mojo Xt300,cardekho_sales,1.15
Royal,Enfield Classic 350,2015,11,17000,Petrol,Manual,first,115000,Royal Enfield Classic 350,cardekho_sales,1.15
Royal,Enfield Classic 350,2015,11,17500,Petrol,Manual,first,111000,Royal Enfield Classic 350,cardekho_sales,1.11
Royal,Enfield Classic 350,2013,13,33000,Petrol,Manual,first,110000,Royal Enfield Classic 350,cardekho_sales,1.1
Royal,Enfield Thunder 500,2015,11,14000,Petrol,Manual,first,110000,Royal Enfield Thunder 500,cardekho_sales,1.1
Royal,Enfield Classic 350,2015,11,26000,Petrol,Manual,first,110000,Royal Enfield Classic 350,cardekho_sales,1.1
Royal,Enfield Thunder 500,2013,13,5400,Petrol,Manual,first,105000,Royal Enfield Thunder 500,cardekho_sales,1.05
Bajaj,Pulsar Rs200,2016,10,5700,Petrol,Manual,first,105000,Bajaj Pulsar Rs200,cardekho_sales,1.05
Royal,Enfield Thunder 350,2011,15,6900,Petrol,Manual,first,105000,Royal Enfield Thunder 350,cardekho_sales,1.05
Royal,Enfield Bullet 350,2016,10,6000,Petrol,Manual,first,105000,Royal Enfield Bullet 350,cardekho_sales,1.05
Royal,Enfield Classic 350,2013,13,46500,Petrol,Manual,first,100000,Royal Enfield Classic 350,cardekho_sales,1.0
Royal,Enfield Classic 500,2012,14,11500,Petrol,Manual,first,95000,Royal Enfield Classic 500,cardekho_sales,0.95
Royal,Enfield Classic 500,2009,17,40000,Petrol,Manual,first,90000,Royal Enfield Classic 500,cardekho_sales,0.9
Bajaj,Avenger 220,2017,9,1300,Petrol,Manual,first,90000,Bajaj Avenger 220,cardekho_sales,0.9
Bajaj,Avenger 150,2016,10,7000,Petrol,Manual,first,75000,Bajaj Avenger 150,cardekho_sales,0.75
Honda,Cb Hornet 160R,2017,9,3000,Petrol,Manual,first,80000,Honda Cb Hornet 160R,cardekho_sales,0.8
Yamaha,Fz S V 2.0,2017,9,5000,Petrol,Manual,first,78000,Yamaha Fz S V 2.0,cardekho_sales,0.78
Honda,Cb Hornet 160R,2017,9,11000,Petrol,Manual,first,75000,Honda Cb Hornet 160R,cardekho_sales,0.75
Yamaha,Fz 16,2015,11,18000,Petrol,Manual,first,75000,Yamaha Fz 16,cardekho_sales,0.75
Bajaj,Avenger 220,2017,9,3500,Petrol,Manual,first,75000,Bajaj Avenger 220,cardekho_sales,0.75
Bajaj,Avenger 220,2016,10,500,Petrol,Manual,first,72000,Bajaj Avenger 220,cardekho_sales,0.72
Tvs,Apache Rtr 160,2017,9,11800,Petrol,Manual,first,65000,Tvs Apache Rtr 160,cardekho_sales,0.65
Bajaj,Pulsar 150,2015,11,5000,Petrol,Manual,first,65000,Bajaj Pulsar 150,cardekho_sales,0.65
Honda,Cbr 150,2014,12,23500,Petrol,Manual,first,65000,Honda Cbr 150,cardekho_sales,0.65
Hero,Extreme,2013,13,16000,Petrol,Manual,first,65000,Hero Extreme,cardekho_sales,0.65
Honda,Cb Hornet 160R,2016,10,15000,Petrol,Manual,first,60000,Honda Cb Hornet 160R,cardekho_sales,0.6
Bajaj,Avenger 220 Dtsi,2015,11,16600,Petrol,Manual,first,60000,Bajaj Avenger 220 Dtsi,cardekho_sales,0.6
Honda,Cbr 150,2013,13,32000,Petrol,Manual,first,60000,Honda Cbr 150,cardekho_sales,0.6
Bajaj,Avenger 150 Street,2016,10,20000,Petrol,Manual,first,60000,Bajaj Avenger 150 Street,cardekho_sales,0.6
Yamaha,Fz V 2.0,2015,11,29000,Petrol,Manual,first,60000,Yamaha Fz V 2.0,cardekho_sales,0.6
Yamaha,Fz V 2.0,2016,10,25000,Petrol,Manual,first,60000,Yamaha Fz V 2.0,cardekho_sales,0.6
Bajaj,Pulsar Ns 200,2014,12,25000,Petrol,Manual,first,60000,Bajaj Pulsar Ns 200,cardekho_sales,0.6
Tvs,Apache Rtr 160,2012,14,19000,Petrol,Manual,first,60000,Tvs Apache Rtr 160,cardekho_sales,0.6
Hero,Extreme,2014,12,15000,Petrol,Manual,first,55000,Hero Extreme,cardekho_sales,0.55
Yamaha,Fz S V 2.0,2015,11,58000,Petrol,Manual,first,55000,Yamaha Fz S V 2.0,cardekho_sales,0.55
Bajaj,Pulsar 220 F,2010,16,45000,Petrol,Manual,first,52000,Bajaj Pulsar 220 F,cardekho_sales,0.52
Bajaj,Pulsar 220 F,2016,10,24000,Petrol,Manual,first,51000,Bajaj Pulsar 220 F,cardekho_sales,0.51
Tvs,Apache Rtr 180,2011,15,6000,Petrol,Manual,first,50000,Tvs Apache Rtr 180,cardekho_sales,0.5
Hero,Passion X Pro,2016,10,31000,Petrol,Manual,first,50000,Hero Passion X Pro,cardekho_sales,0.5
Bajaj,Pulsar Ns 200,2012,14,13000,Petrol,Manual,first,50000,Bajaj Pulsar Ns 200,cardekho_sales,0.5
Bajaj,Pulsar Ns 200,2013,13,45000,Petrol,Manual,first,50000,Bajaj Pulsar Ns 200,cardekho_sales,0.5
Yamaha,Fazer,2014,12,8000,Petrol,Manual,first,50000,Yamaha Fazer,cardekho_sales,0.5
I20,Base,2010,16,58000,Diesel,Manual,second,325000,I20 Base,cardekho_sales,3.25
Grand,I10,2015,11,28200,Petrol,Manual,first,440000,Grand I10,cardekho_sales,4.4
I10,Base,2011,15,53460,Petrol,Manual,first,295000,I10 Base,cardekho_sales,2.95
Eon,Base,2015,11,28282,Petrol,Manual,first,275000,Eon Base,cardekho_sales,2.75
Grand,I10,2016,10,3493,Petrol,Manual,second,525000,Grand I10,cardekho_sales,5.25
Xcent,Base,2017,9,12479,Petrol,Manual,first,575000,Xcent Base,cardekho_sales,5.75
Grand,I10,2015,11,34797,Petrol,Automatic,first,515000,Grand I10,cardekho_sales,5.15
I20,Base,2017,9,3435,Petrol,Manual,first,790000,I20 Base,cardekho_sales,7.9
Grand,I10,2015,11,21125,Diesel,Manual,first,485000,Grand I10,cardekho_sales,4.85
I10,Base,2012,14,35775,Petrol,Manual,first,310000,I10 Base,cardekho_sales,3.1
Elantra,Base,2015,11,43535,Diesel,Manual,first,1175000,Elantra Base,cardekho_sales,11.75
Creta,Base,2016,10,22671,Petrol,Manual,first,1125000,Creta Base,cardekho_sales,11.25
I20,Base,2011,15,31604,Petrol,Manual,first,290000,I20 Base,cardekho_sales,2.9
Grand,I10,2017,9,20114,Petrol,Manual,first,525000,Grand I10,cardekho_sales,5.25
Verna,Base,2012,14,36100,Petrol,Manual,first,450000,Verna Base,cardekho_sales,4.5
Eon,Base,2016,10,12500,Petrol,Manual,first,290000,Eon Base,cardekho_sales,2.9
Eon,Base,2016,10,15000,Petrol,Manual,first,315000,Eon Base,cardekho_sales,3.15
Verna,Base,2014,12,45078,Petrol,Manual,first,645000,Verna Base,cardekho_sales,6.45
Verna,Base,2012,14,36000,Petrol,Manual,first,450000,Verna Base,cardekho_sales,4.5
Eon,Base,2017,9,38488,Petrol,Manual,first,350000,Eon Base,cardekho_sales,3.5
I20,Base,2013,13,32000,Petrol,Automatic,first,450000,I20 Base,cardekho_sales,4.5
I20,Base,2014,12,77632,Diesel,Manual,first,600000,I20 Base,cardekho_sales,6.0
Verna,Base,2015,11,61381,Diesel,Manual,first,825000,Verna Base,cardekho_sales,8.25
Verna,Base,2013,13,36198,Petrol,Automatic,first,511000,Verna Base,cardekho_sales,5.11
I10,Base,2011,15,22517,Petrol,Manual,first,270000,I10 Base,cardekho_sales,2.7
Grand,I10,2015,11,24678,Petrol,Manual,first,525000,Grand I10,cardekho_sales,5.25
I10,Base,2011,15,57000,Petrol,Manual,first,255000,I10 Base,cardekho_sales,2.55
Verna,Base,2012,14,60000,Diesel,Manual,first,495000,Verna Base,cardekho_sales,4.95
I20,Base,2012,14,52132,Diesel,Manual,first,310000,I20 Base,cardekho_sales,3.1
Verna,Base,2013,13,45000,Diesel,Manual,first,615000,Verna Base,cardekho_sales,6.15
Verna,Base,2017,9,15001,Petrol,Manual,first,925000,Verna Base,cardekho_sales,9.25
Elantra,Base,2015,11,12900,Petrol,Automatic,first,1145000,Elantra Base,cardekho_sales,11.45
Grand,I10,2013,13,53000,Diesel,Manual,first,390000,Grand I10,cardekho_sales,3.9
Grand,I10,2015,11,4492,Petrol,Manual,first,550000,Grand I10,cardekho_sales,5.5
Verna,Base,2017,9,15141,Petrol,Manual,first,910000,Verna Base,cardekho_sales,9.1
Eon,Base,2016,10,11849,Petrol,Manual,first,310000,Eon Base,cardekho_sales,3.1
Creta,Base,2015,11,68000,Diesel,Manual,first,1125000,Creta Base,cardekho_sales,11.25
Verna,Base,2013,13,60241,Petrol,Manual,first,480000,Verna Base,cardekho_sales,4.8
Eon,Base,2012,14,23709,Petrol,Manual,first,200000,Eon Base,cardekho_sales,2.0
Verna,Base,2012,14,32322,Diesel,Manual,first,535000,Verna Base,cardekho_sales,5.35
Xcent,Base,2015,11,35866,Petrol,Manual,second,475000,Xcent Base,cardekho_sales,4.75
Xcent,Base,2014,12,34000,Petrol,Manual,first,440000,Xcent Base,cardekho_sales,4.4
I20,Base,2016,10,7000,Petrol,Manual,first,625000,I20 Base,cardekho_sales,6.25
Verna,Base,2013,13,49000,Diesel,Manual,first,595000,Verna Base,cardekho_sales,5.95
Verna,Base,2012,14,71000,Diesel,Manual,first,520000,Verna Base,cardekho_sales,5.2
I20,Base,2012,14,35000,Petrol,Manual,first,375000,I20 Base,cardekho_sales,3.75
Verna,Base,2015,11,36000,Petrol,Manual,first,595000,Verna Base,cardekho_sales,5.95
I10,Base,2013,13,30000,Petrol,Manual,first,400000,I10 Base,cardekho_sales,4.0
I20,Base,2016,10,17000,Petrol,Manual,first,525000,I20 Base,cardekho_sales,5.25
Creta,Base,2016,10,35934,Diesel,Manual,first,1290000,Creta Base,cardekho_sales,12.9
City,Base,2013,13,56701,Petrol,Manual,first,500000,City Base,cardekho_sales,5.0
Brio,Base,2015,11,31427,Petrol,Automatic,first,540000,Brio Base,cardekho_sales,5.4
City,Base,2014,12,48000,Diesel,Manual,first,720000,City Base,cardekho_sales,7.2
City,Base,2013,13,54242,Petrol,Manual,first,525000,City Base,cardekho_sales,5.25
Brio,Base,2012,14,53675,Petrol,Manual,first,300000,Brio Base,cardekho_sales,3.0
City,Base,2016,10,49562,Petrol,Manual,first,1025000,City Base,cardekho_sales,10.25
City,Base,2015,11,40324,Petrol,Manual,first,850000,City Base,cardekho_sales,8.5
City,Base,2015,11,25000,Petrol,Manual,first,840000,City Base,cardekho_sales,8.4
Amaze,Base,2014,12,36054,Petrol,Manual,first,390000,Amaze Base,cardekho_sales,3.9
City,Base,2016,10,29223,Petrol,Manual,first,915000,City Base,cardekho_sales,9.15
Brio,Base,2016,10,5600,Petrol,Manual,first,550000,Brio Base,cardekho_sales,5.5
Amaze,Base,2015,11,40023,Petrol,Manual,first,400000,Amaze Base,cardekho_sales,4.0
Jazz,Base,2016,10,16002,Petrol,Manual,first,660000,Jazz Base,cardekho_sales,6.6
Amaze,Base,2015,11,40026,Petrol,Manual,first,400000,Amaze Base,cardekho_sales,4.0
Jazz,Base,2017,9,21200,Petrol,Manual,first,650000,Jazz Base,cardekho_sales,6.5
Amaze,Base,2014,12,35000,Petrol,Manual,first,365000,Amaze Base,cardekho_sales,3.65
City,Base,2016,10,19434,Diesel,Manual,first,835000,City Base,cardekho_sales,8.35
Brio,Base,2017,9,19000,Petrol,Manual,first,480000,Brio Base,cardekho_sales,4.8
City,Base,2015,11,18828,Petrol,Manual,first,670000,City Base,cardekho_sales,6.7
City,Base,2011,15,69341,Petrol,Manual,first,410000,City Base,cardekho_sales,4.1
City,Base,2009,17,69562,Petrol,Manual,first,300000,City Base,cardekho_sales,3.0
City,Base,2015,11,27600,Petrol,Manual,first,750000,City Base,cardekho_sales,7.5
Jazz,Base,2010,16,61203,Petrol,Manual,first,225000,Jazz Base,cardekho_sales,2.25
Brio,Base,2014,12,16500,Petrol,Manual,first,530000,Brio Base,cardekho_sales,5.3
City,Base,2016,10,30753,Petrol,Automatic,first,1090000,City Base,cardekho_sales,10.9
City,Base,2015,11,24800,Petrol,Manual,first,865000,City Base,cardekho_sales,8.65
City,Base,2015,11,21780,Petrol,Manual,first,970000,City Base,cardekho_sales,9.7
Jazz,Base,2016,10,4000,Petrol,Manual,first,600000,Jazz Base,cardekho_sales,6.0
City,Base,2014,12,40126,Petrol,Manual,first,625000,City Base,cardekho_sales,6.25
Brio,Base,2015,11,14465,Petrol,Manual,first,525000,Brio Base,cardekho_sales,5.25
City,Base,2006,20,50456,Petrol,Manual,first,210000,City Base,cardekho_sales,2.1
City,Base,2014,12,63000,Diesel,Manual,first,825000,City Base,cardekho_sales,8.25
City,Base,2016,10,9010,Petrol,Manual,first,899000,City Base,cardekho_sales,8.99
Brio,Base,2013,13,9800,Petrol,Manual,first,350000,Brio Base,cardekho_sales,3.5
Jazz,Base,2016,10,15059,Petrol,Automatic,first,740000,Jazz Base,cardekho_sales,7.4
Jazz,Base,2016,10,28569,Petrol,Manual,first,565000,Jazz Base,cardekho_sales,5.65
Amaze,Base,2015,11,44000,Petrol,Automatic,first,575000,Amaze Base,cardekho_sales,5.75
City,Base,2015,11,34000,Petrol,Manual,first,840000,City Base,cardekho_sales,8.4
City,Base,2016,10,10980,Petrol,Manual,first,1011000,City Base,cardekho_sales,10.11
Amaze,Base,2014,12,19000,Petrol,Manual,first,450000,Amaze Base,cardekho_sales,4.5
Brio,Base,2015,11,31427,Petrol,Manual,first,540000,Brio Base,cardekho_sales,5.4
Jazz,Base,2016,10,12000,Petrol,Manual,first,640000,Jazz Base,cardekho_sales,6.4
City,Base,2010,16,38000,Petrol,Manual,first,325000,City Base,cardekho_sales,3.25
Amaze,Base,2014,12,33019,Petrol,Manual,first,375000,Amaze Base,cardekho_sales,3.75
City,Base,2015,11,60076,Diesel,Manual,first,855000,City Base,cardekho_sales,8.55
City,Base,2016,10,33988,Diesel,Manual,first,950000,City Base,cardekho_sales,9.5
Brio,Base,2015,11,60000,Petrol,Manual,first,400000,Brio Base,cardekho_sales,4.0
City,Base,2009,17,87934,Petrol,Manual,first,335000,City Base,cardekho_sales,3.35
City,Base,2017,9,9000,Diesel,Manual,first,1150000,City Base,cardekho_sales,11.5
Brio,Base,2016,10,5464,Petrol,Manual,first,530000,Brio Base,cardekho_sales,5.3
